customer_id,age,age_group,annual_income,credit_score,loan_amount,employment_years,existing_debt,monthly_expenses,previous_defaults,late_payments,savings,loan_term_months,employment_type,debt_to_income,expense_ratio,savings_ratio,credit_risk
C00001,25,21-30,36673.59,662.0,101480.08,10.0,18373.13,5000.0,0,3,19385.2,36,Salaried,3.2681,1.6361,0.5286,High
C00002,55,46-65,28537.64,661.0,80333.65,6.2,25708.19,5000.0,0,2,8029.96,24,Self-employed,3.7159,2.1025,0.2814,Medium
C00003,50,46-65,136771.81,561.0,472728.53,18.1,179521.75,7199.75,0,1,87963.89,36,Self-employed,4.7689,0.6317,0.6431,High
C00004,40,31-45,246345.15,675.0,31405.01,17.7,250538.59,13816.22,0,0,6217.89,48,Self-employed,1.1445,0.673,0.0252,Low
C00005,40,31-45,50035.12,525.0,162158.88,5.5,62224.59,5000.0,1,1,22367.02,36,Self-employed,4.4845,1.1992,0.447,High
C00006,59,46-65,31442.31,654.0,14642.18,25.4,8941.42,5000.0,0,5,4973.06,60,Self-employed,0.7501,1.9083,0.1582,High
C00007,24,21-30,18993.15,698.0,29741.44,3.9,18691.81,5000.0,0,2,0.0,36,Salaried,2.55,3.159,0.0,Medium
C00008,52,46-65,56833.59,687.0,60631.78,7.9,29264.87,5000.0,0,1,27790.76,36,Self-employed,1.5818,1.0557,0.489,Low
C00009,30,21-30,54619.24,649.0,120656.53,6.8,693.15,5000.0,1,2,29575.38,24,Business,2.2217,1.0985,0.5415,Medium
C00010,25,21-30,45430.08,674.0,15439.81,5.8,35355.54,5000.0,2,3,5179.86,24,Self-employed,1.1181,1.3207,0.114,Medium
C00011,44,31-45,73416.13,621.0,66561.94,17.7,60128.22,5000.0,0,2,6924.14,12,Salaried,1.7256,0.8173,0.0943,Low
C00012,64,46-65,80780.25,681.0,91310.88,4.8,21735.66,5000.0,0,4,31139.73,48,Salaried,1.3994,0.7428,0.3855,Low
C00013,54,46-65,77640.02,684.0,246283.1,7.1,143294.03,5000.0,0,0,12678.07,36,Salaried,5.0177,0.7728,0.1633,Medium
C00014,55,46-65,54626.47,612.0,112510.83,6.9,4383.12,5000.0,0,2,22913.77,60,Salaried,2.1399,1.0984,0.4195,Medium
C00015,53,46-65,35463.19,700.0,93646.08,3.9,39001.02,5000.0,0,2,13163.29,24,Self-employed,3.7404,1.6919,0.3712,Medium
C00016,56,46-65,93746.61,700.0,207130.42,8.2,88257.38,5000.0,0,1,57236.84,48,Salaried,3.1509,0.64,0.6105,Low
C00017,44,31-45,65448.91,668.0,98707.48,16.9,97474.26,5000.0,0,4,12172.18,36,Salaried,2.9975,0.9167,0.186,Medium
C00018,26,21-30,105951.76,850.0,12182.07,13.2,79798.1,5859.21,0,2,38562.51,60,Self-employed,0.8681,0.6636,0.364,Low
C00019,58,46-65,100376.57,669.0,47654.87,5.2,97276.28,5000.0,0,1,19990.12,24,Self-employed,1.4439,0.5977,0.1992,Low
C00020,41,31-45,29737.78,659.0,34552.55,19.8,7827.25,5000.0,0,1,7987.94,48,Self-employed,1.4251,2.0176,0.2686,Low
C00021,43,31-45,29534.68,648.0,93976.29,10.8,61873.17,5000.0,1,2,882.03,60,Business,5.2768,2.0315,0.0299,High
C00022,37,31-45,42898.63,607.0,44962.72,19.3,45624.02,5000.0,0,0,7460.24,36,Self-employed,2.1116,1.3986,0.1739,Low
C00023,29,21-30,36358.98,731.0,95081.72,24.5,0.0,5000.0,0,1,16493.6,36,Self-employed,2.6151,1.6502,0.4536,Low
C00024,62,46-65,98472.34,629.0,275586.92,10.3,139746.51,5037.28,0,1,64479.56,60,Salaried,4.2178,0.6139,0.6548,Medium
C00025,56,46-65,78854.75,637.0,255456.1,3.5,7386.19,5215.93,0,1,40472.35,48,Business,3.3332,0.7938,0.5133,Medium
C00026,49,46-65,118977.98,640.0,146221.17,10.1,109997.11,5631.98,0,1,28095.7,36,Salaried,2.1535,0.568,0.2361,Low
C00027,39,31-45,80838.64,606.0,259389.16,7.8,58040.75,5000.0,0,2,48049.81,36,Business,3.9267,0.7422,0.5944,High
C00028,58,46-65,72904.08,549.0,159431.43,29.0,92364.39,5000.0,0,3,36364.84,12,Business,3.4538,0.823,0.4988,High
C00029,45,31-45,125742.81,645.0,212336.43,10.4,248621.83,6175.14,0,1,75096.29,60,,3.6659,0.5893,0.5972,Medium
C00030,40,31-45,84161.48,746.0,223114.64,12.9,55026.39,5000.0,1,0,39810.55,24,Salaried,3.3048,0.7129,0.473,Medium
C00031,41,31-45,67480.78,695.0,66790.84,14.0,88256.33,5000.0,0,2,37464.88,60,Self-employed,2.2976,0.8891,0.5552,Low
C00032,31,31-45,146736.2,797.0,431002.15,14.7,178685.66,5000.0,0,1,74117.69,36,Salaried,4.155,0.4089,0.5051,Low
C00033,25,21-30,69250.94,736.0,155180.14,4.1,25768.42,5000.0,0,2,3462.04,36,Self-employed,2.6129,0.8664,0.05,Low
C00034,45,31-45,54981.67,719.0,182175.25,4.7,,5000.0,2,1,15353.81,60,Salaried,4.3097,1.0913,0.2793,High
C00035,60,46-65,41000.51,821.0,126823.87,4.2,70587.38,5000.0,0,3,17559.57,60,Salaried,4.8148,1.4634,0.4283,Low
C00036,23,21-30,95684.02,673.0,199504.48,6.8,113768.28,5000.0,0,0,63813.46,24,Self-employed,3.274,0.6271,0.6669,Medium
C00037,59,46-65,128350.53,685.0,47919.56,15.0,90876.71,5000.0,0,0,40408.39,60,Self-employed,1.0814,0.4675,0.3148,Low
C00038,58,46-65,63216.43,679.0,60008.55,5.4,63706.32,5000.0,0,0,44102.62,12,Salaried,1.957,0.9491,0.6976,Low
C00039,33,31-45,133451.87,,415832.85,3.7,188473.11,5876.03,0,1,17970.78,36,Salaried,4.5283,0.5284,0.1347,Low
C00040,49,46-65,21996.4,680.0,40206.19,8.9,0.0,5000.0,0,0,12105.67,36,Salaried,1.8279,2.7277,0.5503,Low
C00041,28,21-30,63047.47,631.0,183870.71,12.4,28860.19,5000.0,0,1,14135.91,24,Salaried,3.3741,0.9517,0.2242,High
C00042,55,46-65,63582.3,724.0,101063.7,9.6,68369.64,5000.0,0,0,30722.62,36,Salaried,2.6648,0.9437,0.4832,Low
C00043,52,46-65,43577.47,619.0,77621.26,6.4,5787.75,5000.0,0,0,20898.13,36,Salaried,1.914,1.3769,0.4796,Low
C00044,36,31-45,241172.11,720.0,500000.0,20.2,350000.0,9605.01,0,2,35071.98,12,Salaried,3.5245,0.4779,0.1454,Low
C00045,24,21-30,62676.17,711.0,159222.13,7.6,14728.36,5000.0,0,1,32621.48,24,Salaried,2.7754,0.9573,0.5205,Low
C00046,64,46-65,51942.4,666.0,57882.8,5.1,16489.09,5000.0,0,0,27408.72,48,Salaried,1.4318,1.1551,0.5277,Low
C00047,41,31-45,65934.8,722.0,10092.18,13.4,90056.45,5000.0,1,0,47708.9,36,Salaried,1.5189,0.91,0.7236,Low
C00048,61,46-65,21603.16,568.0,95856.26,9.4,8069.37,5000.0,0,1,0.0,48,Salaried,4.8107,2.7774,0.0,High
C00049,51,46-65,42796.65,692.0,127497.68,6.7,21343.59,5000.0,0,1,19418.11,60,Salaried,3.4779,1.402,0.4537,Medium
C00050,56,46-65,111627.7,645.0,190248.04,12.8,81862.67,5793.44,0,1,50481.45,36,Business,2.4377,0.6228,0.4522,Low
C00051,55,46-65,45991.99,850.0,96929.2,35.0,68221.61,5000.0,1,0,8016.18,24,Self-employed,3.5909,1.3046,0.1743,Low
C00052,29,21-30,41202.79,692.0,29533.04,1.2,18917.36,5000.0,1,0,13724.09,24,Self-employed,1.1759,1.4562,0.3331,Low
C00053,37,31-45,133570.09,635.0,231727.69,10.6,,6409.73,1,0,1647.48,36,Self-employed,2.9556,0.5759,0.0123,Medium
C00054,42,31-45,135846.72,577.0,99225.9,7.7,231073.67,7111.47,0,1,77482.17,24,Salaried,2.4314,0.6282,0.5704,Medium
C00055,43,31-45,86377.91,778.0,77531.53,4.8,78155.91,5000.0,0,0,160.92,12,Salaried,1.8024,0.6946,0.0019,Low
C00056,22,21-30,50606.13,654.0,160925.03,19.7,0.0,5000.0,1,0,4019.23,24,Salaried,3.18,1.1856,0.0794,High
C00057,45,31-45,56978.74,621.0,65002.66,23.1,32789.98,5000.0,1,2,22811.81,12,Self-employed,1.7163,1.053,0.4004,Medium
C00058,27,21-30,41766.93,705.0,111467.01,8.5,50278.9,5000.0,1,1,19862.95,48,Self-employed,3.8726,1.4365,0.4756,High
C00059,54,46-65,37609.7,729.0,62894.15,12.6,9013.13,5000.0,0,0,0.0,60,Self-employed,1.9119,1.5953,0.0,Low
C00060,51,46-65,36596.7,728.0,24080.07,7.4,19761.63,5000.0,0,0,19220.35,36,Salaried,1.198,1.6395,0.5252,Low
C00061,62,46-65,46268.31,681.0,49996.02,9.3,68960.59,5000.0,0,1,22984.99,36,Salaried,2.571,1.2968,0.4968,Low
C00062,54,46-65,36792.38,692.0,24353.22,11.3,64526.62,5000.0,1,2,9221.14,36,Business,2.4157,1.6308,0.2506,Medium
C00063,37,31-45,27504.5,697.0,65943.35,13.3,47364.54,5000.0,1,1,18781.62,36,Business,4.1196,2.1815,0.6829,High
C00064,64,46-65,73336.52,705.0,219165.49,3.1,97430.56,5000.0,0,2,28577.63,36,Business,4.317,0.8181,0.3897,Medium
C00065,39,31-45,73951.9,712.0,195046.93,8.1,40414.64,5000.0,0,1,29860.49,12,Salaried,3.184,0.8113,0.4038,Medium
C00066,35,31-45,165641.08,762.0,462221.86,13.9,127514.64,10710.25,0,1,107792.18,36,Self-employed,3.5603,0.7759,0.6508,Low
C00067,61,46-65,45006.24,684.0,121862.64,5.6,50153.5,5000.0,0,1,10963.75,24,Salaried,3.8221,1.3331,0.2436,Medium
C00068,37,31-45,76496.32,619.0,224617.94,2.7,88045.47,5000.0,0,2,47956.57,36,Salaried,4.0873,0.7844,0.6269,Medium
C00069,24,21-30,77198.44,669.0,163301.65,4.4,28491.12,5454.7,0,0,55911.24,60,Salaried,2.4844,0.8479,0.7243,Low
C00070,42,31-45,56530.29,737.0,147206.73,9.0,20254.62,5000.0,0,2,20983.67,48,Self-employed,2.9623,1.0614,0.3712,Low
C00071,56,46-65,97882.79,546.0,151158.92,14.1,114768.72,5000.0,0,3,45684.03,36,Business,2.7168,0.613,0.4667,Medium
C00072,29,21-30,99560.28,546.0,27620.52,7.3,89657.97,5000.0,1,2,32519.81,48,Salaried,1.178,0.6026,0.3266,Low
C00073,41,31-45,77825.05,749.0,189131.26,2.0,58718.79,5381.87,0,0,37390.78,48,Salaried,3.1847,0.8298,0.4804,Low
C00074,26,21-30,56474.29,794.0,148619.91,14.3,8948.84,5000.0,1,1,15833.58,60,Salaried,2.7901,1.0624,0.2804,Low
C00075,51,46-65,53396.53,585.0,41512.06,12.7,47583.35,5000.0,0,0,18371.9,36,Business,1.6686,1.1237,0.3441,Low
C00076,42,31-45,30634.37,688.0,104381.04,14.1,27082.19,5000.0,1,1,9450.04,24,Self-employed,4.2914,1.9586,0.3085,High
C00077,35,31-45,41726.34,650.0,5000.0,4.8,8018.91,5000.0,0,1,0.0,36,Salaried,0.312,1.4379,0.0,Low
C00078,31,31-45,46167.83,660.0,125264.53,7.0,57809.3,5000.0,0,2,36049.5,48,Salaried,3.9654,1.2996,0.7808,Medium
C00079,46,46-65,35029.93,703.0,124166.49,17.3,49517.51,5000.0,0,0,5557.35,36,Salaried,4.9582,1.7128,0.1586,Medium
C00080,51,46-65,82793.16,583.0,81886.97,0.9,149173.04,5000.0,0,2,27640.35,24,Business,2.7908,0.7247,0.3338,Medium
C00081,63,46-65,125528.47,597.0,403212.66,7.0,65589.33,5358.61,0,0,43941.85,24,Salaried,3.7346,0.5123,0.3501,Medium
C00082,40,31-45,39446.8,657.0,99911.23,2.6,0.0,5000.0,0,0,10851.15,36,Salaried,2.5328,1.521,0.2751,Low
C00083,28,21-30,75965.56,669.0,182148.84,4.4,33865.56,5000.0,0,2,16209.62,36,Salaried,2.8436,0.7898,0.2134,Medium
C00084,58,46-65,36804.72,596.0,117180.3,15.7,49388.37,5000.0,0,2,4852.78,36,Salaried,4.5257,1.6302,0.1319,High
C00085,49,46-65,54964.09,739.0,156645.12,8.0,6034.72,5000.0,0,1,22666.63,36,Self-employed,2.9597,1.0916,0.4124,Low
C00086,52,46-65,44465.16,649.0,88140.23,3.7,85634.25,5000.0,0,2,19409.87,60,Salaried,3.9081,1.3494,0.4365,High
C00087,25,21-30,90507.24,648.0,232363.11,12.0,97188.24,5000.0,0,2,14608.41,24,Salaried,3.6412,0.6629,0.1614,Medium
C00088,35,31-45,44748.31,701.0,74531.62,5.8,62974.86,5000.0,0,2,26341.9,24,Salaried,3.0729,1.3408,0.5887,Medium
C00089,55,46-65,113386.29,670.0,142468.85,7.7,57206.5,5699.36,0,1,46071.13,24,Salaried,1.761,0.6032,0.4063,Low
C00090,58,46-65,56783.22,743.0,33116.47,9.9,53341.83,5000.0,1,1,36531.33,36,Salaried,1.5226,1.0567,0.6433,Low
C00091,40,31-45,45472.39,610.0,58008.13,19.7,8101.21,5000.0,1,0,30926.56,60,Salaried,1.4538,1.3195,0.6801,Low
C00092,57,46-65,32624.69,575.0,97382.22,9.9,34995.38,5000.0,0,1,4122.72,36,Business,4.0576,1.8391,0.1264,High
C00093,58,46-65,74712.67,657.0,259608.6,6.6,93798.58,5000.0,0,1,36218.05,60,Business,4.7302,0.8031,0.4848,Medium
C00094,38,31-45,106352.32,685.0,370374.4,11.6,177477.67,5000.0,1,0,64131.47,48,Self-employed,5.1513,0.5642,0.603,Medium
C00095,61,46-65,75543.9,587.0,76025.31,12.1,75835.36,5000.0,0,0,0.0,24,Salaried,2.0102,0.7942,0.0,Low
C00096,33,31-45,222681.99,576.0,461507.63,6.2,350000.0,15011.47,1,1,166000.99,36,Salaried,3.6442,0.8089,0.7455,High
C00097,31,31-45,142703.69,694.0,313567.0,8.0,123296.96,5370.45,0,2,91663.6,36,Salaried,3.0613,0.4516,0.6423,Low
C00098,51,46-65,54885.38,623.0,38519.65,8.6,,5000.0,0,0,10555.72,60,Business,1.7244,1.0932,0.1923,Low
C00099,49,46-65,54569.34,571.0,135688.2,17.6,31172.78,5000.0,0,2,22470.52,36,Business,3.0578,1.0995,0.4118,Medium
C00100,27,21-30,84160.06,752.0,120636.06,1.0,24708.5,5000.0,0,1,20386.04,48,Self-employed,1.727,0.7129,0.2422,Low
C00101,58,46-65,40996.09,633.0,131737.13,11.2,7740.83,5000.0,0,2,16101.0,60,Salaried,3.4022,1.4636,0.3927,High
C00102,29,21-30,123451.19,766.0,112268.18,14.9,15331.57,7584.61,0,0,22678.16,48,Salaried,1.0336,0.7373,0.1837,Low
C00103,57,46-65,79302.33,682.0,225633.58,17.3,35009.64,5000.0,0,0,37987.92,36,Self-employed,3.2867,0.7566,0.479,Low
C00104,21,21-30,74846.52,702.0,226507.23,2.4,32349.0,5000.0,0,1,20947.5,12,Business,3.4585,0.8016,0.2799,Low
C00105,56,46-65,94841.95,664.0,247140.82,2.4,41645.18,5000.0,0,0,2941.1,36,Self-employed,3.0449,0.6326,0.031,Low
C00106,56,46-65,167660.94,481.0,132986.09,5.5,216115.22,5615.95,0,1,1726.55,36,Salaried,2.0822,0.402,0.0103,Medium
C00107,56,46-65,71408.2,595.0,85923.64,13.5,71305.22,5000.0,0,3,9865.13,24,Business,2.2018,0.8402,0.1382,Medium
C00108,50,46-65,61081.87,671.0,208983.78,16.0,97727.09,5000.0,0,0,37496.19,24,Salaried,5.0213,0.9823,0.6139,Low
C00109,42,31-45,149035.28,707.0,60915.83,2.1,85542.38,8164.45,2,0,59859.32,48,Salaried,0.9827,0.6574,0.4016,Low
C00110,52,46-65,110668.58,546.0,48354.82,10.1,34237.28,5000.0,0,2,1558.82,12,Business,0.7463,0.5422,0.0141,Low
C00111,33,31-45,54480.8,676.0,179081.17,15.5,91412.59,5000.0,1,2,37585.76,24,Self-employed,4.9649,1.1013,0.6899,High
C00112,56,46-65,65185.68,596.0,157226.27,6.4,111234.26,5000.0,0,1,6336.41,48,Salaried,4.1184,0.9204,0.0972,High
C00113,46,46-65,72373.98,698.0,207997.01,10.7,45347.23,5000.0,0,1,46238.5,36,Salaried,3.5005,0.829,0.6389,Low
C00114,41,31-45,79311.6,679.0,40285.79,3.3,3781.75,5000.0,0,0,34739.8,36,Business,0.5556,0.7565,0.438,Low
C00115,43,31-45,30822.88,736.0,41690.58,12.6,42662.59,5000.0,0,0,12139.7,24,Self-employed,2.7367,1.9466,0.3939,Low
C00116,46,46-65,27827.39,760.0,96683.2,7.6,28569.0,5000.0,1,1,18132.09,12,Salaried,4.501,2.1561,0.6516,Medium
C00117,22,21-30,39897.86,714.0,53816.47,7.1,67604.16,5000.0,0,3,25462.73,36,Salaried,3.0433,1.5038,0.6382,Medium
C00118,27,21-30,38236.14,745.0,31634.28,10.4,19973.95,5000.0,0,1,5792.36,36,Self-employed,1.3497,1.5692,0.1515,Low
C00119,32,31-45,45617.16,654.0,11917.9,1.8,11497.36,5000.0,0,0,2336.68,60,Business,0.5133,1.3153,0.0512,Low
C00120,26,21-30,92155.57,850.0,215554.38,5.7,66123.0,5368.51,0,2,56138.74,12,Salaried,3.0565,0.6991,0.6092,Low
C00121,40,31-45,59232.85,589.0,68184.47,15.5,64748.55,5000.0,0,1,13015.09,24,Salaried,2.2442,1.013,0.2197,Low
C00122,51,46-65,72414.34,640.0,204943.39,2.1,2079.81,5000.0,0,3,15871.0,24,Salaried,2.8589,0.8286,0.2192,Medium
C00123,50,46-65,33149.26,,43788.98,2.3,3306.04,5000.0,1,0,23291.15,24,Salaried,1.4207,1.81,0.7026,Low
C00124,42,31-45,50424.85,736.0,37391.84,6.2,68335.49,5000.0,1,2,31203.02,48,Salaried,2.0967,1.1899,0.6188,Medium
C00125,59,46-65,89781.5,717.0,314054.67,8.5,13775.82,5000.0,0,0,45854.17,36,Self-employed,3.6514,0.6683,0.5107,Low
C00126,46,46-65,90162.28,731.0,292438.1,10.0,29949.62,6277.19,0,0,45641.27,48,Self-employed,3.5756,0.8355,0.5062,Low
C00127,24,21-30,43635.53,524.0,99388.02,25.0,29845.15,5000.0,0,1,954.23,36,Salaried,2.9617,1.375,0.0219,High
C00128,55,46-65,71044.15,799.0,235531.38,10.2,139742.24,5000.0,1,0,43611.9,36,Salaried,5.2823,0.8445,0.6139,Low
C00129,46,46-65,217838.42,665.0,141330.11,11.1,350000.0,9837.01,0,2,84098.93,48,Self-employed,2.2555,0.5419,0.3861,Low
C00130,49,46-65,64373.91,773.0,85401.36,17.4,19971.63,5000.0,0,1,20634.77,60,Business,1.6369,0.9321,0.3205,Low
C00131,46,46-65,44395.34,527.0,38996.01,4.6,53089.66,5000.0,0,2,10570.08,12,Salaried,2.0742,1.3515,0.2381,High
C00132,45,31-45,59075.6,699.0,112564.18,11.4,101076.42,5000.0,0,0,29723.32,48,Salaried,3.6164,1.0156,0.5031,Low
C00133,25,21-30,68380.29,638.0,190206.02,13.4,81932.96,5000.0,0,1,34023.77,12,Salaried,3.9798,0.8774,0.4976,Medium
C00134,46,46-65,59814.29,723.0,183758.35,12.2,28247.22,5000.0,0,2,36043.09,36,Business,3.5444,1.0031,0.6026,Medium
C00135,56,46-65,63888.68,704.0,14508.27,10.0,88807.34,5000.0,1,1,19586.21,36,Salaried,1.6171,0.9391,0.3066,Low
C00136,34,31-45,29385.21,707.0,42855.63,9.5,45509.35,5000.0,0,1,15440.42,36,Salaried,3.0071,2.0418,0.5254,Low
C00137,48,46-65,38280.5,601.0,134580.74,3.8,38582.87,5000.0,0,3,11452.65,36,Salaried,4.5235,1.5674,0.2992,High
C00138,22,21-30,59874.63,676.0,140677.38,6.7,60561.54,5000.0,0,0,21355.69,24,Business,3.361,1.0021,0.3567,Medium
C00139,36,31-45,59352.24,666.0,58152.97,21.4,32233.37,5000.0,0,0,5615.16,48,Salaried,1.5229,1.0109,0.0946,Low
C00140,40,31-45,47607.16,717.0,76909.88,5.6,61696.01,5000.0,0,0,30355.13,36,Salaried,2.9115,1.2603,0.6376,Medium
C00141,65,46-65,58970.06,754.0,60759.1,8.9,27556.68,5000.0,0,2,30203.06,36,Salaried,1.4976,1.0175,0.5122,Low
C00142,30,21-30,67218.29,691.0,102925.73,8.5,33157.13,5000.0,1,1,28252.01,36,Salaried,2.0245,0.8926,0.4203,Low
C00143,33,31-45,106013.31,584.0,185718.2,11.4,72415.41,6586.56,0,1,11245.73,36,Salaried,2.4349,0.7456,0.1061,Low
C00144,39,31-45,61548.21,688.0,101642.3,8.5,62648.01,5000.0,0,1,2455.06,36,Salaried,2.6693,0.9748,0.0399,Low
C00145,65,46-65,,850.0,135701.1,7.5,100514.39,5000.0,0,0,31272.35,12,Business,2.9179,0.7412,0.3863,Low
C00146,59,46-65,48255.37,803.0,114284.39,15.2,50968.47,5000.0,0,3,23137.19,36,Salaried,3.4245,1.2434,0.4795,Low
C00147,22,21-30,89035.92,457.0,31959.17,10.2,139484.88,5000.0,0,0,9958.96,60,Salaried,1.9256,0.6739,0.1119,Medium
C00148,31,31-45,79921.02,685.0,19188.44,9.5,73486.13,5337.56,0,0,26597.89,48,Salaried,1.1596,0.8014,0.3328,Low
C00149,57,46-65,104646.36,750.0,140148.9,5.9,111193.35,6738.4,0,4,45178.83,48,,2.4018,0.7727,0.4317,Low
C00150,23,21-30,96234.75,666.0,298027.19,6.8,122244.22,5000.0,0,0,42224.53,24,Salaried,4.3671,0.6235,0.4388,Medium
C00151,59,46-65,89854.52,645.0,264648.13,10.5,54154.01,5000.0,0,3,36957.47,36,Salaried,3.548,0.6677,0.4113,Medium
C00152,33,31-45,61575.11,660.0,21941.91,16.1,28405.77,5000.0,0,2,13999.51,48,Self-employed,0.8177,0.9744,0.2274,Low
C00153,62,46-65,74373.81,721.0,123822.63,19.6,76551.7,5000.0,2,1,29971.83,12,Self-employed,2.6942,0.8067,0.403,Medium
C00154,34,31-45,116666.24,594.0,260925.45,11.0,161812.97,5000.0,1,1,21946.69,24,Self-employed,3.6235,0.5143,0.1881,Medium
C00155,40,31-45,45410.63,769.0,63201.44,27.8,59334.4,5000.0,0,2,0.0,36,Salaried,2.6984,1.3213,0.0,Low
C00156,50,46-65,46005.59,676.0,105298.16,7.2,22423.03,5000.0,0,0,24951.66,48,Salaried,2.7762,1.3042,0.5424,Medium
C00157,26,21-30,71820.83,610.0,249863.53,7.2,133245.91,5000.0,0,0,16826.53,24,Business,5.3342,0.8354,0.2343,High
C00158,46,46-65,81678.52,764.0,38311.12,18.1,148941.39,5000.0,0,1,7913.71,36,Business,2.2926,0.7346,0.0969,Low
C00159,43,31-45,41311.0,564.0,63896.15,9.8,21922.12,5000.0,0,1,27091.01,36,Salaried,2.0774,1.4524,0.6558,Medium
C00160,56,46-65,62381.44,638.0,119968.9,6.0,117390.07,5000.0,0,0,13389.33,36,Salaried,3.805,0.9618,0.2146,Medium
C00161,65,46-65,61724.93,637.0,131084.25,8.7,57551.9,5000.0,0,3,25036.27,36,Self-employed,3.0561,0.9721,0.4056,Medium
C00162,50,46-65,19220.61,841.0,7009.07,4.2,4639.83,5000.0,0,5,1496.95,48,Salaried,0.6061,3.1216,0.0779,Low
C00163,39,31-45,57605.07,629.0,148436.69,7.8,75317.44,5000.0,0,3,7991.73,24,Salaried,3.8843,1.0416,0.1387,High
C00164,39,31-45,59612.33,518.0,21192.85,3.8,14910.5,5000.0,0,0,190.59,48,Business,0.6056,1.0065,0.0032,Low
C00165,39,31-45,59514.87,636.0,146639.99,4.2,66829.38,5000.0,0,2,42760.73,60,Salaried,3.5868,1.0082,0.7185,High
C00166,57,46-65,141618.97,714.0,352069.14,10.4,216600.32,9557.83,0,0,80559.54,12,Salaried,4.0155,0.8099,0.5688,Low
C00167,35,31-45,33304.69,739.0,36628.06,1.3,16588.01,5000.0,0,0,14414.11,36,Salaried,1.5979,1.8015,0.4328,Low
C00168,28,21-30,41299.27,850.0,144812.83,3.8,,5000.0,0,1,27758.74,24,Self-employed,3.9282,1.4528,0.6721,Low
C00169,36,31-45,18000.0,786.0,47807.52,5.0,22098.3,5000.0,0,2,14933.84,36,Salaried,3.8837,3.3333,0.8297,Low
C00170,22,21-30,49893.12,694.0,103904.54,6.6,42527.71,5000.0,0,2,13428.37,48,Salaried,2.9349,1.2026,0.2691,Medium
C00171,25,21-30,52288.86,613.0,176533.45,12.7,59651.39,5000.0,0,4,25958.77,36,Salaried,4.5169,1.1475,0.4964,High
C00172,25,21-30,49102.0,802.0,139699.77,6.5,56593.38,5000.0,1,2,9360.52,24,Salaried,3.9977,1.2219,0.1906,Medium
C00173,55,46-65,119535.07,652.0,71582.45,20.9,188485.61,5000.0,0,2,65554.42,24,Salaried,2.1757,0.5019,0.5484,Low
C00174,53,46-65,104347.52,631.0,217246.26,5.5,112597.73,5000.0,0,2,3550.31,48,Salaried,3.161,0.575,0.034,Medium
C00175,52,46-65,67843.83,649.0,152910.21,1.4,64252.6,5000.0,1,0,3026.97,12,Salaried,3.2009,0.8844,0.0446,Medium
C00176,41,31-45,53013.69,586.0,111334.47,4.0,68186.79,5000.0,1,1,29690.95,60,Self-employed,3.3863,1.1318,0.5601,High
C00177,53,46-65,114296.0,645.0,376980.72,10.3,127433.88,6146.2,0,5,37467.25,12,Salaried,4.4132,0.6453,0.3278,High
C00178,28,21-30,64297.48,663.0,116521.25,4.1,11535.75,5000.0,0,2,12719.02,24,Self-employed,1.9916,0.9332,0.1978,Low
C00179,61,46-65,41443.82,735.0,15713.62,5.4,30717.05,5000.0,0,2,10868.5,36,Salaried,1.1203,1.4477,0.2622,Low
C00180,43,31-45,25291.05,651.0,54088.0,18.0,13505.05,5000.0,0,0,15854.07,48,Salaried,2.6726,2.3724,0.6269,Low
C00181,63,46-65,50991.77,585.0,127182.24,21.5,50948.52,5000.0,0,0,0.0,48,Self-employed,3.4933,1.1767,0.0,High
C00182,27,21-30,98439.41,560.0,138704.23,2.9,17922.57,5000.0,2,5,44256.66,24,Salaried,1.5911,0.6095,0.4496,High
C00183,43,31-45,227348.38,696.0,42296.29,7.5,176754.62,8237.48,0,0,125545.78,48,Salaried,0.9635,0.4348,0.5522,Low
C00184,52,46-65,67240.31,685.0,73305.35,10.1,109032.79,5000.0,0,1,12721.89,36,Business,2.7117,0.8923,0.1892,Medium
C00185,43,31-45,42667.68,638.0,90427.53,15.6,71248.62,5000.0,0,2,16909.34,60,Salaried,3.7892,1.4062,0.3963,High
C00186,41,31-45,33874.29,645.0,11520.49,6.4,44263.88,5000.0,1,2,14849.61,36,Salaried,1.6468,1.7713,0.4384,Medium
C00187,28,21-30,88055.07,709.0,118329.94,10.1,135735.07,5000.0,0,0,17351.1,24,Self-employed,2.8853,0.6814,0.197,Low
C00188,38,31-45,24627.12,784.0,31060.2,17.3,44725.74,5000.0,0,1,15244.36,24,Salaried,3.0773,2.4363,0.619,Low
C00189,31,31-45,87977.15,621.0,155877.55,8.9,139427.81,5000.0,0,1,34113.32,60,Business,3.3566,0.682,0.3878,Medium
C00190,34,31-45,101913.93,687.0,67999.31,0.8,165671.41,5000.0,0,1,45348.71,60,Salaried,2.2928,0.5887,0.445,Low
C00191,51,46-65,82627.37,752.0,31500.69,7.4,102991.28,5000.0,0,1,8156.49,36,Self-employed,1.6277,0.7262,0.0987,Low
C00192,49,46-65,57602.93,622.0,150695.3,4.8,89332.6,5000.0,1,1,18660.77,24,Self-employed,4.1669,1.0416,0.324,High
C00193,48,46-65,88686.23,679.0,76627.29,5.0,10459.87,5000.0,0,1,31372.87,48,Salaried,0.982,0.6765,0.3538,Low
C00194,37,31-45,71407.53,677.0,56439.73,5.3,98192.93,5000.0,0,2,4506.71,24,Salaried,2.1655,0.8402,0.0631,Medium
C00195,64,46-65,42369.09,582.0,77335.31,1.3,60898.94,5000.0,0,0,3308.66,60,Salaried,3.2626,1.4161,0.0781,High
C00196,24,21-30,179848.36,693.0,48600.76,20.6,58704.55,9820.05,0,2,78837.11,60,Business,0.5966,0.6552,0.4384,Low
C00197,36,31-45,53568.63,682.0,15040.88,16.2,19106.42,5000.0,0,1,34015.02,36,Salaried,0.6374,1.1201,0.635,Low
C00198,26,21-30,99588.93,722.0,153107.07,22.5,85525.35,5000.0,0,0,66906.87,36,Salaried,2.3962,0.6025,0.6718,Low
C00199,36,31-45,18000.0,591.0,50045.17,29.1,18493.97,5000.0,0,0,12165.39,24,Salaried,3.8077,3.3333,0.6759,Medium
C00200,64,46-65,131163.71,681.0,254156.71,9.8,183799.1,8048.18,0,1,31791.97,36,Self-employed,3.339,0.7363,0.2424,Medium
C00201,37,31-45,145795.85,784.0,500000.0,6.0,153696.61,5000.0,0,0,90965.84,36,Business,4.4836,0.4115,0.6239,Low
C00202,61,46-65,66075.36,836.0,100132.37,11.7,48815.23,5000.0,0,2,43933.94,36,Salaried,2.2542,0.9081,0.6649,Low
C00203,43,31-45,88385.8,776.0,186141.23,12.1,139242.21,5000.0,0,0,61348.09,48,Salaried,3.6814,0.6788,0.6941,Low
C00204,52,46-65,88373.36,592.0,299222.29,5.9,36729.42,5000.0,0,1,53239.07,36,Self-employed,3.8015,0.6789,0.6024,High
C00205,41,31-45,45643.28,714.0,81875.53,5.8,77034.7,5000.0,0,1,0.0,36,Salaried,3.4816,1.3145,0.0,Low
C00206,32,31-45,87821.34,644.0,240789.89,8.2,80588.35,5000.0,1,1,58101.28,24,Salaried,3.6595,0.6832,0.6616,High
C00207,55,46-65,41664.13,701.0,72088.6,5.5,0.0,5000.0,0,1,1557.18,24,Salaried,1.7302,1.4401,0.0374,Low
C00208,64,46-65,46505.52,622.0,118336.93,12.1,45904.18,5000.0,0,2,21852.08,60,Salaried,3.5316,1.2902,0.4699,Medium
C00209,32,31-45,120808.42,551.0,394075.72,3.4,136915.98,7686.84,0,0,53675.68,24,Salaried,4.3953,0.7635,0.4443,High
C00210,56,46-65,111102.03,654.0,15060.28,13.9,173815.09,6669.91,0,1,44921.03,24,Salaried,1.7,0.7204,0.4043,Low
C00211,32,31-45,44074.47,734.0,116245.11,19.2,47596.7,5000.0,0,0,12353.29,48,Salaried,3.7174,1.3613,0.2803,Medium
C00212,53,46-65,43420.01,702.0,77633.63,32.1,53177.26,5000.0,0,0,16047.94,48,Salaried,3.0127,1.3819,0.3696,Low
C00213,56,46-65,45572.71,710.0,95458.72,21.7,27467.57,5000.0,0,2,8873.79,48,Self-employed,2.6974,1.3166,0.1947,Low
C00214,41,31-45,97255.26,696.0,142959.43,31.8,57766.44,5000.0,1,1,56523.32,12,Self-employed,2.0639,0.6169,0.5812,Low
C00215,54,46-65,37502.05,710.0,48301.12,12.3,28664.89,5000.0,1,0,15496.99,36,Salaried,2.0523,1.5999,0.4132,Low
C00216,33,31-45,79089.43,720.0,23999.57,2.9,72263.66,5035.5,0,3,16588.26,36,Salaried,1.2171,0.764,0.2097,Low
C00217,24,21-30,98018.18,659.0,344000.76,9.4,20213.07,6069.63,0,1,33257.15,24,Salaried,3.7158,0.7431,0.3393,Medium
C00218,25,21-30,61920.56,686.0,152845.56,27.6,18644.76,5000.0,0,0,26294.67,24,Salaried,2.7695,0.969,0.4247,Low
C00219,41,31-45,113286.76,811.0,341285.42,21.3,125858.46,7787.05,0,2,12410.07,60,Salaried,4.1236,0.8248,0.1095,Low
C00220,61,46-65,54982.59,691.0,75505.0,7.1,36495.16,5000.0,0,3,37484.52,24,Salaried,2.037,1.0913,0.6818,Low
C00221,26,21-30,57787.16,683.0,78590.48,1.6,76739.12,5000.0,0,2,6704.13,36,Business,2.688,1.0383,0.116,Medium
C00222,41,31-45,37974.0,688.0,42821.86,11.9,26869.74,5000.0,0,1,1901.05,12,Self-employed,1.8352,1.58,0.0501,Low
C00223,52,46-65,113730.86,664.0,94758.22,2.7,82089.47,5357.05,0,0,65219.03,60,Salaried,1.555,0.5652,0.5735,Low
C00224,30,21-30,42640.35,647.0,55975.22,11.6,47118.2,5000.0,0,0,11160.26,12,Salaried,2.4177,1.4071,0.2617,Low
C00225,53,46-65,78788.08,696.0,262734.3,12.6,130654.79,5000.0,0,0,24306.89,24,Salaried,4.993,0.7615,0.3085,Low
C00226,34,31-45,62499.8,642.0,183066.76,20.6,18965.65,5000.0,1,1,43593.15,24,Business,3.2325,0.96,0.6975,High
C00227,57,46-65,36428.69,669.0,69989.36,1.8,9831.08,5000.0,0,2,11723.56,48,Business,2.1911,1.6471,0.3218,High
C00228,47,46-65,46496.66,621.0,55620.56,15.7,0.0,5000.0,0,2,4536.35,48,Salaried,1.1962,1.2904,0.0976,Low
C00229,45,31-45,139068.55,688.0,298035.87,8.2,255636.13,8999.4,1,1,96744.1,60,Self-employed,3.9813,0.7765,0.6957,Medium
C00230,28,21-30,72624.25,724.0,154235.77,24.0,26347.27,5000.0,1,0,34282.74,24,Self-employed,2.4865,0.8262,0.4721,Low
C00231,41,31-45,37313.48,664.0,78069.47,15.0,60561.82,5000.0,0,1,12828.16,24,Self-employed,3.7153,1.608,0.3438,Medium
C00232,59,46-65,76885.54,529.0,143865.95,9.9,83976.23,5109.92,0,0,0.0,36,Salaried,2.9634,0.7975,0.0,High
C00233,21,21-30,59980.8,724.0,7007.08,4.6,73106.42,5000.0,0,3,20966.16,48,Salaried,1.3357,1.0003,0.3495,Low
C00234,55,46-65,350000.0,689.0,141522.99,8.8,192837.52,16466.04,0,2,223000.13,48,Self-employed,0.9553,0.5646,0.6371,Low
C00235,43,31-45,76035.88,606.0,260488.13,18.1,82904.61,5000.0,0,2,28420.08,24,Salaried,4.5162,0.7891,0.3738,Medium
C00236,53,46-65,52722.57,738.0,128997.16,8.9,98085.98,5000.0,0,2,23747.69,48,Salaried,4.3071,1.138,0.4504,Low
C00237,50,46-65,141939.74,575.0,483188.65,8.7,25276.28,8008.78,0,0,40568.39,60,Self-employed,3.5823,0.6771,0.2858,Medium
C00238,40,31-45,23613.47,758.0,28804.55,9.0,5665.03,5000.0,0,0,5972.3,60,Salaried,1.4597,2.5409,0.2529,Low
C00239,34,31-45,68460.94,676.0,147981.05,6.0,103306.18,5000.0,0,1,19145.53,36,Business,3.6705,0.8764,0.2797,Medium
C00240,49,46-65,194673.33,510.0,241574.59,4.3,41399.33,8417.71,0,0,29086.4,36,Salaried,1.4536,0.5189,0.1494,Low
C00241,27,21-30,60975.84,693.0,195504.72,4.8,85952.65,5000.0,0,0,38267.8,24,Self-employed,4.6159,0.984,0.6276,Low
C00242,47,46-65,25054.96,650.0,22999.11,9.5,17025.48,5000.0,1,1,3344.32,24,Self-employed,1.5975,2.3947,0.1335,Medium
C00243,25,21-30,52280.97,638.0,135505.51,16.2,4583.02,5000.0,0,2,11452.21,36,Business,2.6795,1.1476,0.2191,Low
C00244,50,46-65,144657.98,625.0,106867.04,10.4,43046.7,9198.72,1,0,67258.45,12,Salaried,1.0363,0.7631,0.4649,Low
C00245,49,46-65,79935.94,670.0,48759.85,18.4,91740.34,5000.0,0,3,35112.83,24,Salaried,1.7577,0.7506,0.4393,Low
C00246,24,21-30,40977.22,644.0,43557.74,21.5,0.0,5000.0,0,0,25786.95,36,Self-employed,1.063,1.4642,0.6293,Low
C00247,55,46-65,44589.74,541.0,78507.64,28.7,63658.94,5000.0,0,0,4192.59,36,Salaried,3.1883,1.3456,0.094,High
C00248,39,31-45,47777.37,775.0,148473.58,27.2,74931.08,5000.0,0,1,15143.78,48,Salaried,4.676,1.2558,0.317,Medium
C00249,56,46-65,79284.77,662.0,283156.56,3.1,30220.1,5000.0,0,0,23888.92,24,Self-employed,3.9525,0.7568,0.3013,High
C00250,22,21-30,135693.02,625.0,307989.11,13.2,53728.14,5000.0,1,2,41631.47,48,Salaried,2.6657,0.4422,0.3068,Medium
C00251,29,21-30,115957.06,595.0,220343.14,6.7,23816.19,7739.77,0,2,80977.46,48,Self-employed,2.1056,0.801,0.6983,Low
C00252,43,31-45,83529.01,738.0,228586.89,5.0,6952.43,5000.0,0,2,22963.86,24,Salaried,2.8199,0.7183,0.2749,Low
C00253,29,21-30,31248.85,583.0,5521.48,7.8,7885.26,5000.0,0,1,18395.34,36,Self-employed,0.429,1.9201,0.5887,Low
C00254,35,31-45,31312.72,690.0,83563.57,23.0,36564.04,5000.0,0,1,0.0,60,Salaried,3.8364,1.9162,0.0,Medium
C00255,50,46-65,87153.93,636.0,226092.64,18.2,146216.57,5872.14,0,2,47108.77,60,Salaried,4.2719,0.8085,0.5405,Medium
C00256,27,21-30,31012.12,641.0,58621.24,9.6,40733.73,5000.0,1,2,26031.62,24,Self-employed,3.2037,1.9347,0.8394,High
C00257,51,46-65,57416.14,597.0,5455.65,14.6,80379.72,5000.0,0,0,9616.56,48,Salaried,1.495,1.045,0.1675,Low
C00258,25,21-30,76835.75,633.0,67927.25,12.0,106215.16,5000.0,0,1,3428.31,24,Salaried,2.2664,0.7809,0.0446,Low
C00259,28,21-30,34768.46,681.0,48846.84,7.8,58422.39,5000.0,1,0,19010.85,36,Self-employed,3.0852,1.7257,0.5468,High
C00260,47,46-65,37004.63,698.0,123921.01,5.5,6443.58,5000.0,0,2,22426.89,48,Business,3.5229,1.6214,0.6061,Medium
C00261,56,46-65,61720.78,621.0,138540.12,8.8,23881.97,5000.0,1,2,42513.38,60,Salaried,2.6316,0.9721,0.6888,Medium
C00262,28,21-30,85746.47,673.0,160075.4,15.2,58223.16,5338.72,0,0,38829.29,24,Business,2.5459,0.7471,0.4528,Low
C00263,34,31-45,116538.61,747.0,205691.35,24.6,109657.46,7175.52,0,2,33805.12,24,Salaried,2.706,0.7389,0.2901,Low
C00264,62,46-65,90764.36,555.0,258569.97,13.3,142944.86,5000.0,0,3,65874.86,48,Salaried,4.4237,0.6611,0.7258,High
C00265,65,46-65,67687.29,680.0,79113.14,6.3,54502.45,5000.0,0,0,26412.64,48,Salaried,1.974,0.8864,0.3902,Low
C00266,47,46-65,43119.71,609.0,23877.41,4.5,75313.14,5000.0,0,2,5684.04,48,Salaried,2.3004,1.3915,0.1318,High
C00267,41,31-45,36067.36,601.0,74150.61,11.7,21072.2,5000.0,0,1,26374.38,60,Salaried,2.6401,1.6636,0.7313,Medium
C00268,36,31-45,49077.71,700.0,68576.03,1.8,67098.59,5000.0,0,1,15555.84,12,Salaried,2.7645,1.2226,0.317,Medium
C00269,48,46-65,81438.8,639.0,95451.44,35.0,107036.17,5000.0,0,3,20102.43,12,Self-employed,2.4864,0.7367,0.2468,Low
C00270,47,46-65,78220.39,589.0,121763.15,13.1,21066.96,5000.0,0,1,45486.27,60,Self-employed,1.826,0.7671,0.5815,Low
C00271,34,31-45,20479.84,779.0,8337.35,20.5,24067.88,5000.0,0,1,17373.98,36,Salaried,1.5823,2.9297,0.8483,Low
C00272,22,21-30,42193.45,749.0,124430.65,17.5,51117.71,5000.0,0,2,8215.17,48,Salaried,4.1606,1.422,0.1947,Medium
C00273,27,21-30,126073.67,535.0,371811.58,12.9,35160.9,5000.0,0,1,23629.05,24,Self-employed,3.2281,0.4759,0.1874,High
C00274,64,46-65,67894.54,569.0,250590.22,12.4,40843.11,5000.0,0,3,30791.04,36,Salaried,4.2924,0.8837,0.4535,High
C00275,39,31-45,29815.62,725.0,94380.49,15.7,29308.91,5000.0,0,1,16650.79,60,Salaried,4.1485,2.0124,0.5585,Medium
C00276,42,31-45,237481.31,659.0,263699.33,7.3,288087.18,11472.63,1,1,139641.99,48,,2.3235,0.5797,0.588,Medium
C00277,42,31-45,63973.52,793.0,94817.14,9.7,38048.73,5000.0,0,2,39196.05,48,Salaried,2.0769,0.9379,0.6127,Low
C00278,56,46-65,80300.11,726.0,188737.59,16.3,101555.62,5000.0,2,0,5051.89,36,Business,3.6151,0.7472,0.0629,Medium
C00279,23,21-30,80973.82,702.0,24592.54,3.0,74059.45,5000.0,0,0,20840.13,24,Self-employed,1.2183,0.741,0.2574,Low
C00280,24,21-30,53101.74,603.0,180558.22,9.5,23268.84,5000.0,0,2,5886.72,60,Business,3.8384,1.1299,0.1109,High
C00281,33,31-45,43563.59,717.0,5376.88,8.7,10998.12,5000.0,0,0,1953.75,12,Salaried,0.3759,1.3773,0.0448,Low
C00282,42,31-45,208785.73,584.0,415029.34,1.7,186203.97,11736.55,0,1,39029.64,60,Salaried,2.8797,0.6746,0.1869,Medium
C00283,51,46-65,112860.27,778.0,275929.82,13.8,48119.89,6487.08,0,1,57743.59,24,Salaried,2.8712,0.6897,0.5116,Low
C00284,43,31-45,102151.06,712.0,315685.3,11.0,99742.59,5000.0,1,2,65571.98,60,Salaried,4.0668,0.5874,0.6419,Medium
C00285,40,31-45,89241.51,618.0,194964.04,9.5,136723.79,5000.0,0,1,49444.6,24,Self-employed,3.7167,0.6723,0.5541,Medium
C00286,63,46-65,37433.38,740.0,62640.67,18.3,83885.37,5000.0,0,1,20522.18,12,Salaried,3.9143,1.6028,0.5482,High
C00287,28,21-30,131240.15,848.0,177772.55,16.5,76590.74,5000.0,1,3,84856.55,12,Self-employed,1.9382,0.4572,0.6466,Low
C00288,46,46-65,40880.96,664.0,78432.46,17.3,72332.37,5000.0,1,1,16659.85,36,Business,3.6879,1.4677,0.4075,High
C00289,45,31-45,75959.1,721.0,213863.27,8.8,127051.2,5000.0,0,1,6679.15,60,Salaried,4.4881,0.7899,0.0879,Low
C00290,42,31-45,26383.08,648.0,44204.42,7.2,15560.98,5000.0,0,3,12951.94,36,Salaried,2.2653,2.2742,0.4909,Medium
C00291,57,46-65,21155.82,686.0,47629.12,10.8,7223.98,5000.0,1,0,4406.95,36,Self-employed,2.5928,2.8361,0.2083,Medium
C00292,33,31-45,77435.66,567.0,29889.24,12.9,44208.93,5000.0,0,0,7670.97,24,Salaried,0.9569,0.7748,0.0991,Low
C00293,63,46-65,41653.39,680.0,49779.55,14.9,6534.49,5000.0,1,1,17108.42,12,Self-employed,1.352,1.4405,0.4107,Low
C00294,35,31-45,21765.91,683.0,81269.24,4.9,29035.75,5000.0,0,0,6122.28,60,Salaried,5.0678,2.7566,0.2813,Low
C00295,45,31-45,87507.32,815.0,116087.52,12.3,55740.39,5000.0,1,2,29453.08,36,Salaried,1.9636,0.6857,0.3366,Low
C00296,44,31-45,208602.74,545.0,459953.42,19.6,114922.78,7231.02,0,1,64954.81,48,Salaried,2.7558,0.416,0.3114,Medium
C00297,59,46-65,139581.05,659.0,249633.91,5.5,214293.19,5000.0,0,1,59242.33,24,Business,3.3237,0.4299,0.4244,Medium
C00298,40,31-45,56422.19,777.0,173527.04,1.7,99430.1,5000.0,1,1,36358.19,60,Salaried,4.8378,1.0634,0.6444,Medium
C00299,33,31-45,65316.99,662.0,22589.4,0.9,18736.51,5000.0,2,0,19971.23,24,Self-employed,0.6327,0.9186,0.3058,Low
C00300,21,21-30,105913.82,667.0,119368.75,7.1,148563.23,6907.15,0,0,9216.83,24,Salaried,2.5297,0.7826,0.087,Low
C00301,37,31-45,120488.91,618.0,366043.44,4.3,77124.92,5000.0,0,1,35433.41,36,Business,3.6781,0.498,0.2941,High
C00302,58,46-65,53809.1,610.0,116733.08,13.4,37992.98,5000.0,0,0,23650.92,24,Salaried,2.8755,1.1151,0.4395,Low
C00303,21,21-30,66233.41,543.0,117791.34,12.0,55755.27,5000.0,0,2,24770.01,48,Self-employed,2.6202,0.9059,0.374,High
C00304,61,46-65,76686.48,633.0,112791.93,2.1,115321.9,5000.0,1,3,31811.76,60,Salaried,2.9746,0.7824,0.4148,High
C00305,45,31-45,88148.18,606.0,128362.65,19.1,43317.22,5000.0,0,2,32302.49,36,Salaried,1.9476,0.6807,0.3665,Low
C00306,27,21-30,60412.45,689.0,196143.83,5.8,0.0,5000.0,0,0,12841.36,48,Salaried,3.2467,0.9932,0.2126,Medium
C00307,34,31-45,60845.65,621.0,142241.91,4.7,111198.55,5000.0,0,0,1478.75,36,Salaried,4.1653,0.9861,0.0243,Medium
C00308,45,31-45,138836.23,644.0,455437.68,11.6,251095.72,5000.0,1,0,89630.09,36,,5.089,0.4322,0.6456,High
C00309,35,31-45,126421.76,646.0,425043.84,6.7,131182.32,6194.63,0,2,9718.32,24,Salaried,4.3998,0.588,0.0769,Medium
C00310,25,21-30,84517.88,676.0,162667.29,10.9,13705.16,5773.25,0,1,14949.91,36,Salaried,2.0868,0.8197,0.1769,Low
C00311,50,46-65,167318.18,640.0,348132.19,8.5,30294.27,5000.0,0,0,21869.14,36,Salaried,2.2617,0.3586,0.1307,Low
C00312,51,46-65,,,122936.8,20.5,5418.06,5000.0,0,0,31439.26,36,Salaried,2.4423,1.1417,0.5982,Low
C00313,26,21-30,158701.12,686.0,470835.23,11.1,91588.48,8430.18,0,0,113914.86,48,Self-employed,3.5439,0.6374,0.7178,Medium
C00314,33,31-45,87599.1,760.0,204772.08,7.8,93562.46,5000.0,1,1,16855.7,36,Salaried,3.4057,0.6849,0.1924,Medium
C00315,31,31-45,350000.0,690.0,206042.44,9.3,79777.59,10495.34,0,2,128257.15,36,Salaried,0.8166,0.3598,0.3664,Low
C00316,50,46-65,33734.54,634.0,113192.66,17.8,17332.11,5000.0,0,2,27209.68,12,Self-employed,3.8692,1.7786,0.8066,Medium
C00317,53,46-65,44489.24,671.0,103613.58,5.0,48945.49,5000.0,0,0,16847.3,60,Salaried,3.4291,1.3486,0.3787,Medium
C00318,53,46-65,81836.72,526.0,255757.41,13.9,36200.75,5000.0,1,2,0.0,24,Business,3.5676,0.7332,0.0,High
C00319,63,46-65,80871.87,670.0,148329.68,9.6,23742.9,5373.25,0,2,49843.62,48,Salaried,2.1277,0.7973,0.6163,Low
C00320,55,46-65,189988.53,650.0,333164.23,9.8,206298.05,8724.01,0,1,45215.97,48,Business,2.8394,0.551,0.238,Low
C00321,35,31-45,45005.34,610.0,88373.39,4.3,6803.77,5000.0,0,1,26246.47,36,Salaried,2.1148,1.3332,0.5832,Medium
C00322,25,21-30,106921.24,624.0,298455.92,7.2,114267.81,5000.0,0,1,19772.39,12,Salaried,3.8601,0.5612,0.1849,Medium
C00323,48,46-65,123191.73,649.0,42065.71,6.2,2735.69,8023.63,2,1,85910.8,36,Salaried,0.3637,0.7816,0.6974,Low
C00324,62,46-65,95769.43,754.0,125827.49,9.6,45740.08,6719.74,0,1,59519.89,24,Salaried,1.7915,0.842,0.6215,Low
C00325,64,46-65,38314.92,762.0,121537.74,3.2,19423.47,5000.0,0,1,16239.75,48,Salaried,3.679,1.566,0.4238,Medium
C00326,31,31-45,140985.16,610.0,500000.0,1.5,162186.31,6571.75,0,1,66618.69,36,Self-employed,4.6969,0.5594,0.4725,High
C00327,31,31-45,127806.32,641.0,15103.9,6.7,52381.27,8498.9,1,3,92032.13,36,Salaried,0.528,0.798,0.7201,Low
C00328,22,21-30,90392.27,643.0,84760.2,18.0,145470.24,5000.0,0,1,34593.99,48,Self-employed,2.547,0.6638,0.3827,Low
C00329,27,21-30,72731.79,741.0,125772.48,13.1,114247.34,5000.0,1,2,40613.8,60,Business,3.3001,0.8249,0.5584,Medium
C00330,45,31-45,73607.48,691.0,57163.43,8.9,72864.92,5000.0,0,4,40215.68,36,,1.7665,0.8151,0.5464,Low
C00331,45,31-45,62245.27,687.0,13599.92,4.5,44325.12,5000.0,0,0,16611.13,60,Salaried,0.9306,0.9639,0.2669,Low
C00332,37,31-45,92463.97,720.0,173863.55,0.8,30268.73,5000.0,0,1,5249.49,12,Salaried,2.2077,0.6489,0.0568,Low
C00333,34,31-45,66122.66,635.0,149763.24,5.8,114444.7,5000.0,0,1,38501.05,36,Self-employed,3.9957,0.9074,0.5823,Medium
C00334,58,46-65,40759.89,782.0,48881.89,8.1,0.0,5000.0,1,2,13077.26,24,Salaried,1.1993,1.472,0.3208,Low
C00335,41,31-45,36512.76,680.0,58988.55,3.8,41018.1,5000.0,0,0,19224.83,60,Salaried,2.739,1.6433,0.5265,Low
C00336,57,46-65,42981.39,616.0,160400.87,12.5,27595.81,5000.0,1,0,22136.6,36,Self-employed,4.3739,1.396,0.515,High
C00337,64,46-65,73446.7,663.0,127509.16,12.3,41906.76,5000.0,0,0,6649.85,36,Self-employed,2.3067,0.8169,0.0905,Low
C00338,35,31-45,64043.44,772.0,180466.31,6.6,0.0,5000.0,0,0,27715.49,48,Salaried,2.8179,0.9369,0.4328,Low
C00339,30,21-30,73172.99,648.0,87662.38,8.4,27601.04,5000.0,0,2,42262.89,60,Self-employed,1.5752,0.82,0.5776,Low
C00340,63,46-65,85612.77,751.0,250961.24,8.3,130576.72,5000.0,0,1,31053.5,24,Salaried,4.4566,0.7008,0.3627,Low
C00341,49,46-65,46033.1,633.0,151224.07,11.7,28240.49,5000.0,1,1,6513.56,24,Salaried,3.8986,1.3034,0.1415,High
C00342,34,31-45,145547.19,623.0,139195.48,4.9,198157.55,5000.0,0,0,11356.01,48,Self-employed,2.3178,0.4122,0.078,Low
C00343,48,46-65,56100.59,729.0,140283.9,35.0,61967.56,5000.0,0,0,8163.04,60,Salaried,3.6052,1.0695,0.1455,Low
C00344,44,31-45,51213.46,614.0,123549.96,3.1,0.0,5000.0,0,0,26541.2,36,Self-employed,2.4125,1.1716,0.5182,Medium
C00345,61,46-65,84749.49,742.0,127163.62,4.9,106717.93,5000.0,0,1,26988.68,36,Salaried,2.7597,0.708,0.3185,Low
C00346,32,31-45,23672.33,706.0,87384.27,10.6,4345.86,5000.0,0,0,7416.98,24,Salaried,3.875,2.5346,0.3133,Low
C00347,65,46-65,42080.87,614.0,73426.03,24.8,56721.29,5000.0,0,1,3763.78,60,Business,3.0928,1.4258,0.0894,Low
C00348,63,46-65,111494.73,675.0,195524.6,6.3,26532.7,5000.0,1,3,60058.49,60,Self-employed,1.9916,0.5381,0.5387,Medium
C00349,29,21-30,24998.23,639.0,91116.34,4.4,26835.13,5000.0,0,1,11813.08,36,Salaried,4.7184,2.4002,0.4726,Medium
C00350,28,21-30,120187.51,706.0,85256.12,7.6,186678.62,5476.75,0,2,55475.62,24,Self-employed,2.2626,0.5468,0.4616,Low
C00351,44,31-45,149233.53,822.0,93163.44,14.2,271618.07,6194.42,0,3,95159.68,36,Salaried,2.4444,0.4981,0.6377,Low
C00352,23,21-30,53047.45,652.0,21902.11,14.6,50694.97,5000.0,0,1,8461.92,36,Salaried,1.3685,1.1311,0.1595,Low
C00353,34,31-45,76316.13,720.0,253820.44,13.0,81024.92,5000.0,0,1,37264.93,36,Salaried,4.3876,0.7862,0.4883,Low
C00354,40,31-45,120287.55,682.0,100923.82,26.5,174898.24,5000.0,2,1,76820.65,24,Salaried,2.293,0.4988,0.6386,Medium
C00355,64,46-65,50282.3,,39199.65,14.7,6192.0,5000.0,0,1,25026.93,60,Self-employed,0.9027,1.1933,0.4977,Low
C00356,65,46-65,104759.14,668.0,260050.29,16.6,73551.18,6451.56,0,2,8586.93,36,Salaried,3.1845,0.739,0.082,Medium
C00357,27,21-30,44936.73,616.0,112968.46,17.6,46438.9,5000.0,2,1,21322.31,36,Salaried,3.5474,1.3352,0.4745,High
C00358,61,46-65,49984.15,705.0,97652.11,4.0,36704.7,5000.0,0,2,3205.27,24,Self-employed,2.688,1.2004,0.0641,Medium
C00359,25,21-30,41877.65,658.0,129102.47,8.2,0.0,5000.0,0,0,8413.05,48,Salaried,3.0828,1.4327,0.2009,Medium
C00360,54,46-65,78479.95,612.0,14264.06,5.0,18163.47,5000.0,0,0,34301.71,60,Business,0.4132,0.7645,0.4371,Low
C00361,59,46-65,122887.62,756.0,262010.9,5.4,61123.79,6201.28,0,2,80676.74,60,Salaried,2.6295,0.6056,0.6565,Low
C00362,61,46-65,58740.25,687.0,141080.81,7.1,97403.69,5000.0,0,0,33333.67,60,Business,4.06,1.0214,0.5675,Medium
C00363,31,31-45,32304.3,663.0,23091.58,11.5,44801.48,5000.0,0,3,17067.66,36,Salaried,2.1017,1.8573,0.5283,Medium
C00364,61,46-65,35834.05,781.0,101555.44,24.1,36513.77,5000.0,1,2,11182.44,24,Salaried,3.853,1.6744,0.3121,Low
C00365,26,21-30,80754.76,542.0,141207.56,13.8,131816.57,5000.0,0,0,38738.29,60,Salaried,3.3809,0.743,0.4797,High
C00366,44,31-45,179226.67,775.0,165888.87,12.2,94319.69,5410.32,0,3,3931.83,24,Self-employed,1.4518,0.3622,0.0219,Low
C00367,42,31-45,80715.94,614.0,31404.18,7.2,126304.0,5621.66,0,2,44434.39,24,Salaried,1.9539,0.8358,0.5505,Low
C00368,35,31-45,52541.02,696.0,36513.21,25.6,30461.65,5000.0,0,3,10166.68,36,Salaried,1.2747,1.142,0.1935,Low
C00369,21,21-30,99066.21,636.0,310438.24,3.0,131732.79,5495.77,0,0,2758.63,60,Salaried,4.4634,0.6657,0.0278,Medium
C00370,55,46-65,56977.87,611.0,52218.72,14.9,69624.91,5000.0,0,3,23931.99,60,Salaried,2.1384,1.053,0.42,Medium
C00371,36,31-45,52790.46,779.0,171319.75,1.6,84699.7,5000.0,0,2,5762.05,36,Salaried,4.8497,1.1366,0.1091,Low
C00372,50,46-65,38368.42,819.0,16765.49,10.1,55579.56,5000.0,1,1,14747.93,36,Salaried,1.8855,1.5638,0.3844,Low
C00373,39,31-45,141038.67,663.0,500000.0,17.7,30364.77,9704.62,0,1,66337.77,36,Self-employed,3.7604,0.8257,0.4704,Medium
C00374,37,31-45,18000.0,705.0,47040.91,9.3,23030.05,5000.0,0,1,0.0,36,Salaried,3.8928,3.3333,0.0,Medium
C00375,60,46-65,100807.2,,58509.13,20.8,11898.04,5000.0,0,0,32918.87,36,Salaried,0.6984,0.5952,0.3266,Low
C00376,25,21-30,50366.56,810.0,30339.68,4.5,48755.73,5000.0,0,0,20368.25,36,Business,1.5704,1.1913,0.4044,Low
C00377,54,46-65,51867.89,522.0,141186.22,0.8,1622.59,5000.0,1,3,0.0,60,Self-employed,2.7533,1.1568,0.0,High
C00378,54,46-65,164870.55,708.0,69501.57,3.2,185466.0,9418.24,0,3,65893.04,60,Salaried,1.5465,0.6855,0.3997,Low
C00379,38,31-45,43886.87,625.0,40120.69,7.3,84680.25,5000.0,0,1,12992.3,36,Self-employed,2.8437,1.3672,0.296,High
C00380,32,31-45,44716.8,503.0,129475.97,11.6,,5000.0,0,1,19794.57,36,Self-employed,3.7861,1.3418,0.4427,High
C00381,21,21-30,60501.64,653.0,194033.25,5.7,28208.12,5000.0,0,1,27676.61,36,Salaried,3.6733,0.9917,0.4575,Medium
C00382,63,46-65,81614.21,819.0,220721.2,10.1,47012.52,5000.0,0,1,32669.98,36,Business,3.2805,0.7352,0.4003,Medium
C00383,63,46-65,,631.0,148059.27,13.1,16319.32,5000.0,0,1,33462.09,60,Salaried,3.2246,1.177,0.6564,Medium
C00384,31,31-45,27351.32,739.0,74040.49,4.7,7509.11,5000.0,0,3,2138.25,12,Salaried,2.9816,2.1937,0.0782,Low
C00385,22,21-30,40376.72,770.0,117372.26,4.9,79806.55,5000.0,0,1,27978.24,36,Salaried,4.8835,1.486,0.6929,Low
C00386,26,21-30,131515.0,679.0,155480.85,2.6,166370.93,5000.0,0,0,23814.99,60,Self-employed,2.4473,0.4562,0.1811,Low
C00387,24,21-30,67729.0,689.0,184114.57,20.8,59334.27,5000.0,0,3,16181.96,24,Salaried,3.5945,0.8859,0.2389,Medium
C00388,58,46-65,83303.06,551.0,186493.56,21.1,39679.57,5000.0,1,0,11039.54,48,Salaried,2.7151,0.7203,0.1325,High
C00389,61,46-65,56294.99,626.0,124471.25,10.1,61197.54,5000.0,0,1,13960.73,24,Self-employed,3.2981,1.0658,0.248,Low
C00390,27,21-30,,748.0,156905.42,3.4,35545.11,5000.0,0,1,19478.4,24,Salaried,4.2553,1.3267,0.4307,Low
C00391,54,46-65,163538.83,685.0,281942.71,23.4,122706.9,10445.9,0,1,72206.24,60,Salaried,2.4743,0.7665,0.4415,Low
C00392,29,21-30,58608.62,708.0,121949.92,4.9,15863.26,5000.0,0,2,21252.42,48,Salaried,2.3514,1.0237,0.3626,Low
C00393,37,31-45,50934.16,690.0,91489.41,2.7,64267.63,5000.0,0,0,33151.33,60,Business,3.058,1.178,0.6509,Low
C00394,47,46-65,118779.11,844.0,129348.78,4.8,22334.59,5827.46,0,2,55651.71,24,Self-employed,1.277,0.5887,0.4685,Low
C00395,53,46-65,43688.68,648.0,65462.95,4.3,11255.9,5000.0,0,2,14726.28,36,Salaried,1.756,1.3734,0.3371,Low
C00396,60,46-65,46865.75,800.0,169163.71,3.5,36006.45,5000.0,0,0,25967.67,36,Salaried,4.3778,1.2803,0.5541,Low
C00397,23,21-30,65367.35,690.0,80148.03,5.7,43361.18,5000.0,0,2,27485.66,36,Salaried,1.8895,0.9179,0.4205,Low
C00398,29,21-30,65009.66,807.0,155852.98,9.5,71876.44,5000.0,0,1,0.0,60,Self-employed,3.503,0.9229,0.0,Low
C00399,33,31-45,74976.41,,156217.96,14.8,81099.97,5000.0,1,1,40637.52,24,Salaried,3.1652,0.8003,0.542,Medium
C00400,34,31-45,205368.36,694.0,500000.0,7.7,144199.77,10454.9,0,2,10481.31,60,Salaried,3.1368,0.6109,0.051,Low
C00401,65,46-65,78204.24,650.0,193643.3,7.7,94138.95,5000.0,2,2,25415.44,24,Salaried,3.6799,0.7672,0.325,High
C00402,55,46-65,18000.0,690.0,5000.0,7.6,0.0,5000.0,0,0,4682.04,48,Business,0.2778,3.3333,0.2601,Low
C00403,35,31-45,77777.46,772.0,119276.34,2.7,48023.65,5000.0,0,0,4507.66,12,Salaried,2.151,0.7714,0.058,Low
C00404,64,46-65,66368.42,708.0,156323.37,14.5,80635.11,5000.0,0,1,20480.62,36,Salaried,3.5704,0.904,0.3086,Low
C00405,43,31-45,66572.05,772.0,46446.62,17.8,84569.87,5000.0,1,1,14156.23,36,Salaried,1.968,0.9013,0.2126,Low
C00406,43,31-45,74415.06,630.0,135101.48,22.7,108197.71,5000.0,0,5,15399.27,12,Salaried,3.2695,0.8063,0.2069,High
C00407,40,31-45,63982.79,,76170.97,6.9,99754.5,5000.0,0,2,17670.94,24,Salaried,2.7496,0.9378,0.2762,Low
C00408,27,21-30,63146.07,681.0,19971.36,21.8,63532.69,5000.0,0,1,48724.49,36,Business,1.3224,0.9502,0.7716,Low
C00409,63,46-65,91063.91,677.0,325744.43,15.7,0.0,5000.0,0,0,36250.52,24,Salaried,3.5771,0.6589,0.3981,Low
C00410,21,21-30,48242.62,666.0,157789.71,3.7,11486.85,5000.0,0,0,22873.64,60,Salaried,3.5089,1.2437,0.4741,Medium
C00411,28,21-30,38596.43,608.0,96186.58,4.9,9799.16,5000.0,0,1,16875.16,24,Business,2.746,1.5545,0.4372,Medium
C00412,31,31-45,342909.67,770.0,282877.8,9.7,139015.07,9564.32,0,3,32596.32,48,Salaried,1.2303,0.3347,0.0951,Low
C00413,33,31-45,43845.22,653.0,138997.53,7.7,7471.27,5000.0,0,0,10877.31,48,Salaried,3.3406,1.3685,0.2481,Medium
C00414,26,21-30,68680.54,787.0,160194.09,3.2,84444.1,5000.0,1,1,6299.9,36,Salaried,3.562,0.8736,0.0917,Medium
C00415,21,21-30,28553.35,681.0,89882.03,9.6,26414.56,5000.0,0,1,7201.11,60,Salaried,4.073,2.1013,0.2522,Medium
C00416,51,46-65,69300.0,729.0,14046.19,9.8,0.0,5000.0,0,3,31872.51,36,Salaried,0.2027,0.8658,0.4599,Low
C00417,64,46-65,38904.63,722.0,33574.7,15.6,42747.76,5000.0,1,0,24929.57,36,Salaried,1.9618,1.5422,0.6408,Low
C00418,26,21-30,50959.29,618.0,119186.01,6.1,85353.77,5000.0,0,1,15337.43,48,Salaried,4.0138,1.1774,0.301,High
C00419,34,31-45,115488.72,708.0,364789.37,5.0,40679.84,5000.0,0,2,71518.53,36,Salaried,3.5109,0.5195,0.6193,Low
C00420,43,31-45,84267.19,825.0,73938.83,2.6,8498.15,5272.28,0,1,11994.69,48,Salaried,0.9783,0.7508,0.1423,Low
C00421,62,46-65,88855.59,699.0,97985.9,10.9,92914.91,5000.0,2,0,6020.03,24,Self-employed,2.1484,0.6753,0.0678,Medium
C00422,52,46-65,24538.04,748.0,57014.17,10.0,7637.27,5000.0,1,2,3622.67,24,Salaried,2.6347,2.4452,0.1476,Low
C00423,55,46-65,178516.25,732.0,500000.0,24.6,0.0,8168.31,0,1,112140.52,36,Self-employed,2.8009,0.5491,0.6282,Low
C00424,47,46-65,33745.68,703.0,107131.4,15.0,34909.56,5000.0,0,1,9063.22,48,Salaried,4.2092,1.778,0.2686,Low
C00425,39,31-45,150670.56,694.0,500000.0,6.1,153686.42,6110.13,0,1,99374.95,60,Salaried,4.3385,0.4866,0.6596,Low
C00426,29,21-30,114004.33,721.0,268476.32,9.2,166613.87,5599.06,0,1,54167.76,48,Business,3.8164,0.5894,0.4751,Low
C00427,59,46-65,89292.75,737.0,267163.24,3.1,29210.76,5000.0,0,2,23252.93,36,Business,3.3191,0.6719,0.2604,Medium
C00428,57,46-65,40615.33,579.0,83253.69,6.8,89498.96,5000.0,0,3,23333.46,36,Self-employed,4.2534,1.4773,0.5745,High
C00429,22,21-30,70651.67,699.0,49386.41,10.3,21377.21,5000.0,0,3,23860.51,36,Salaried,1.0016,0.8492,0.3377,Low
C00430,53,46-65,50168.16,666.0,118868.46,25.3,31519.89,5000.0,0,0,11607.99,12,Salaried,2.9977,1.196,0.2314,Medium
C00431,24,21-30,66046.5,651.0,147834.82,4.3,12814.66,5000.0,2,1,34113.62,36,Salaried,2.4324,0.9085,0.5165,Medium
C00432,54,46-65,56653.71,777.0,127854.68,20.3,51997.21,5000.0,0,0,11933.81,36,Self-employed,3.1746,1.0591,0.2106,Low
C00433,58,46-65,21181.99,625.0,23737.21,10.8,18571.68,5000.0,1,1,6281.26,36,Salaried,1.9974,2.8326,0.2965,Medium
C00434,26,21-30,120466.12,575.0,343779.05,14.7,47309.54,5000.0,0,0,21039.25,48,Salaried,3.2465,0.4981,0.1746,Medium
C00435,40,31-45,62164.14,740.0,195942.29,9.0,11302.82,5000.0,0,0,24132.62,60,Salaried,3.3338,0.9652,0.3882,Low
C00436,26,21-30,49786.66,573.0,93246.27,5.3,37450.07,5000.0,0,0,16360.33,60,Salaried,2.6251,1.2051,0.3286,Medium
C00437,46,46-65,47760.9,535.0,158062.86,19.7,11772.66,5000.0,0,2,23460.24,36,Self-employed,3.556,1.2563,0.4912,High
C00438,62,46-65,79165.46,748.0,122462.23,6.5,67525.85,5000.0,0,3,2344.89,60,Salaried,2.3999,0.7579,0.0296,Medium
C00439,24,21-30,39758.41,692.0,12405.14,14.2,59502.28,5000.0,1,2,24056.14,60,Self-employed,1.8086,1.5091,0.6051,Low
C00440,38,31-45,18803.46,715.0,13559.21,3.3,19720.16,5000.0,0,1,2675.49,24,Self-employed,1.7699,3.1909,0.1423,Low
C00441,64,46-65,81313.22,647.0,142438.13,4.1,0.0,5213.89,1,0,53344.02,24,Salaried,1.7517,0.7695,0.656,Low
C00442,34,31-45,86478.33,576.0,17254.85,1.7,87320.72,5000.0,0,0,51953.31,36,Self-employed,1.2093,0.6938,0.6008,Low
C00443,26,21-30,58241.01,591.0,132873.41,8.3,62359.17,5000.0,2,2,18840.44,48,Self-employed,3.3521,1.0302,0.3235,High
C00444,42,31-45,34571.88,660.0,101570.77,10.8,70839.74,5000.0,0,1,5411.34,36,Self-employed,4.987,1.7355,0.1565,High
C00445,43,31-45,68258.49,585.0,140380.36,9.2,82504.99,5000.0,0,0,37397.37,36,Self-employed,3.2653,0.879,0.5479,Medium
C00446,50,46-65,29046.4,703.0,80868.33,2.5,32126.77,5000.0,0,2,0.0,36,Self-employed,3.8902,2.0657,0.0,Medium
C00447,35,31-45,36944.27,645.0,139221.13,4.1,32014.07,5000.0,0,0,20245.34,36,Business,4.635,1.6241,0.548,High
C00448,64,46-65,43013.04,694.0,59845.75,14.6,58151.38,5000.0,0,0,9400.06,48,Salaried,2.7433,1.3949,0.2185,Low
C00449,44,31-45,103394.71,692.0,48953.07,6.0,138999.07,6081.75,1,0,62821.13,60,Salaried,1.8178,0.7058,0.6076,Low
C00450,33,31-45,53247.52,709.0,45087.44,9.5,2363.45,5000.0,1,0,15347.06,60,Salaried,0.8911,1.1268,0.2882,Low
C00451,64,46-65,50808.35,717.0,120622.23,5.7,83163.36,5000.0,0,1,24980.63,48,Salaried,4.0109,1.1809,0.4917,Medium
C00452,62,46-65,190464.94,654.0,296468.87,13.5,258942.66,11713.37,0,0,10658.51,36,Salaried,2.9161,0.738,0.056,Medium
C00453,43,31-45,78904.77,694.0,200478.33,5.7,113572.74,5000.0,1,1,44005.94,36,Salaried,3.9801,0.7604,0.5577,High
C00454,22,21-30,78322.45,698.0,193764.9,7.8,102753.92,5000.0,0,0,46187.35,36,Salaried,3.7859,0.7661,0.5897,Medium
C00455,47,46-65,53040.29,498.0,121322.43,17.0,62271.08,5000.0,1,3,16036.94,36,Salaried,3.4614,1.1312,0.3024,High
C00456,45,31-45,46823.39,728.0,19053.42,9.3,86283.45,5000.0,1,2,6064.8,36,Salaried,2.2497,1.2814,0.1295,Medium
C00457,27,21-30,19528.28,691.0,32979.04,4.5,1212.82,5000.0,0,1,17544.54,60,Salaried,1.7509,3.0725,0.8984,Low
C00458,49,46-65,110741.05,722.0,146188.33,12.1,112117.98,5000.0,1,1,70639.21,36,Self-employed,2.3325,0.5418,0.6379,Low
C00459,58,46-65,83175.9,583.0,241131.26,2.5,135588.54,5000.0,0,0,44322.11,36,,4.5292,0.7214,0.5329,High
C00460,25,21-30,58900.29,656.0,139935.23,4.4,79738.11,5000.0,0,0,20796.24,36,Business,3.7296,1.0187,0.3531,Medium
C00461,53,46-65,60274.71,598.0,142767.74,2.7,94920.19,5000.0,1,0,13001.99,12,Salaried,3.9434,0.9954,0.2157,High
C00462,27,21-30,97442.9,736.0,229177.58,13.7,0.0,5000.0,0,2,62750.09,36,Self-employed,2.3519,0.6157,0.644,Low
C00463,54,46-65,27640.9,575.0,49156.05,11.6,2015.94,5000.0,1,3,17135.64,36,Salaried,1.8513,2.1707,0.6199,Medium
C00464,39,31-45,46990.83,610.0,29476.1,12.8,34199.3,5000.0,1,3,7443.45,48,Salaried,1.3551,1.2768,0.1584,Low
C00465,21,21-30,34793.16,720.0,15708.48,10.4,10697.95,5000.0,1,3,25869.78,24,Salaried,0.759,1.7245,0.7435,Low
C00466,64,46-65,172210.47,633.0,106747.93,19.4,191835.12,8252.78,0,1,106084.37,36,Salaried,1.7338,0.5751,0.616,Low
C00467,28,21-30,105214.15,610.0,27197.59,10.3,79911.62,5529.28,0,1,23817.5,48,Salaried,1.018,0.6306,0.2264,Low
C00468,47,46-65,19354.14,748.0,30360.32,5.9,5992.46,5000.0,0,1,3573.34,36,Self-employed,1.8783,3.1001,0.1846,Low
C00469,29,21-30,28270.49,751.0,71576.16,4.7,46869.31,5000.0,0,0,4041.11,60,Salaried,4.1897,2.1224,0.1429,Medium
C00470,62,46-65,60436.74,734.0,32760.81,10.2,78586.31,5000.0,1,2,16611.87,36,Salaried,1.8424,0.9928,0.2749,Low
C00471,54,46-65,50126.27,744.0,12982.69,18.4,2599.78,5000.0,0,1,9175.19,48,Salaried,0.3109,1.197,0.183,Low
C00472,57,46-65,31373.92,663.0,30681.96,3.3,36711.25,5000.0,0,0,15665.74,24,Salaried,2.1481,1.9124,0.4993,Low
C00473,40,31-45,,665.0,200366.07,12.6,262345.41,12834.16,2,0,17784.0,36,Salaried,2.4427,0.813,0.0939,Medium
C00474,42,31-45,77191.1,631.0,65245.11,7.8,6791.07,5000.0,0,4,53346.46,36,Salaried,0.9332,0.7773,0.6911,Low
C00475,49,46-65,84397.37,,24897.46,16.7,110817.8,5177.48,0,0,50154.8,24,Salaried,1.6081,0.7362,0.5943,Low
C00476,56,46-65,44423.96,640.0,35298.66,2.3,78926.12,5000.0,0,1,26888.46,48,Salaried,2.5712,1.3506,0.6053,Medium
C00477,59,46-65,96702.38,648.0,331107.7,24.7,133876.68,5000.0,0,5,1629.75,60,Salaried,4.8084,0.6205,0.0169,High
C00478,21,21-30,52728.14,725.0,69046.48,7.7,45774.0,5000.0,0,0,5996.74,48,Salaried,2.1776,1.1379,0.1137,Low
C00479,50,46-65,55620.32,769.0,30086.65,1.9,86267.25,5000.0,3,1,46373.7,36,Self-employed,2.0919,1.0787,0.8338,Medium
C00480,25,21-30,90961.68,710.0,148152.75,3.2,37710.71,5000.0,0,2,12187.53,12,Salaried,2.0433,0.6596,0.134,Low
C00481,33,31-45,26534.31,815.0,16156.07,26.8,15636.43,5000.0,0,1,8928.24,36,Salaried,1.1982,2.2612,0.3365,Low
C00482,58,46-65,156452.52,627.0,305376.88,12.5,49568.89,10053.17,0,1,26761.43,60,Salaried,2.2687,0.7711,0.1711,Medium
C00483,32,31-45,71858.67,542.0,103788.67,7.1,45127.02,5000.0,0,1,26026.19,36,Salaried,2.0723,0.835,0.3622,Medium
C00484,56,46-65,131486.82,734.0,419988.75,30.6,150080.12,9204.32,0,1,76531.29,48,Salaried,4.3356,0.84,0.582,Low
C00485,41,31-45,35977.96,622.0,124734.03,10.0,21020.45,5000.0,0,1,16522.95,48,Salaried,4.0512,1.6677,0.4593,High
C00486,31,31-45,39120.49,659.0,117411.46,16.1,34037.98,5000.0,0,3,9010.67,36,Salaried,3.8714,1.5337,0.2303,High
C00487,36,31-45,34306.75,547.0,29708.99,4.1,7098.29,5000.0,0,1,10227.66,48,Business,1.0729,1.7489,0.2981,Low
C00488,44,31-45,74593.32,613.0,131153.97,6.9,115570.16,5000.0,1,0,40256.01,48,Business,3.3076,0.8044,0.5397,High
C00489,55,46-65,67402.23,567.0,78825.31,9.9,74209.14,5000.0,0,0,3971.32,24,Salaried,2.2705,0.8902,0.0589,Medium
C00490,48,46-65,50348.09,647.0,145397.26,6.3,54992.52,5000.0,1,0,6987.55,36,Salaried,3.9801,1.1917,0.1388,High
C00491,62,46-65,37212.67,650.0,13202.49,19.3,17174.72,5000.0,0,2,7479.09,36,Business,0.8163,1.6124,0.201,Low
C00492,60,46-65,32387.07,687.0,85957.39,12.3,48375.43,5000.0,0,1,13280.32,36,Business,4.1477,1.8526,0.4101,Medium
C00493,54,46-65,63289.61,773.0,87206.13,3.2,53611.88,5000.0,0,0,45961.22,36,Salaried,2.225,0.948,0.7262,Low
C00494,48,46-65,50315.57,731.0,93817.73,7.4,5444.41,5000.0,0,0,49032.19,36,,1.9728,1.1925,0.9745,Low
C00495,34,31-45,44580.81,558.0,70026.76,4.8,15699.66,5000.0,1,1,32417.56,48,Salaried,1.9229,1.3459,0.7272,Medium
C00496,39,31-45,152213.86,,209112.07,12.5,169613.05,6661.18,1,1,32138.32,48,Salaried,2.4881,0.5251,0.2111,Medium
C00497,26,21-30,62122.49,688.0,143544.55,6.3,31313.29,5000.0,0,0,49840.35,24,Salaried,2.8147,0.9658,0.8023,Low
C00498,37,31-45,130700.82,673.0,275860.52,1.9,218125.28,5891.16,0,4,68605.21,60,Self-employed,3.7795,0.5409,0.5249,Medium
C00499,62,46-65,48477.44,678.0,45853.22,11.2,23085.54,5000.0,1,0,25688.02,60,Salaried,1.4221,1.2377,0.5299,Low
C00500,40,31-45,74367.14,695.0,11190.16,6.0,4204.67,5000.0,0,1,53284.01,36,Self-employed,0.207,0.8068,0.7165,Low
C00501,26,21-30,63046.68,628.0,184120.6,21.0,6479.22,5000.0,0,1,14710.59,48,Salaried,3.0232,0.9517,0.2333,High
C00502,50,46-65,25551.47,666.0,34574.54,3.6,32699.04,5000.0,0,2,0.0,48,,2.6329,2.3482,0.0,Medium
C00503,64,46-65,142589.99,769.0,320380.98,5.0,88590.99,5000.0,1,0,56263.35,24,Business,2.8682,0.4208,0.3946,Low
C00504,60,46-65,60343.47,627.0,111340.17,7.2,17832.87,5000.0,0,0,32959.51,48,,2.1406,0.9943,0.5462,Low
C00505,33,31-45,97995.08,,200197.98,11.6,27916.94,5000.0,1,1,3682.39,24,Salaried,2.3278,0.6123,0.0376,Low
C00506,41,31-45,42981.57,675.0,90183.09,17.0,12932.33,5000.0,0,1,18841.56,24,Self-employed,2.3991,1.3959,0.4384,Low
C00507,44,31-45,59366.07,595.0,30148.01,6.9,26635.9,5000.0,0,3,7960.74,12,Self-employed,0.9565,1.0107,0.1341,Medium
C00508,32,31-45,40351.09,551.0,84434.38,10.1,35393.59,5000.0,0,1,9705.89,36,Salaried,2.9696,1.4869,0.2405,High
C00509,33,31-45,128276.29,654.0,239553.44,2.4,158274.45,5336.08,1,2,66083.13,36,Salaried,3.1013,0.4992,0.5152,Medium
C00510,31,31-45,77143.12,789.0,29691.0,5.1,0.0,5000.0,0,3,8689.12,36,Salaried,0.3849,0.7778,0.1126,Low
C00511,65,46-65,79540.53,677.0,213552.17,6.4,43880.29,5000.0,0,1,56707.63,36,Salaried,3.2365,0.7543,0.7129,Low
C00512,54,46-65,137192.98,693.0,128833.98,7.2,270838.91,7172.22,0,0,16304.77,36,Salaried,2.9132,0.6273,0.1188,Low
C00513,58,46-65,122777.65,520.0,32875.74,13.4,160357.85,7744.33,0,1,37614.72,36,Self-employed,1.5738,0.7569,0.3064,Medium
C00514,57,46-65,99020.38,713.0,276337.66,27.8,170877.77,5000.0,0,0,22193.28,36,Salaried,4.5164,0.6059,0.2241,Low
C00515,64,46-65,29738.34,687.0,85935.63,5.3,10019.02,5000.0,0,2,6318.84,60,Salaried,3.2266,2.0176,0.2125,High
C00516,25,21-30,44334.53,630.0,27511.59,12.5,42160.86,5000.0,0,2,3295.19,12,Business,1.5715,1.3533,0.0743,Low
C00517,60,46-65,37421.63,694.0,78569.96,19.2,35441.77,5000.0,0,1,12716.0,36,Salaried,3.0467,1.6034,0.3398,Medium
C00518,23,21-30,96982.52,693.0,14161.12,18.6,159978.69,5000.0,0,4,56062.96,12,Business,1.7956,0.6187,0.5781,Low
C00519,42,31-45,71396.29,601.0,174712.35,4.3,109527.25,5000.0,0,1,8254.02,36,Self-employed,3.9812,0.8404,0.1156,High
C00520,47,46-65,30253.3,705.0,48637.7,17.9,25665.21,5000.0,0,1,14684.47,12,Salaried,2.456,1.9833,0.4854,Low
C00521,37,31-45,58590.82,770.0,148280.07,3.3,27563.98,5000.0,0,0,3786.73,24,Self-employed,3.0012,1.0241,0.0646,Low
C00522,27,21-30,28577.67,663.0,49927.09,3.2,21417.55,5000.0,3,2,13182.49,36,Salaried,2.4965,2.0995,0.4613,High
C00523,29,21-30,63127.17,615.0,104517.96,9.1,101640.12,5000.0,1,0,27982.53,36,Salaried,3.2658,0.9505,0.4433,High
C00524,58,46-65,26152.18,667.0,87857.77,6.4,22518.79,5000.0,0,1,8010.4,60,Salaried,4.2205,2.2943,0.3063,Medium
C00525,35,31-45,86942.1,744.0,35602.75,22.1,120036.0,5000.0,0,0,37371.51,48,Business,1.7901,0.6901,0.4298,Low
C00526,34,31-45,80019.21,588.0,68436.37,1.8,122779.42,5000.0,0,2,15989.3,60,Salaried,2.3896,0.7498,0.1998,Medium
C00527,62,46-65,185630.65,723.0,286788.02,9.2,29471.28,11810.68,0,1,31369.62,60,Self-employed,1.7037,0.7635,0.169,Low
C00528,27,21-30,103618.68,629.0,223410.46,16.2,146649.56,7149.71,1,0,27751.85,36,Salaried,3.5714,0.828,0.2678,High
C00529,62,46-65,51510.44,698.0,5000.0,1.7,7751.26,5000.0,0,1,17184.72,12,Salaried,0.2475,1.1648,0.3336,Low
C00530,62,46-65,101934.03,638.0,218591.52,6.7,171513.05,5000.0,1,1,10126.55,24,Salaried,3.827,0.5886,0.0993,High
C00531,47,46-65,30134.54,637.0,49036.36,16.0,31264.07,5000.0,0,0,10383.35,60,Salaried,2.6647,1.9911,0.3446,Medium
C00532,28,21-30,38283.82,794.0,81910.74,8.6,29305.52,5000.0,0,2,14946.21,48,Self-employed,2.905,1.5672,0.3904,Low
C00533,28,21-30,78070.77,574.0,254177.93,8.6,34592.45,5000.0,2,3,44528.03,36,Salaried,3.6988,0.7685,0.5704,High
C00534,33,31-45,19833.05,716.0,25327.36,17.1,9288.25,5000.0,0,1,0.0,60,Business,1.7453,3.0253,0.0,Low
C00535,46,46-65,63684.99,810.0,121566.61,11.9,,5000.0,0,1,44437.35,36,Self-employed,3.2724,0.9421,0.6978,Low
C00536,27,21-30,37086.11,731.0,70810.28,5.1,65255.56,5000.0,1,1,12107.36,48,Salaried,3.6689,1.6179,0.3265,High
C00537,41,31-45,68724.53,580.0,41900.94,24.6,100099.45,5000.0,0,1,13897.82,36,Business,2.0662,0.8731,0.2022,Low
C00538,26,21-30,35932.14,584.0,98539.52,7.7,50721.02,5000.0,0,1,4720.18,48,Business,4.154,1.6698,0.1314,High
C00539,45,31-45,,624.0,252243.34,3.1,57980.79,5000.0,0,1,38232.84,60,Salaried,3.7794,0.731,0.4658,Low
C00540,21,21-30,65694.64,692.0,190187.09,8.9,27630.12,5000.0,1,0,27802.76,24,Business,3.3156,0.9133,0.4232,Medium
C00541,52,46-65,140413.06,697.0,448441.99,8.2,95037.37,5000.0,0,0,22087.44,36,Salaried,3.8706,0.4273,0.1573,Low
C00542,23,21-30,65241.21,585.0,104499.88,11.6,31688.69,5000.0,0,4,6443.02,36,Self-employed,2.0875,0.9197,0.0988,Medium
C00543,29,21-30,42590.61,615.0,86809.81,12.9,30596.19,5000.0,0,1,6054.37,48,Business,2.7566,1.4088,0.1422,High
C00544,28,21-30,56746.84,619.0,40632.62,2.5,33290.23,5000.0,0,0,43180.92,36,Salaried,1.3027,1.0573,0.7609,Low
C00545,58,46-65,31033.19,666.0,117091.29,7.3,37320.16,5000.0,0,1,11225.33,48,Salaried,4.9757,1.9334,0.3617,Medium
C00546,23,21-30,81268.85,829.0,175018.12,11.9,12535.34,5000.0,0,3,21230.81,36,Salaried,2.3078,0.7383,0.2612,Medium
C00547,40,31-45,89909.62,610.0,87183.66,8.7,122375.77,5000.0,0,3,37465.86,36,Self-employed,2.3308,0.6673,0.4167,Medium
C00548,47,46-65,252761.18,607.0,500000.0,6.0,282370.75,17133.48,2,4,37738.67,36,Salaried,3.0953,0.8134,0.1493,High
C00549,44,31-45,46172.18,595.0,90103.74,14.3,69543.65,5000.0,0,0,16879.58,36,,3.4577,1.2995,0.3656,High
C00550,51,46-65,56098.01,728.0,206881.69,14.3,61437.72,5000.0,0,1,17693.51,36,Self-employed,4.783,1.0696,0.3154,Medium
C00551,57,46-65,47357.26,677.0,129938.67,0.1,63990.47,5000.0,0,0,15688.87,36,Salaried,4.095,1.267,0.3313,Medium
C00552,38,31-45,73043.11,613.0,227615.78,10.1,91635.38,5000.0,0,2,41386.63,36,Salaried,4.3707,0.8214,0.5666,High
C00553,58,46-65,80183.44,653.0,137754.36,11.5,44129.39,5000.0,0,1,20035.55,60,Salaried,2.2683,0.7483,0.2499,Low
C00554,35,31-45,63119.59,621.0,107043.73,7.3,47130.17,5000.0,0,0,0.0,24,Self-employed,2.4426,0.9506,0.0,High
C00555,65,46-65,118139.55,702.0,317004.35,9.5,171789.44,5772.39,0,0,13959.34,36,Salaried,4.1374,0.5863,0.1182,Low
C00556,43,31-45,46295.67,850.0,18249.4,7.7,29179.02,5000.0,0,0,14139.5,36,Salaried,1.0245,1.296,0.3054,Low
C00557,54,46-65,111807.99,721.0,38339.68,11.3,143368.71,5613.45,0,2,46025.05,36,Salaried,1.6252,0.6025,0.4116,Low
C00558,60,46-65,87405.75,673.0,302346.79,6.1,57788.96,5000.0,0,2,47532.89,36,Self-employed,4.1203,0.6865,0.5438,Medium
C00559,56,46-65,64571.35,630.0,213897.8,6.3,82243.74,5000.0,1,3,2524.7,24,Salaried,4.5863,0.9292,0.0391,High
C00560,59,46-65,54662.18,579.0,164506.73,7.7,32882.63,5000.0,0,0,7522.66,24,Salaried,3.6111,1.0977,0.1376,High
C00561,45,31-45,246917.57,735.0,77571.27,11.5,210375.09,16734.38,0,0,112659.34,48,Business,1.1662,0.8133,0.4563,Low
C00562,22,21-30,41472.58,731.0,42639.66,12.4,76780.96,5000.0,0,0,18803.55,60,Salaried,2.8795,1.4467,0.4534,Low
C00563,43,31-45,76573.46,645.0,236276.62,20.3,73311.24,5000.0,1,2,34325.36,48,Self-employed,4.043,0.7836,0.4483,High
C00564,29,21-30,43024.37,771.0,16247.72,3.5,9436.61,5000.0,0,1,15388.74,48,Business,0.597,1.3946,0.3577,Low
C00565,61,46-65,173552.25,682.0,289587.15,1.4,179919.96,10140.62,0,1,0.0,36,Business,2.7053,0.7012,0.0,Medium
C00566,31,31-45,105862.57,738.0,129465.49,14.3,0.0,7179.89,0,1,61362.48,24,Self-employed,1.223,0.8139,0.5796,Low
C00567,31,31-45,44759.1,702.0,140563.98,9.1,19191.09,5000.0,0,1,9428.53,48,Self-employed,3.5692,1.3405,0.2107,Medium
C00568,32,31-45,86169.35,667.0,167916.89,1.7,97996.51,5000.0,0,3,33628.9,48,Salaried,3.0859,0.6963,0.3903,Medium
C00569,49,46-65,74897.46,608.0,84742.17,7.6,26338.2,5000.0,2,1,8184.35,36,Salaried,1.4831,0.8011,0.1093,Medium
C00570,46,46-65,48922.81,669.0,100474.15,17.0,34768.7,5000.0,1,0,14530.78,24,Self-employed,2.7644,1.2264,0.297,Medium
C00571,63,46-65,98630.21,743.0,30218.6,6.1,121783.18,5000.0,0,1,69956.67,60,Business,1.5411,0.6083,0.7093,Low
C00572,39,31-45,80519.97,642.0,203453.66,10.1,28121.87,5000.0,1,1,8869.91,60,Business,2.876,0.7452,0.1102,High
C00573,33,31-45,73187.27,713.0,171503.78,5.2,41414.92,5000.0,0,0,36011.3,60,Salaried,2.9092,0.8198,0.492,Low
C00574,23,21-30,63518.51,599.0,128707.28,3.8,97703.36,5000.0,0,2,37960.39,36,Self-employed,3.5645,0.9446,0.5976,High
C00575,21,21-30,82390.26,739.0,123206.22,15.4,132582.75,5656.53,0,2,44704.66,36,Self-employed,3.1046,0.8239,0.5426,Low
C00576,37,31-45,73740.38,703.0,82485.58,5.6,45165.79,5000.0,1,1,4155.24,24,Self-employed,1.7311,0.8137,0.0563,Low
C00577,62,46-65,67147.29,590.0,24605.85,7.1,34253.23,5000.0,1,0,24380.53,48,Self-employed,0.8766,0.8936,0.3631,Low
C00578,44,31-45,45687.67,663.0,146453.01,8.9,66028.87,5000.0,0,1,8310.43,60,Salaried,4.6507,1.3133,0.1819,High
C00579,61,46-65,165002.18,750.0,273439.29,5.1,254449.82,8469.49,0,2,76566.43,24,Salaried,3.1993,0.616,0.464,Low
C00580,25,21-30,36476.07,586.0,68935.38,34.8,54774.16,5000.0,1,1,4898.63,36,Salaried,3.3915,1.6449,0.1343,High
C00581,25,21-30,82235.51,600.0,106826.09,14.1,630.82,5000.0,0,0,446.8,36,Salaried,1.3067,0.7296,0.0054,Low
C00582,58,46-65,54502.95,675.0,174151.84,2.9,86692.75,5000.0,1,2,40468.93,12,Salaried,4.7859,1.1009,0.7425,Medium
C00583,25,21-30,171081.19,840.0,486021.64,16.2,253590.3,9091.95,0,1,4628.73,36,Self-employed,4.3232,0.6377,0.0271,Low
C00584,23,21-30,39546.29,630.0,9352.48,10.3,32325.5,5000.0,0,2,9332.54,60,Salaried,1.0539,1.5172,0.236,Low
C00585,39,31-45,43379.74,717.0,116414.45,11.1,49545.43,5000.0,0,1,9681.52,36,Salaried,3.8257,1.3831,0.2232,Medium
C00586,62,46-65,38129.46,700.0,71903.02,7.8,41123.09,5000.0,0,0,5723.4,60,Self-employed,2.9643,1.5736,0.1501,High
C00587,52,46-65,77656.33,636.0,223637.67,7.0,54215.93,5000.0,0,0,19019.51,48,Salaried,3.578,0.7726,0.2449,Medium
C00588,25,21-30,30545.26,692.0,109120.63,16.2,39417.07,5000.0,2,0,9111.53,36,Business,4.8629,1.9643,0.2983,High
C00589,58,46-65,49958.7,646.0,143277.89,3.7,10334.85,5000.0,0,0,6695.29,24,Business,3.0748,1.201,0.134,High
C00590,58,46-65,19897.34,653.0,36683.89,18.5,19334.21,5000.0,0,0,0.0,24,Salaried,2.8154,3.0155,0.0,Medium
C00591,57,46-65,74189.23,555.0,124017.66,9.4,143428.44,5000.0,0,1,25780.58,48,Salaried,3.6049,0.8087,0.3475,High
C00592,61,46-65,49366.35,678.0,79530.95,2.7,78836.28,5000.0,0,1,10311.44,24,Salaried,3.208,1.2154,0.2089,Medium
C00593,31,31-45,28673.0,747.0,81096.7,2.1,0.0,5000.0,0,1,6212.04,36,Salaried,2.8283,2.0926,0.2167,Medium
C00594,65,46-65,118093.0,684.0,301839.71,5.2,148993.17,5000.0,0,1,18932.17,24,Salaried,3.8176,0.5081,0.1603,Low
C00595,35,31-45,31663.69,762.0,10698.53,5.9,63324.12,5000.0,0,3,16382.79,48,Salaried,2.3378,1.8949,0.5174,Low
C00596,57,46-65,100756.46,724.0,186699.14,2.2,19117.98,5783.16,0,1,72994.76,36,Business,2.0427,0.6888,0.7245,Low
C00597,47,46-65,44203.98,676.0,28335.27,11.9,52887.37,5000.0,1,2,9396.72,48,Business,1.8375,1.3573,0.2126,Medium
C00598,56,46-65,156843.98,633.0,138678.1,13.1,76369.15,6487.0,0,1,23418.06,36,Self-employed,1.3711,0.4963,0.1493,Low
C00599,49,46-65,98164.05,644.0,304127.23,12.7,125396.42,5000.0,0,1,61131.99,60,Salaried,4.3756,0.6112,0.6228,Medium
C00600,49,46-65,37336.11,570.0,5184.36,15.2,50824.75,5000.0,1,4,1300.34,36,Salaried,1.5001,1.607,0.0348,Medium
C00601,48,46-65,39251.59,660.0,108824.1,6.2,58665.02,5000.0,0,1,9286.49,36,Self-employed,4.2671,1.5286,0.2366,High
C00602,56,46-65,90688.1,691.0,124540.7,10.8,62745.49,5165.44,0,1,44566.88,36,Salaried,2.0652,0.6835,0.4914,Low
C00603,54,46-65,,809.0,128023.88,15.1,74513.0,5000.0,0,2,0.0,12,Business,3.5997,1.0664,0.0,Medium
C00604,27,21-30,59219.38,720.0,170290.56,12.0,16112.99,5000.0,1,2,12181.35,24,Salaried,3.1477,1.0132,0.2057,Medium
C00605,58,46-65,130858.77,615.0,367804.11,10.1,152398.17,5000.0,1,0,10150.11,36,Salaried,3.9753,0.4585,0.0776,High
C00606,45,31-45,43060.6,572.0,134261.2,18.9,61631.91,5000.0,0,1,25743.54,12,Salaried,4.5492,1.3934,0.5978,High
C00607,35,31-45,68347.08,665.0,62099.02,6.7,91936.03,5000.0,1,2,0.0,60,Salaried,2.2537,0.8779,0.0,Medium
C00608,44,31-45,109884.8,741.0,147760.52,6.6,170284.93,6066.35,1,2,41011.08,48,Self-employed,2.8944,0.6625,0.3732,Medium
C00609,64,46-65,101433.35,663.0,259249.87,9.4,126570.19,5000.0,0,3,34215.87,48,Self-employed,3.8037,0.5915,0.3373,Medium
C00610,59,46-65,59537.14,721.0,159077.63,9.4,,5000.0,0,2,9095.97,12,Salaried,3.811,1.0078,0.1528,Medium
C00611,58,46-65,55450.41,666.0,160008.43,9.1,80473.46,5000.0,0,0,11774.91,48,Self-employed,4.3369,1.082,0.2124,Medium
C00612,41,31-45,24979.08,734.0,70852.23,2.4,30464.76,5000.0,0,0,2554.37,36,Salaried,4.0561,2.402,0.1023,High
C00613,56,46-65,36359.39,560.0,44414.17,16.4,40755.85,5000.0,0,1,19134.18,48,Self-employed,2.3424,1.6502,0.5263,Medium
C00614,38,31-45,77438.56,800.0,97149.69,10.8,84300.45,5000.0,0,1,40682.14,36,Business,2.3431,0.7748,0.5253,Low
C00615,51,46-65,60252.98,597.0,197468.5,0.8,101534.46,5000.0,0,3,28186.41,36,Salaried,4.9625,0.9958,0.4678,High
C00616,49,46-65,67734.6,740.0,164258.2,1.6,55265.97,5000.0,0,1,14080.5,60,Self-employed,3.2409,0.8858,0.2079,Low
C00617,32,31-45,115120.19,660.0,323723.35,18.8,106371.59,5000.0,0,0,31711.34,48,Business,3.7361,0.5212,0.2755,Medium
C00618,32,31-45,33830.39,671.0,66401.09,5.8,0.0,5000.0,0,2,20410.96,36,Salaried,1.9628,1.7736,0.6033,Low
C00619,23,21-30,57081.96,662.0,186615.74,8.9,91502.47,5000.0,0,2,10041.25,60,Self-employed,4.8723,1.0511,0.1759,Medium
C00620,27,21-30,72108.96,699.0,200825.5,3.9,51096.28,5000.0,0,4,13080.83,36,Salaried,3.4936,0.8321,0.1814,High
C00621,40,31-45,44128.21,714.0,45530.72,35.0,,5000.0,0,1,24111.4,24,Business,1.9411,1.3597,0.5464,Low
C00622,42,31-45,142836.37,759.0,461497.5,8.0,50524.43,5000.0,0,3,64974.28,24,Salaried,3.5847,0.4201,0.4549,Low
C00623,28,21-30,107137.17,786.0,151570.61,6.0,121381.76,5000.0,0,1,55590.81,36,Salaried,2.5477,0.56,0.5189,Low
C00624,39,31-45,76245.67,705.0,122860.61,15.6,61874.63,5000.0,0,0,10602.57,24,Self-employed,2.4229,0.7869,0.1391,Low
C00625,48,46-65,174376.15,809.0,500000.0,3.4,175953.72,11499.37,0,1,122178.97,36,Salaried,3.8764,0.7913,0.7007,Low
C00626,31,31-45,28502.59,687.0,41267.04,17.0,7773.77,5000.0,0,1,24642.71,36,Business,1.7206,2.1051,0.8646,Low
C00627,36,31-45,64724.37,761.0,92552.79,7.5,87202.6,5000.0,0,0,30662.92,12,Self-employed,2.7772,0.927,0.4737,Low
C00628,37,31-45,79509.19,712.0,180197.25,13.7,337.34,5000.0,0,0,8876.96,36,Self-employed,2.2706,0.7546,0.1116,Low
C00629,43,31-45,39306.19,639.0,164084.18,10.3,50534.58,5000.0,0,1,23923.57,36,Salaried,5.4602,1.5265,0.6086,Medium
C00630,37,31-45,76690.69,694.0,42003.23,7.1,,5000.0,1,0,35841.4,36,Self-employed,1.4939,0.7824,0.4674,Low
C00631,54,46-65,35366.57,718.0,76663.7,2.4,582.83,5000.0,1,3,19299.89,24,Salaried,2.1842,1.6965,0.5457,Medium
C00632,35,31-45,95030.11,678.0,178858.61,9.3,53838.77,5000.0,0,1,25044.88,60,Business,2.4487,0.6314,0.2635,Medium
C00633,40,31-45,116302.71,711.0,169331.72,4.6,167528.04,6410.92,0,0,42779.37,12,Salaried,2.8964,0.6615,0.3678,Low
C00634,38,31-45,75502.87,745.0,205183.22,9.1,132709.31,5000.0,0,0,2588.85,48,Salaried,4.4752,0.7947,0.0343,Low
C00635,29,21-30,23461.21,678.0,30602.63,14.7,27999.43,5000.0,0,3,4921.55,48,Salaried,2.4978,2.5574,0.2098,Low
C00636,51,46-65,38192.95,459.0,109222.38,12.0,31848.34,5000.0,0,1,709.77,48,Salaried,3.6936,1.571,0.0186,High
C00637,31,31-45,88674.98,806.0,240911.07,0.6,64405.16,5000.0,1,0,9699.66,36,Salaried,3.4431,0.6766,0.1094,Low
C00638,34,31-45,65762.29,658.0,241718.0,6.6,64636.58,5000.0,0,2,29654.59,48,Salaried,4.6585,0.9124,0.4509,Medium
C00639,56,46-65,18000.0,618.0,58401.27,5.3,16611.27,5000.0,0,1,9949.71,36,Self-employed,4.1674,3.3333,0.5528,High
C00640,63,46-65,128759.2,596.0,62340.27,5.8,101896.21,5000.0,0,3,43017.75,24,Salaried,1.2755,0.466,0.3341,Low
C00641,51,46-65,70073.76,655.0,187458.35,9.7,81500.9,5000.0,0,3,13204.44,36,Salaried,3.8382,0.8562,0.1884,Medium
C00642,62,46-65,41425.48,638.0,100318.53,6.1,56267.84,5000.0,0,1,16712.13,36,Salaried,3.78,1.4484,0.4034,High
C00643,59,46-65,112349.31,625.0,28354.54,4.6,36864.61,5000.0,1,0,70123.72,36,Business,0.5805,0.534,0.6242,Low
C00644,42,31-45,44779.04,629.0,96406.29,3.0,9011.32,5000.0,0,2,8001.98,48,Salaried,2.3542,1.3399,0.1787,Medium
C00645,55,46-65,44511.1,720.0,122498.14,6.4,4724.43,5000.0,0,0,10925.09,36,Salaried,2.8582,1.348,0.2454,Low
C00646,35,31-45,79160.8,832.0,68940.2,14.0,3463.17,5000.0,0,1,34641.97,48,Salaried,0.9146,0.758,0.4376,Low
C00647,41,31-45,173115.4,742.0,262447.72,14.5,146899.36,9553.53,0,2,110234.7,24,Salaried,2.3646,0.6622,0.6368,Low
C00648,45,31-45,158754.7,764.0,308421.07,10.4,47955.75,5000.0,0,3,91305.87,36,Salaried,2.2448,0.3779,0.5751,Low
C00649,64,46-65,79219.98,652.0,119020.73,1.3,9436.25,5000.0,1,2,51741.27,48,Salaried,1.6215,0.7574,0.6531,Low
C00650,59,46-65,83822.33,688.0,254268.94,9.7,33586.14,5000.0,0,0,14091.78,60,Salaried,3.4341,0.7158,0.1681,Low
C00651,43,31-45,100455.18,712.0,79158.46,20.2,116485.55,5535.41,0,0,65399.57,60,Self-employed,1.9476,0.6612,0.651,Low
C00652,50,46-65,32558.75,631.0,86870.51,3.2,42158.08,5000.0,0,2,1391.23,60,Salaried,3.9629,1.8428,0.0427,High
C00653,30,21-30,92635.17,648.0,256351.88,6.2,60770.29,5515.92,0,0,45433.25,36,Business,3.4233,0.7145,0.4905,High
C00654,57,46-65,43408.13,744.0,66766.31,14.1,33976.64,5000.0,0,1,27918.81,48,Salaried,2.3208,1.3822,0.6432,Low
C00655,45,31-45,77443.62,762.0,162224.87,1.5,79402.57,5000.0,0,0,11751.85,60,Salaried,3.12,0.7748,0.1517,Low
C00656,44,31-45,57356.15,685.0,49501.73,6.3,36476.75,5000.0,1,1,38927.79,60,Salaried,1.499,1.0461,0.6787,Low
C00657,55,46-65,85631.38,590.0,65745.19,23.1,157346.31,5678.56,1,1,16087.04,36,Salaried,2.6053,0.7958,0.1879,Medium
C00658,49,46-65,69362.35,658.0,162449.93,21.5,83452.48,5000.0,0,2,0.0,36,Salaried,3.5452,0.865,0.0,Medium
C00659,24,21-30,18000.0,572.0,8583.47,21.6,5244.86,5000.0,0,1,2795.79,36,Salaried,0.7682,3.3333,0.1553,Low
C00660,33,31-45,71720.58,686.0,214594.6,6.4,128025.31,5000.0,0,2,41193.3,48,Salaried,4.7771,0.8366,0.5744,Medium
C00661,28,21-30,92533.56,699.0,195389.89,18.7,103902.21,5000.0,0,1,21552.42,36,Self-employed,3.2344,0.6484,0.2329,Low
C00662,54,46-65,83067.03,660.0,35934.7,10.0,80921.82,5000.0,1,2,17034.84,48,Salaried,1.4068,0.7223,0.2051,Low
C00663,22,21-30,61434.1,698.0,89817.68,4.5,92199.57,5000.0,0,0,27710.86,48,Salaried,2.9628,0.9767,0.4511,Low
C00664,30,21-30,160384.84,711.0,475163.35,5.5,69345.96,8052.41,0,0,60445.0,48,Salaried,3.395,0.6025,0.3769,Low
C00665,47,46-65,77141.58,699.0,81963.49,11.4,70298.03,5000.0,0,2,7106.04,48,Self-employed,1.9738,0.7778,0.0921,Low
C00666,52,46-65,82690.74,590.0,230452.91,1.4,117547.21,5000.0,0,0,47809.25,36,Salaried,4.2085,0.7256,0.5782,Medium
C00667,43,31-45,115452.34,661.0,45453.48,7.7,141106.03,5000.0,1,2,29645.01,12,Self-employed,1.6159,0.5197,0.2568,Low
C00668,59,46-65,79345.63,711.0,263263.68,9.2,22204.66,5000.0,0,1,16984.36,12,Salaried,3.5978,0.7562,0.2141,Medium
C00669,62,46-65,39665.33,798.0,69013.18,12.8,39661.74,5000.0,0,1,11301.64,36,Salaried,2.7398,1.5127,0.2849,Low
C00670,26,21-30,18000.0,660.0,31918.58,1.8,26069.1,5000.0,0,1,326.39,24,Salaried,3.2215,3.3333,0.0181,Medium
C00671,63,46-65,49997.39,721.0,85629.87,7.7,26298.5,5000.0,0,1,34165.89,24,Salaried,2.2387,1.2001,0.6834,Low
C00672,48,46-65,98781.2,746.0,143369.38,15.3,164121.55,5000.0,0,2,36772.47,24,Salaried,3.1128,0.6074,0.3723,Low
C00673,49,46-65,53526.9,665.0,138199.81,26.9,1076.49,5000.0,0,0,19252.72,12,Self-employed,2.602,1.1209,0.3597,Low
C00674,25,21-30,100991.4,766.0,31121.1,4.5,127090.37,5193.75,1,0,30426.75,60,Self-employed,1.5666,0.6171,0.3013,Low
C00675,48,46-65,70540.55,770.0,51229.29,18.6,25192.77,5000.0,1,1,43430.99,36,Business,1.0834,0.8506,0.6157,Low
C00676,53,46-65,132002.86,784.0,103943.54,14.7,147917.32,8165.54,1,0,40020.38,36,Self-employed,1.908,0.7423,0.3032,Low
C00677,47,46-65,55258.27,714.0,129625.29,20.6,74913.56,5000.0,0,2,40452.28,36,Salaried,3.7015,1.0858,0.7321,Medium
C00678,24,21-30,84063.75,850.0,253539.52,1.4,115266.91,5428.59,1,1,63729.46,36,Salaried,4.3872,0.7749,0.7581,High
C00679,44,31-45,85851.93,634.0,46761.89,13.3,64503.6,5000.0,0,3,41123.61,12,Salaried,1.296,0.6989,0.479,Low
C00680,63,46-65,148452.98,839.0,442456.38,18.4,216928.65,5785.81,0,0,90899.1,60,Self-employed,4.4417,0.4677,0.6123,Medium
C00681,53,46-65,25425.1,738.0,69989.46,8.4,29140.97,5000.0,0,0,2057.95,36,Self-employed,3.8989,2.3599,0.0809,Medium
C00682,27,21-30,50514.62,781.0,33467.05,6.8,54648.36,5000.0,0,1,29495.65,48,Salaried,1.7444,1.1878,0.5839,Low
C00683,64,46-65,103655.32,656.0,67757.12,9.3,67464.18,5096.89,0,2,13023.13,36,Salaried,1.3045,0.5901,0.1256,Low
C00684,64,46-65,152114.01,743.0,198829.38,17.4,161688.43,10702.52,0,0,28489.22,36,Business,2.37,0.8443,0.1873,Low
C00685,28,21-30,74174.96,787.0,43758.25,4.6,109789.57,5000.0,0,0,20140.88,36,Business,2.0701,0.8089,0.2715,Low
C00686,57,46-65,55334.69,598.0,155124.46,4.4,39307.46,5000.0,1,1,0.0,24,Salaried,3.5137,1.0843,0.0,High
C00687,39,31-45,98573.49,668.0,180057.0,1.0,43058.74,6244.06,0,1,26344.91,36,Salaried,2.2634,0.7601,0.2673,Low
C00688,47,46-65,104812.57,519.0,169173.73,7.9,0.0,6323.82,0,1,37086.15,36,Salaried,1.6141,0.724,0.3538,Medium
C00689,41,31-45,53333.96,667.0,124820.06,2.7,19332.05,5000.0,1,1,31550.83,36,Business,2.7028,1.125,0.5916,Low
C00690,56,46-65,77949.12,619.0,90794.1,8.0,127929.86,5000.0,0,2,8974.18,48,Salaried,2.806,0.7697,0.1151,Medium
C00691,65,46-65,124421.78,664.0,389931.56,3.9,204342.26,8761.91,0,1,7848.93,24,Salaried,4.7763,0.8451,0.0631,Medium
C00692,56,46-65,183853.59,850.0,436580.33,5.7,216919.53,10337.63,0,0,106187.55,24,Self-employed,3.5545,0.6747,0.5776,Low
C00693,62,46-65,97789.77,809.0,105771.63,6.4,146986.85,5000.0,0,2,7936.13,60,Salaried,2.5847,0.6136,0.0812,Low
C00694,63,46-65,66597.28,572.0,129169.73,9.6,0.0,5000.0,0,2,28374.31,24,Salaried,1.9396,0.9009,0.4261,Low
C00695,25,21-30,63095.28,722.0,52163.33,10.1,105868.26,5000.0,0,1,15742.18,60,Self-employed,2.5047,0.9509,0.2495,Low
C00696,32,31-45,88319.01,740.0,317530.52,7.2,75447.41,5254.91,1,1,39197.75,48,Self-employed,4.4495,0.714,0.4438,Medium
C00697,53,46-65,60993.49,655.0,94248.54,6.1,0.0,5000.0,1,1,32379.03,48,Self-employed,1.5452,0.9837,0.5309,Low
C00698,47,46-65,72145.83,693.0,239308.95,5.6,47163.76,5000.0,1,0,35776.72,12,Self-employed,3.9707,0.8316,0.4959,Medium
C00699,23,21-30,36326.78,701.0,112298.51,2.1,21604.2,5000.0,1,2,11172.91,60,Salaried,3.6861,1.6517,0.3076,High
C00700,25,21-30,132657.25,579.0,261912.14,17.5,142385.36,9344.45,0,1,74206.57,36,Salaried,3.0477,0.8453,0.5594,Medium
C00701,44,31-45,34718.95,603.0,90191.93,4.5,0.0,5000.0,0,1,8716.72,12,Salaried,2.5978,1.7282,0.2511,High
C00702,48,46-65,51250.52,693.0,133576.89,8.7,43568.14,5000.0,0,1,6372.07,36,Salaried,3.4565,1.1707,0.1243,Medium
C00703,28,21-30,68584.29,687.0,43105.26,3.1,84160.0,5000.0,0,0,9397.68,36,Self-employed,1.8556,0.8748,0.137,Low
C00704,28,21-30,194305.19,627.0,500000.0,13.1,278771.3,6143.82,0,1,16182.78,48,Salaried,4.008,0.3794,0.0833,Medium
C00705,26,21-30,51516.99,620.0,106812.82,8.8,11351.15,5000.0,1,1,37611.98,24,Self-employed,2.2937,1.1647,0.7301,High
C00706,46,46-65,45063.77,673.0,144568.25,10.7,19211.53,5000.0,1,3,9551.5,12,Self-employed,3.6344,1.3314,0.212,High
C00707,21,21-30,48011.38,746.0,111652.97,3.0,31740.95,5000.0,0,0,3082.51,12,Business,2.9867,1.2497,0.0642,Low
C00708,46,46-65,161867.92,674.0,79185.5,11.0,211939.51,8736.3,0,2,79446.95,36,Business,1.7985,0.6477,0.4908,Low
C00709,42,31-45,18000.0,802.0,31126.46,1.5,39596.65,5000.0,0,2,11862.15,24,Salaried,3.9291,3.3333,0.659,Low
C00710,41,31-45,37445.31,628.0,5000.0,5.1,63837.54,5000.0,0,2,27968.24,48,Salaried,1.8383,1.6023,0.7469,Low
C00711,51,46-65,291953.94,694.0,209947.07,3.4,288176.28,19511.6,1,0,175354.6,24,Salaried,1.7062,0.802,0.6006,Low
C00712,44,31-45,89960.66,653.0,231267.02,8.7,61515.42,5000.0,1,2,50833.33,24,Salaried,3.2546,0.667,0.5651,High
C00713,53,46-65,35378.19,724.0,7306.1,18.2,50017.93,5000.0,0,3,0.0,36,Salaried,1.6203,1.696,0.0,Low
C00714,55,46-65,63518.57,621.0,199801.08,12.2,105446.12,5000.0,0,0,19808.32,60,Business,4.8056,0.9446,0.3119,Medium
C00715,62,46-65,67456.79,825.0,110293.95,20.7,83399.41,5000.0,0,0,37408.79,48,Self-employed,2.8714,0.8895,0.5546,Low
C00716,56,46-65,103519.1,553.0,170033.45,9.0,40896.24,5719.36,0,0,42783.42,24,Business,2.0376,0.663,0.4133,Low
C00717,44,31-45,178772.38,809.0,223877.65,13.3,300039.87,5000.0,0,1,46875.87,36,Salaried,2.9306,0.3356,0.2622,Low
C00718,43,31-45,80486.6,687.0,32584.16,16.0,405.75,5000.0,0,2,4980.15,24,Salaried,0.4099,0.7455,0.0619,Low
C00719,31,31-45,48303.48,721.0,81805.96,15.9,77775.48,5000.0,2,1,0.0,12,Salaried,3.3037,1.2421,0.0,High
C00720,47,46-65,100211.58,780.0,128703.74,2.9,98676.42,6125.84,0,1,72851.27,24,Salaried,2.269,0.7335,0.727,Low
C00721,27,21-30,44271.82,744.0,108151.33,4.4,51801.58,5000.0,0,3,22382.72,36,Self-employed,3.613,1.3553,0.5056,Medium
C00722,62,46-65,36820.39,625.0,75837.09,14.8,32147.22,5000.0,0,4,17297.52,12,Salaried,2.9327,1.6295,0.4698,High
C00723,59,46-65,24690.97,725.0,12506.81,20.8,69.43,5000.0,0,0,0.0,36,Salaried,0.5093,2.43,0.0,Low
C00724,26,21-30,27482.97,820.0,39843.5,4.1,1861.45,5000.0,0,0,10052.26,36,Salaried,1.5175,2.1832,0.3658,Low
C00725,56,46-65,39699.65,613.0,44056.96,4.6,659.01,5000.0,0,1,16403.24,36,Business,1.1264,1.5113,0.4132,Low
C00726,26,21-30,34008.24,839.0,28015.79,12.1,30142.41,5000.0,1,1,23069.04,24,Business,1.7101,1.7643,0.6783,Low
C00727,53,46-65,77220.68,709.0,198101.72,6.1,40625.1,5000.0,0,0,37693.92,60,Salaried,3.0915,0.777,0.4881,Low
C00728,24,21-30,33606.39,648.0,5705.44,15.4,37126.33,5000.0,0,1,0.0,24,Salaried,1.2745,1.7854,0.0,Medium
C00729,42,31-45,18000.0,613.0,5576.29,12.8,16695.59,5000.0,0,1,11947.58,48,Salaried,1.2373,3.3333,0.6638,Low
C00730,50,46-65,36606.87,663.0,80110.11,16.8,7671.6,5000.0,1,0,12899.2,48,Salaried,2.398,1.639,0.3524,Low
C00731,53,46-65,50142.27,533.0,98213.79,6.8,58761.18,5000.0,1,0,22788.5,24,Salaried,3.1306,1.1966,0.4545,High
C00732,39,31-45,46590.19,649.0,143694.97,5.8,15261.5,5000.0,3,1,9381.16,36,Salaried,3.4118,1.2878,0.2014,High
C00733,62,46-65,149923.6,660.0,439044.07,4.7,180130.45,7248.32,1,0,103378.51,60,Salaried,4.1299,0.5802,0.6895,High
C00734,55,46-65,46383.27,599.0,119514.48,20.5,45471.69,5000.0,0,1,5927.43,24,Salaried,3.557,1.2936,0.1278,High
C00735,30,21-30,105519.44,736.0,197234.28,3.0,140196.59,5000.0,0,1,67760.61,24,Self-employed,3.1978,0.5686,0.6422,Low
C00736,51,46-65,64324.9,664.0,104641.65,2.7,1692.79,5000.0,1,4,4878.92,24,Self-employed,1.6531,0.9328,0.0758,Medium
C00737,53,46-65,63505.07,632.0,21936.17,9.2,0.0,5000.0,0,1,15252.82,48,Business,0.3454,0.9448,0.2402,Low
C00738,36,31-45,41055.64,656.0,123564.84,5.8,7245.91,5000.0,0,0,16561.58,36,Salaried,3.1862,1.4614,0.4034,High
C00739,54,46-65,62932.13,707.0,115782.5,16.1,104379.12,5000.0,1,1,0.0,48,Salaried,3.4984,0.9534,0.0,Medium
C00740,61,46-65,,685.0,52889.28,2.5,23069.45,5000.0,0,2,39046.1,36,Self-employed,1.78,1.406,0.915,Low
C00741,57,46-65,71371.64,627.0,142724.18,7.3,60027.98,5000.0,0,4,25906.69,60,Salaried,2.8408,0.8407,0.363,High
C00742,55,46-65,57079.78,689.0,136674.33,1.7,24869.33,5000.0,0,0,18199.31,36,Salaried,2.8301,1.0512,0.3188,Medium
C00743,49,46-65,38661.41,676.0,89900.45,6.5,45880.43,5000.0,0,2,23180.19,48,Salaried,3.5121,1.5519,0.5996,Medium
C00744,33,31-45,112160.31,595.0,78124.54,9.0,96807.33,6305.06,0,1,51939.79,48,Salaried,1.5597,0.6746,0.4631,Low
C00745,56,46-65,82199.53,658.0,268186.78,8.1,26368.29,5311.29,0,1,32949.5,12,Business,3.5834,0.7754,0.4008,Medium
C00746,37,31-45,50802.87,723.0,31316.35,7.7,20231.44,5000.0,0,0,27569.33,24,Salaried,1.0147,1.181,0.5427,Low
C00747,44,31-45,70415.15,723.0,240877.95,12.9,28217.74,5000.0,0,1,29994.02,12,Self-employed,3.8216,0.8521,0.426,Medium
C00748,35,31-45,62071.37,663.0,105650.88,4.0,45095.59,5000.0,0,2,21305.95,60,Salaried,2.4286,0.9666,0.3432,Medium
C00749,35,31-45,40334.7,731.0,130233.24,10.8,49675.67,5000.0,0,5,4066.08,60,Self-employed,4.4604,1.4876,0.1008,Medium
C00750,28,21-30,67569.74,607.0,227726.28,7.5,91161.27,5000.0,1,2,25569.12,36,Salaried,4.7194,0.888,0.3784,High
C00751,64,46-65,46193.12,609.0,64548.93,6.6,5467.06,5000.0,0,1,9456.48,36,Salaried,1.5157,1.2989,0.2047,Low
C00752,27,21-30,38654.9,661.0,100363.78,11.6,20955.09,5000.0,1,0,7323.07,36,Salaried,3.1385,1.5522,0.1894,High
C00753,24,21-30,26625.39,792.0,5000.0,9.5,17166.16,5000.0,0,0,8738.24,12,Salaried,0.8325,2.2535,0.3282,Low
C00754,63,46-65,53364.9,692.0,20418.09,11.3,76508.83,5000.0,0,1,29538.38,36,Salaried,1.8163,1.1243,0.5535,Low
C00755,45,31-45,88785.3,659.0,131865.27,26.0,35242.76,5000.0,0,0,46805.92,36,Salaried,1.8822,0.6758,0.5272,Low
C00756,40,31-45,44359.4,796.0,92696.91,7.4,50125.19,5000.0,2,2,19153.82,24,Salaried,3.2197,1.3526,0.4318,High
C00757,54,46-65,260024.81,658.0,33337.67,2.8,167922.18,8675.94,0,2,114538.47,24,Salaried,0.774,0.4004,0.4405,Low
C00758,38,31-45,105796.18,848.0,201304.63,4.1,72131.74,5000.0,0,0,7002.18,36,Salaried,2.5846,0.5671,0.0662,Low
C00759,26,21-30,133188.96,642.0,448784.73,20.4,90508.86,6574.02,0,1,55770.21,36,Self-employed,4.0491,0.5923,0.4187,Medium
C00760,53,46-65,100662.26,604.0,320065.74,6.4,104501.04,5000.0,0,0,19902.53,48,Business,4.2177,0.5961,0.1977,High
C00761,28,21-30,180091.13,668.0,178010.4,12.9,144136.56,10116.67,0,1,62449.82,60,Salaried,1.7888,0.6741,0.3468,Low
C00762,45,31-45,42162.71,661.0,68202.57,8.0,29107.18,5000.0,0,1,40468.55,48,Business,2.308,1.4231,0.9598,Low
C00763,63,46-65,18000.0,619.0,11297.0,3.5,18135.33,5000.0,0,1,0.0,36,Salaried,1.6351,3.3333,0.0,Medium
C00764,63,46-65,50857.02,850.0,44927.74,9.4,43824.59,5000.0,0,0,32049.87,60,Salaried,1.7451,1.1798,0.6302,High
C00765,37,31-45,88358.95,704.0,274859.33,4.9,134597.89,5000.0,2,1,24516.54,36,Business,4.634,0.679,0.2775,High
C00766,56,46-65,70648.83,715.0,246185.72,5.4,118441.57,5000.0,0,0,35847.63,48,Salaried,5.1611,0.8493,0.5074,Low
C00767,48,46-65,75633.34,645.0,80985.42,8.1,88293.35,5000.0,2,3,12850.74,48,Salaried,2.2382,0.7933,0.1699,High
C00768,42,31-45,134409.05,637.0,114832.15,2.0,189871.91,6936.91,0,2,17688.65,12,Business,2.267,0.6193,0.1316,Low
C00769,27,21-30,80199.63,757.0,109999.44,12.7,77187.77,5000.0,0,2,42959.97,48,Salaried,2.334,0.7481,0.5357,Low
C00770,37,31-45,100865.64,554.0,143722.33,5.9,100086.64,5913.6,0,2,50811.88,36,Self-employed,2.4172,0.7035,0.5038,High
C00771,50,46-65,38769.26,594.0,10748.59,13.8,54275.85,5000.0,0,1,27103.65,48,Salaried,1.6772,1.5476,0.6991,Medium
C00772,65,46-65,35584.88,661.0,28464.03,13.5,38946.2,5000.0,0,1,10177.01,36,Salaried,1.8944,1.6861,0.286,Low
C00773,21,21-30,157929.69,781.0,235031.05,7.2,136741.46,5000.0,0,1,64506.2,36,Salaried,2.354,0.3799,0.4084,Low
C00774,53,46-65,68709.2,652.0,77320.12,9.0,20917.4,5000.0,0,1,27924.04,60,Salaried,1.4298,0.8732,0.4064,Low
C00775,59,46-65,46136.81,711.0,131675.88,10.9,78996.44,5000.0,0,0,9422.62,36,Salaried,4.5663,1.3005,0.2042,Medium
C00776,63,46-65,46183.39,682.0,125139.76,6.3,18643.4,5000.0,1,0,6622.68,24,Self-employed,3.1133,1.2992,0.1434,High
C00777,40,31-45,45484.41,777.0,84554.64,1.6,11965.24,5000.0,0,1,28167.24,12,Salaried,2.122,1.3191,0.6193,Low
C00778,26,21-30,44011.89,561.0,58625.41,9.4,1495.13,5000.0,1,2,13830.73,36,Salaried,1.366,1.3633,0.3142,Medium
C00779,33,31-45,32093.58,735.0,98559.4,16.0,27399.25,5000.0,0,1,22656.59,36,Salaried,3.9247,1.8695,0.706,Low
C00780,59,46-65,28478.69,665.0,14128.23,4.8,12302.14,5000.0,0,0,0.0,60,Salaried,0.9281,2.1068,0.0,Low
C00781,60,46-65,58389.43,749.0,174005.24,14.3,111823.09,5000.0,1,3,4302.68,24,Salaried,4.8952,1.0276,0.0737,Medium
C00782,49,46-65,46912.21,619.0,5000.0,3.1,40219.81,5000.0,0,0,6943.98,12,Salaried,0.9639,1.279,0.148,Low
C00783,26,21-30,119501.02,682.0,400613.05,6.9,177409.15,5495.86,0,2,76172.44,24,Business,4.837,0.5519,0.6374,Medium
C00784,26,21-30,76369.2,672.0,47029.59,7.6,19492.13,5000.0,2,0,38787.87,36,Self-employed,0.8711,0.7857,0.5079,Low
C00785,42,31-45,75212.09,605.0,226964.39,8.2,64881.58,5000.0,1,1,53282.1,36,Salaried,3.8803,0.7977,0.7084,High
C00786,47,46-65,43192.68,584.0,15291.87,4.2,51842.19,5000.0,0,1,26030.01,48,Salaried,1.5543,1.3891,0.6026,Low
C00787,22,21-30,60814.1,636.0,186240.06,3.2,7025.66,5000.0,0,1,12469.06,60,Self-employed,3.178,0.9866,0.205,High
C00788,51,46-65,79276.19,690.0,161364.72,7.1,58949.71,5000.0,0,3,58744.46,12,Salaried,2.7791,0.7568,0.741,Low
C00789,45,31-45,96379.64,623.0,6878.01,11.8,158058.14,5000.0,0,0,50518.14,24,Salaried,1.7113,0.6225,0.5242,Low
C00790,21,21-30,61728.56,655.0,176985.58,4.7,80469.75,5000.0,0,4,11793.66,36,Business,4.1708,0.972,0.1911,High
C00791,25,21-30,117672.5,539.0,58987.04,7.5,202734.37,5000.0,0,0,36789.37,48,Business,2.2242,0.5099,0.3126,Medium
C00792,41,31-45,65286.25,652.0,123211.41,26.0,70605.34,5000.0,0,0,21516.7,24,Salaried,2.9687,0.919,0.3296,Low
C00793,53,46-65,100529.7,757.0,134317.05,9.9,50877.02,5000.0,0,2,18323.62,60,Salaried,1.8422,0.5968,0.1823,Low
C00794,58,46-65,49648.52,733.0,136795.38,7.0,70215.02,5000.0,1,1,3846.26,24,Salaried,4.1695,1.2085,0.0775,High
C00795,40,31-45,23985.84,673.0,78545.8,8.0,40123.32,5000.0,0,0,18245.52,48,Salaried,4.9475,2.5015,0.7607,Low
C00796,34,31-45,75338.0,698.0,118251.98,23.0,78351.2,5000.0,1,0,17918.64,24,Salaried,2.6096,0.7964,0.2378,Low
C00797,64,46-65,96864.73,618.0,270255.09,12.1,14960.37,5000.0,0,0,30086.01,48,Salaried,2.9445,0.6194,0.3106,Medium
C00798,41,31-45,89195.3,,287224.41,4.9,56801.7,5000.0,0,0,60959.85,36,Salaried,3.857,0.6727,0.6834,Medium
C00799,35,31-45,81989.4,835.0,212446.02,12.8,99977.45,5000.0,0,3,51962.64,48,Self-employed,3.8105,0.7318,0.6338,Low
C00800,40,31-45,53659.82,692.0,75612.64,3.7,3410.26,5000.0,0,1,5682.82,24,Salaried,1.4727,1.1182,0.1059,Low
C00801,21,21-30,41707.33,850.0,77852.83,8.8,20493.11,5000.0,0,2,9011.08,60,Salaried,2.358,1.4386,0.2161,Low
C00802,34,31-45,88044.1,629.0,79932.66,17.7,92914.55,5000.0,0,0,22669.39,48,Self-employed,1.9632,0.6815,0.2575,Low
C00803,44,31-45,82181.76,586.0,145626.85,8.9,112817.57,5000.0,0,1,41248.13,60,Salaried,3.1448,0.7301,0.5019,High
C00804,62,46-65,47745.88,627.0,57599.6,3.5,43947.51,5000.0,1,2,6248.23,36,Business,2.1268,1.2567,0.1309,High
C00805,54,46-65,119649.97,664.0,347582.64,8.3,92129.21,5000.0,1,2,45480.28,12,Business,3.675,0.5015,0.3801,High
C00806,56,46-65,39997.27,850.0,89748.92,17.6,34994.62,5000.0,0,1,0.0,36,Self-employed,3.1188,1.5001,0.0,Low
C00807,45,31-45,47155.44,659.0,114226.13,4.6,70800.64,5000.0,0,0,20057.7,24,Salaried,3.9238,1.2724,0.4254,Medium
C00808,25,21-30,159879.62,616.0,77781.55,12.7,99422.36,9649.98,0,1,35556.59,24,Business,1.1084,0.7243,0.2224,Low
C00809,38,31-45,104805.61,613.0,31373.45,18.2,33820.62,5573.97,0,2,22527.51,60,Salaried,0.622,0.6382,0.2149,Low
C00810,65,46-65,53382.46,766.0,132320.31,10.7,15769.68,5000.0,0,0,4908.93,36,Salaried,2.7741,1.124,0.092,Medium
C00811,22,21-30,76130.32,755.0,150071.55,8.6,22922.48,5000.0,0,0,24758.69,36,Self-employed,2.2723,0.7881,0.3252,Low
C00812,60,46-65,70776.22,644.0,227428.46,5.0,0.0,5000.0,0,1,28477.09,60,Self-employed,3.2133,0.8477,0.4024,Medium
C00813,51,46-65,18000.0,539.0,28686.61,5.4,13746.95,5000.0,1,1,12200.05,36,Salaried,2.3574,3.3333,0.6778,High
C00814,33,31-45,39481.28,595.0,37368.02,7.0,11994.32,5000.0,0,0,0.0,48,Business,1.2503,1.5197,0.0,Low
C00815,56,46-65,63207.42,809.0,146125.17,12.9,102514.46,5000.0,0,1,18678.31,36,Salaried,3.9337,0.9493,0.2955,Low
C00816,58,46-65,53423.51,732.0,154986.91,29.9,12698.3,5000.0,0,2,16706.4,24,Salaried,3.1388,1.1231,0.3127,Low
C00817,22,21-30,74462.35,685.0,13995.33,4.7,94031.04,5000.0,0,2,21931.44,60,Salaried,1.4508,0.8058,0.2945,Low
C00818,25,21-30,120977.25,820.0,289752.44,11.8,32.12,5124.17,3,1,61409.91,24,Salaried,2.3954,0.5083,0.5076,Low
C00819,50,46-65,54464.14,827.0,36489.6,15.6,55356.69,5000.0,1,2,39458.29,24,Business,1.6864,1.1016,0.7245,Low
C00820,65,46-65,36331.21,677.0,38412.25,8.5,60630.3,5000.0,0,3,13325.63,36,Salaried,2.7261,1.6515,0.3668,Low
C00821,22,21-30,77715.57,679.0,29981.5,8.2,128378.63,5000.0,0,2,20775.75,36,Salaried,2.0377,0.772,0.2673,Low
C00822,50,46-65,54311.96,636.0,127554.14,2.5,4973.04,5000.0,0,1,9119.9,36,Business,2.4401,1.1047,0.1679,Medium
C00823,27,21-30,59653.47,659.0,169899.63,9.4,95491.65,5000.0,0,3,41136.05,36,Self-employed,4.4489,1.0058,0.6896,Medium
C00824,50,46-65,55363.01,569.0,42780.16,8.0,57394.86,5000.0,0,1,36385.77,48,Self-employed,1.8094,1.0838,0.6572,Low
C00825,49,46-65,223050.47,568.0,500000.0,6.5,183866.9,6317.57,0,2,136674.21,36,Self-employed,3.066,0.3399,0.6128,Medium
C00826,25,21-30,18953.71,551.0,48192.82,10.4,25879.66,5000.0,1,0,7777.19,12,Salaried,3.9081,3.1656,0.4103,High
C00827,51,46-65,52499.5,761.0,82222.61,4.0,43648.44,5000.0,0,0,27125.7,48,Self-employed,2.3976,1.1429,0.5167,Low
C00828,61,46-65,64868.25,563.0,35642.97,4.6,41238.75,5000.0,1,0,20749.86,60,Salaried,1.1852,0.925,0.3199,Low
C00829,59,46-65,42298.81,826.0,29124.66,9.5,9283.59,5000.0,2,1,18542.22,24,Salaried,0.908,1.4185,0.4384,Low
C00830,22,21-30,106622.17,625.0,94992.1,20.4,8576.77,7096.62,0,1,45125.06,36,Salaried,0.9714,0.7987,0.4232,Low
C00831,32,31-45,101664.58,810.0,340348.07,7.4,94910.68,5000.0,0,1,42764.24,24,Self-employed,4.2813,0.5902,0.4206,Low
C00832,31,31-45,63315.0,653.0,166878.82,8.5,20538.06,5000.0,0,0,20593.17,60,Salaried,2.9601,0.9476,0.3252,Medium
C00833,41,31-45,56009.24,563.0,16178.76,8.3,37057.15,5000.0,0,2,28086.52,12,Business,0.9505,1.0713,0.5015,Low
C00834,27,21-30,61118.28,776.0,115319.8,3.8,12770.13,5000.0,2,1,37049.94,24,Business,2.0958,0.9817,0.6062,Low
C00835,59,46-65,61359.78,785.0,57133.1,6.8,,5000.0,0,1,22718.17,36,Salaried,1.8592,0.9778,0.3702,Low
C00836,55,46-65,62257.69,612.0,5000.0,9.2,73176.48,5000.0,0,1,28280.31,36,Business,1.2557,0.9637,0.4542,Low
C00837,57,46-65,58614.83,655.0,73047.19,9.1,81347.32,5000.0,0,1,24906.29,48,Salaried,2.6341,1.0236,0.4249,Low
C00838,29,21-30,74681.65,612.0,35904.49,11.0,104403.48,5000.0,0,2,33330.21,24,Salaried,1.8787,0.8034,0.4463,Medium
C00839,21,21-30,98361.94,671.0,94658.67,3.7,189650.91,5153.34,0,1,34478.24,24,Salaried,2.8904,0.6287,0.3505,Medium
C00840,61,46-65,33040.83,688.0,30415.97,5.3,5995.06,5000.0,0,0,12163.43,24,Salaried,1.102,1.8159,0.3681,Low
C00841,34,31-45,36471.17,654.0,78043.56,2.0,14350.6,5000.0,0,1,15279.42,24,Salaried,2.5333,1.6451,0.4189,Medium
C00842,50,46-65,24846.14,544.0,47853.82,18.5,21582.2,5000.0,1,3,11197.08,48,Self-employed,2.7946,2.4149,0.4507,High
C00843,61,46-65,104679.77,636.0,200091.24,6.1,7656.89,6902.29,0,1,54017.27,60,Salaried,1.9846,0.7912,0.516,Low
C00844,22,21-30,74594.37,733.0,109880.31,9.8,29529.37,5000.0,0,0,23432.71,12,Salaried,1.8689,0.8044,0.3141,Low
C00845,21,21-30,85822.77,664.0,137936.94,8.2,141965.79,5644.68,0,4,9476.88,36,Business,3.2614,0.7893,0.1104,High
C00846,21,21-30,29611.51,655.0,40923.11,1.0,37937.66,5000.0,2,0,12960.6,60,Salaried,2.6632,2.0262,0.4377,High
C00847,28,21-30,173488.05,610.0,500000.0,3.2,165293.63,11728.39,0,0,92757.97,36,Salaried,3.8348,0.8112,0.5347,High
C00848,23,21-30,46503.11,634.0,14311.6,7.9,50951.08,5000.0,0,0,18398.74,24,Salaried,1.4034,1.2902,0.3956,Low
C00849,57,46-65,71300.29,786.0,150024.77,11.7,103167.07,5000.0,1,1,14404.15,12,Salaried,3.5511,0.8415,0.202,Low
C00850,48,46-65,103990.43,595.0,78394.03,11.1,163854.06,6523.52,1,0,28835.42,24,Salaried,2.3295,0.7528,0.2773,High
C00851,65,46-65,37771.26,734.0,67816.31,2.8,64725.94,5000.0,1,3,23604.55,36,Salaried,3.5091,1.5885,0.6249,Medium
C00852,57,46-65,48130.15,684.0,92883.15,3.8,33085.66,5000.0,0,0,23240.09,12,Self-employed,2.6173,1.2466,0.4829,Low
C00853,64,46-65,71731.63,,180824.32,10.5,85995.51,5000.0,0,2,22335.45,36,Self-employed,3.7197,0.8365,0.3114,Medium
C00854,31,31-45,312935.61,625.0,500000.0,11.1,75522.46,14674.38,0,3,43252.33,60,Business,1.8391,0.5627,0.1382,Low
C00855,33,31-45,76707.99,654.0,124602.8,2.7,144827.36,5000.0,0,0,13224.49,24,Salaried,3.5124,0.7822,0.1724,Medium
C00856,59,46-65,157257.71,680.0,157994.87,10.5,79923.81,6974.47,1,1,37852.93,24,Salaried,1.5129,0.5322,0.2407,Low
C00857,32,31-45,126154.52,641.0,345038.89,7.9,103974.68,6441.72,1,0,23706.76,24,Salaried,3.5592,0.6127,0.1879,High
C00858,23,21-30,79582.39,705.0,63992.78,6.9,143355.76,5000.0,0,0,31053.1,60,Business,2.6055,0.7539,0.3902,Low
C00859,51,46-65,37725.25,714.0,59241.16,20.7,,5000.0,0,2,2808.06,60,Business,3.1852,1.5904,0.0744,Low
C00860,57,46-65,116425.52,843.0,342302.9,7.4,67172.81,5000.0,0,0,39230.51,24,Self-employed,3.5171,0.5154,0.337,Low
C00861,64,46-65,28514.89,701.0,52690.38,5.6,23054.92,5000.0,0,2,15684.1,36,Salaried,2.6563,2.1042,0.55,Low
C00862,62,46-65,156783.93,537.0,297037.02,13.4,138283.99,5033.98,0,2,0.0,36,Salaried,2.7766,0.3853,0.0,Medium
C00863,26,21-30,72558.29,767.0,52550.87,13.0,82783.08,5000.0,0,2,24884.05,60,Salaried,1.8652,0.8269,0.343,Low
C00864,55,46-65,18000.0,665.0,16958.84,17.9,31134.59,5000.0,0,4,9527.27,24,Self-employed,2.6719,3.3333,0.5293,Medium
C00865,59,46-65,53898.84,831.0,191259.67,12.5,6099.27,5000.0,0,0,18551.26,48,Business,3.6617,1.1132,0.3442,Low
C00866,52,46-65,93135.79,790.0,71048.41,12.2,,5000.0,0,0,54394.55,48,Salaried,1.9976,0.6442,0.584,Low
C00867,57,46-65,57055.48,642.0,75460.17,8.3,31041.63,5000.0,0,2,6526.79,48,Salaried,1.8666,1.0516,0.1144,Low
C00868,58,46-65,96316.58,734.0,191523.51,28.3,163241.54,5000.0,1,1,48644.67,36,Salaried,3.6833,0.6229,0.505,Low
C00869,41,31-45,40726.3,635.0,39741.42,4.0,42215.94,5000.0,0,1,4661.09,60,Self-employed,2.0124,1.4732,0.1144,Low
C00870,22,21-30,31693.04,680.0,22361.5,11.3,53782.01,5000.0,0,0,18173.04,60,Salaried,2.4025,1.8932,0.5734,Low
C00871,41,31-45,62495.36,731.0,43138.42,3.7,5484.74,5000.0,0,0,26644.85,36,Self-employed,0.778,0.9601,0.4263,Low
C00872,30,21-30,66138.33,763.0,127508.16,8.3,104511.67,5000.0,1,1,7151.18,36,Self-employed,3.5081,0.9072,0.1081,Medium
C00873,26,21-30,53665.8,747.0,80801.8,8.2,86938.19,5000.0,0,1,38388.7,12,Salaried,3.1256,1.118,0.7153,Low
C00874,26,21-30,127663.44,686.0,367583.78,8.3,112310.54,5000.0,0,0,73755.57,12,Self-employed,3.7591,0.47,0.5777,Low
C00875,52,46-65,40722.19,850.0,33157.38,1.9,61272.49,5000.0,0,2,15090.26,48,Business,2.3189,1.4734,0.3706,Low
C00876,43,31-45,77217.67,653.0,237896.88,6.1,90784.75,5000.0,0,2,18767.3,36,Salaried,4.2566,0.777,0.243,Low
C00877,45,31-45,67475.92,559.0,72918.43,31.4,99417.91,5000.0,0,2,6268.98,48,Salaried,2.554,0.8892,0.0929,Medium
C00878,54,46-65,27610.43,574.0,49140.31,8.9,29769.01,5000.0,1,1,3859.02,36,Self-employed,2.858,2.1731,0.1398,High
C00879,45,31-45,31466.41,791.0,110152.28,15.2,58435.07,5000.0,0,0,20672.63,60,Salaried,5.3577,1.9068,0.657,Low
C00880,49,46-65,65427.22,674.0,199323.36,10.4,23471.73,5000.0,0,0,6073.64,36,Salaried,3.4052,0.917,0.0928,Medium
C00881,24,21-30,193262.09,692.0,242805.19,26.3,76432.65,5418.77,0,2,82409.37,36,Salaried,1.6518,0.3365,0.4264,Low
C00882,59,46-65,89387.93,639.0,127806.25,10.5,79037.87,5000.0,0,1,49881.08,48,Salaried,2.314,0.6712,0.558,Low
C00883,41,31-45,25160.82,646.0,80874.68,9.0,56555.56,5000.0,0,0,10890.49,24,Salaried,5.4621,2.3847,0.4328,Medium
C00884,27,21-30,18000.0,621.0,5000.0,3.0,11234.02,5000.0,0,0,2040.02,24,Self-employed,0.9019,3.3333,0.1133,Low
C00885,57,46-65,97277.41,715.0,107480.37,3.1,69018.54,6743.98,0,1,13895.69,48,Salaried,1.8144,0.8319,0.1428,Low
C00886,54,46-65,61649.79,673.0,117129.56,5.4,9001.74,5000.0,0,2,18552.3,36,Salaried,2.0459,0.9732,0.3009,Low
C00887,23,21-30,121763.85,713.0,350926.7,7.2,223864.16,5597.91,0,1,39277.94,36,Salaried,4.7205,0.5517,0.3226,Medium
C00888,29,21-30,40044.54,705.0,81089.06,3.4,37346.44,5000.0,0,3,20409.99,24,Salaried,2.9576,1.4983,0.5097,Medium
C00889,21,21-30,78807.18,648.0,138579.1,8.9,0.0,5000.0,0,1,44312.49,24,Self-employed,1.7585,0.7614,0.5623,Low
C00890,33,31-45,103521.85,571.0,342112.26,8.7,0.0,6532.27,0,1,29678.16,24,Self-employed,3.3047,0.7572,0.2867,High
C00891,25,21-30,50819.61,564.0,26035.29,22.3,90507.12,5000.0,1,1,0.0,24,Self-employed,2.2933,1.1806,0.0,High
C00892,52,46-65,51420.67,850.0,143639.32,24.3,42473.81,5000.0,0,1,21403.51,48,Salaried,3.6194,1.1668,0.4162,Low
C00893,44,31-45,65909.45,791.0,26936.65,13.4,73585.16,5000.0,0,2,21755.73,60,Salaried,1.5252,0.9103,0.3301,Low
C00894,65,46-65,87606.86,781.0,232387.96,13.6,145321.14,5000.0,0,1,46510.22,36,Salaried,4.3114,0.6849,0.5309,Low
C00895,54,46-65,64489.57,629.0,122065.76,16.7,94327.8,5000.0,1,1,7230.69,24,Self-employed,3.3555,0.9304,0.1121,High
C00896,48,46-65,111061.63,681.0,117104.61,10.6,46478.16,5000.0,0,0,73198.01,36,Self-employed,1.4729,0.5402,0.6591,Low
C00897,43,31-45,50416.72,619.0,92677.01,17.3,61764.43,5000.0,2,1,36856.57,60,Salaried,3.0633,1.1901,0.731,High
C00898,23,21-30,31304.75,582.0,107425.84,2.8,62766.98,5000.0,0,0,16880.83,12,Salaried,5.4366,1.9166,0.5392,High
C00899,24,21-30,192813.56,,343478.63,14.6,62148.18,10528.94,1,1,53923.3,60,Salaried,2.1037,0.6553,0.2797,Low
C00900,48,46-65,46611.1,779.0,5000.0,3.5,52831.53,5000.0,1,1,18977.41,36,Self-employed,1.2407,1.2872,0.4071,Low
C00901,21,21-30,47548.21,743.0,21398.73,3.9,80855.98,5000.0,1,0,18527.02,36,Self-employed,2.1505,1.2619,0.3896,Low
C00902,22,21-30,62689.59,607.0,156726.33,16.6,0.0,5000.0,1,2,24959.12,24,Salaried,2.5,0.9571,0.3981,High
C00903,30,21-30,67446.65,656.0,153811.32,5.0,58215.29,5000.0,1,0,17523.47,36,Salaried,3.1436,0.8896,0.2598,High
C00904,60,46-65,52547.17,736.0,69918.18,4.1,18541.15,5000.0,0,2,22744.63,24,Salaried,1.6834,1.1418,0.4328,Low
C00905,41,31-45,64379.72,637.0,69368.5,11.0,14607.64,5000.0,0,2,44795.31,60,Self-employed,1.3044,0.932,0.6958,Low
C00906,52,46-65,63593.93,686.0,148996.59,4.6,34209.46,5000.0,0,1,26941.95,36,Salaried,2.8809,0.9435,0.4237,Medium
C00907,39,31-45,71560.12,710.0,75874.35,4.1,40645.04,5000.0,0,1,47195.47,48,Business,1.6283,0.8385,0.6595,Low
C00908,28,21-30,18000.0,709.0,5000.0,2.5,0.0,5000.0,0,3,7880.52,48,Salaried,0.2778,3.3333,0.4378,Low
C00909,37,31-45,182887.14,699.0,285864.79,5.9,301256.47,11315.75,1,0,79985.73,36,Self-employed,3.2103,0.7425,0.4374,Medium
C00910,25,21-30,59942.08,631.0,110329.25,13.3,101302.91,5000.0,0,0,18213.01,48,Self-employed,3.5306,1.001,0.3038,Medium
C00911,55,46-65,89454.46,639.0,299944.49,14.6,160830.99,5178.22,0,2,44957.48,48,Business,5.151,0.6946,0.5026,Medium
C00912,29,21-30,30460.52,595.0,57517.77,7.0,37987.12,5000.0,0,2,14575.58,48,Salaried,3.1354,1.9698,0.4785,High
C00913,37,31-45,50165.98,563.0,54019.49,22.1,24657.33,5000.0,0,2,29785.97,36,Salaried,1.5683,1.196,0.5937,Low
C00914,65,46-65,44907.89,671.0,123338.71,11.5,6228.22,5000.0,0,1,8570.56,36,Business,2.8852,1.3361,0.1908,Medium
C00915,47,46-65,145872.85,741.0,150244.61,16.8,200202.08,8733.87,2,2,31459.9,60,Salaried,2.4024,0.7185,0.2157,Medium
C00916,41,31-45,47096.08,576.0,143943.6,5.5,94548.35,5000.0,0,4,4353.05,60,Business,5.0639,1.274,0.0924,High
C00917,45,31-45,98625.64,700.0,129212.28,6.6,96038.86,6306.86,0,1,34255.09,36,Salaried,2.2839,0.7674,0.3473,Low
C00918,56,46-65,45451.96,739.0,152963.36,7.3,34602.05,5000.0,0,2,20116.8,24,Salaried,4.1267,1.3201,0.4426,Medium
C00919,32,31-45,50675.72,542.0,169301.34,6.5,80722.01,5000.0,0,1,23123.88,24,Salaried,4.9338,1.184,0.4563,High
C00920,49,46-65,56788.55,660.0,160275.94,1.1,63093.44,5000.0,1,2,28633.8,36,Self-employed,3.9334,1.0566,0.5042,High
C00921,60,46-65,131696.77,803.0,34818.56,8.6,178101.8,5000.0,0,1,27640.42,48,Self-employed,1.6167,0.4556,0.2099,Low
C00922,46,46-65,22987.91,721.0,93169.23,10.5,54054.56,5000.0,0,1,22620.97,36,Business,6.4044,2.6101,0.984,Low
C00923,41,31-45,31524.73,540.0,77880.49,10.0,40904.92,5000.0,0,1,14904.09,36,Salaried,3.768,1.9033,0.4728,High
C00924,27,21-30,22272.87,729.0,22650.22,23.6,0.0,5000.0,0,1,19390.41,48,Self-employed,1.0169,2.6939,0.8706,Low
C00925,32,31-45,35739.66,624.0,63829.29,24.7,68553.16,5000.0,0,1,17190.47,36,Self-employed,3.7041,1.6788,0.481,High
C00926,63,46-65,41596.13,732.0,100709.2,1.9,66767.45,5000.0,0,1,5971.14,36,Salaried,4.0263,1.4424,0.1436,High
C00927,45,31-45,26747.01,628.0,93687.63,19.5,0.0,5000.0,0,1,0.0,48,Self-employed,3.5027,2.2432,0.0,High
C00928,34,31-45,43406.36,676.0,113799.75,22.8,66476.42,5000.0,0,0,15791.41,48,Salaried,4.1532,1.3823,0.3638,Medium
C00929,39,31-45,21462.22,640.0,28177.52,1.4,0.0,5000.0,0,3,0.0,36,Business,1.3129,2.7956,0.0,Low
C00930,47,46-65,37132.53,680.0,82891.73,13.0,79329.0,5000.0,0,2,18385.95,60,Business,4.3687,1.6158,0.4951,Medium
C00931,45,31-45,125790.58,637.0,89893.42,8.8,190387.95,8694.0,0,1,43411.89,60,Salaried,2.2282,0.8294,0.3451,Low
C00932,52,46-65,81154.98,663.0,115082.5,22.0,16595.28,5000.0,0,3,19023.06,24,Salaried,1.6225,0.7393,0.2344,Low
C00933,32,31-45,72059.67,592.0,219908.52,21.2,97663.99,5000.0,0,1,44476.85,48,Salaried,4.4071,0.8326,0.6172,High
C00934,50,46-65,37444.47,717.0,77637.42,35.0,14421.15,5000.0,1,0,21201.71,48,Salaried,2.4585,1.6024,0.5662,Medium
C00935,40,31-45,27925.51,693.0,73959.71,13.3,43032.34,5000.0,2,3,11963.5,24,Self-employed,4.1894,2.1486,0.4284,High
C00936,63,46-65,34738.6,559.0,61349.49,11.8,23777.34,5000.0,0,0,27131.43,36,Salaried,2.4505,1.7272,0.781,Medium
C00937,28,21-30,63473.46,754.0,89548.13,4.6,56514.46,5000.0,0,3,21771.32,36,Salaried,2.3012,0.9453,0.343,Low
C00938,27,21-30,104782.26,667.0,280711.89,5.8,198741.04,5000.0,0,0,24546.55,60,Self-employed,4.5757,0.5726,0.2343,Medium
C00939,41,31-45,106771.32,692.0,44898.39,12.1,36377.58,5601.32,0,1,58802.47,24,Business,0.7612,0.6295,0.5507,Low
C00940,43,31-45,91948.08,737.0,326622.16,5.6,86356.88,5000.0,1,2,7796.62,60,Salaried,4.4914,0.6525,0.0848,High
C00941,52,46-65,43325.05,705.0,150122.86,8.7,63784.79,5000.0,1,2,25379.71,36,Salaried,4.9373,1.3849,0.5858,High
C00942,39,31-45,65883.61,767.0,202279.79,2.2,15035.7,5000.0,0,2,8905.38,36,Salaried,3.2985,0.9107,0.1352,Medium
C00943,62,46-65,54469.93,658.0,162866.15,9.1,6777.4,5000.0,0,1,4728.79,36,Salaried,3.1144,1.1015,0.0868,Medium
C00944,42,31-45,58191.13,758.0,119203.36,1.6,54459.46,5000.0,0,2,26540.55,48,Self-employed,2.9844,1.0311,0.4561,Medium
C00945,26,21-30,199299.28,689.0,360729.22,16.4,145199.64,10692.71,0,2,5840.5,48,Salaried,2.5385,0.6438,0.0293,Low
C00946,26,21-30,24662.58,718.0,59026.77,9.5,16526.86,5000.0,0,0,12758.81,60,Salaried,3.0635,2.4328,0.5173,Low
C00947,64,46-65,57129.18,710.0,72990.43,5.3,51878.25,5000.0,1,1,30455.81,60,Self-employed,2.1857,1.0503,0.5331,Low
C00948,27,21-30,126576.79,773.0,372114.09,7.6,82641.13,5783.57,0,1,36652.77,24,Self-employed,3.5927,0.5483,0.2896,Low
C00949,63,46-65,29024.69,734.0,32570.84,5.7,20328.65,5000.0,0,1,4503.62,36,Salaried,1.8226,2.0672,0.1552,Low
C00950,33,31-45,45619.09,647.0,116048.82,4.4,12941.0,5000.0,0,1,14810.55,24,Business,2.8275,1.3152,0.3247,Low
C00951,25,21-30,48589.92,632.0,91677.68,6.3,36562.47,5000.0,1,1,23000.74,48,Salaried,2.6392,1.2348,0.4734,Medium
C00952,34,31-45,57488.1,676.0,182612.8,6.3,82580.95,5000.0,0,2,21325.3,36,Salaried,4.613,1.0437,0.371,Medium
C00953,48,46-65,27020.91,623.0,48743.74,7.0,18039.44,5000.0,0,2,13643.34,48,Salaried,2.4715,2.2205,0.5049,Medium
C00954,40,31-45,90178.82,601.0,203314.96,1.0,152907.15,5000.0,1,1,60488.21,60,Salaried,3.9502,0.6653,0.6708,High
C00955,56,46-65,93770.03,520.0,296177.15,17.3,0.0,5786.64,1,3,0.0,36,Salaried,3.1585,0.7405,0.0,High
C00956,48,46-65,85969.6,564.0,136816.85,17.5,50370.82,5000.0,0,0,35366.76,36,Salaried,2.1774,0.6979,0.4114,Medium
C00957,39,31-45,40273.02,829.0,35798.33,8.2,44339.75,5000.0,1,1,10513.23,24,Salaried,1.9899,1.4898,0.261,Low
C00958,49,46-65,68167.52,631.0,33434.85,25.5,19825.19,5000.0,1,2,2902.48,36,Self-employed,0.7813,0.8802,0.0426,Low
C00959,64,46-65,39634.31,823.0,104672.38,6.6,53771.06,5000.0,0,1,5392.41,36,Business,3.9976,1.5138,0.1361,Low
C00960,39,31-45,54133.82,710.0,131985.21,9.0,21935.74,5000.0,0,1,14243.01,60,Business,2.8433,1.1084,0.2631,Medium
C00961,27,21-30,212468.69,676.0,481589.58,11.7,350000.0,11772.46,0,1,10676.62,48,Salaried,3.9139,0.6649,0.0503,Medium
C00962,39,31-45,68512.74,567.0,26853.38,8.8,32736.75,5000.0,0,1,21225.14,60,Salaried,0.8698,0.8757,0.3098,Low
C00963,58,46-65,33826.61,680.0,5000.0,5.3,19287.42,5000.0,0,1,24403.08,60,Business,0.718,1.7738,0.7214,Low
C00964,30,21-30,71777.55,822.0,221361.65,8.5,100404.63,5000.0,0,0,41964.36,48,Self-employed,4.4828,0.8359,0.5846,Low
C00965,63,46-65,30904.43,797.0,61315.05,2.8,31263.43,5000.0,1,1,499.58,36,Salaried,2.9956,1.9415,0.0162,Medium
C00966,47,46-65,33613.63,701.0,5106.35,4.4,54176.01,5000.0,0,1,0.0,36,Salaried,1.7636,1.785,0.0,Low
C00967,48,46-65,36663.05,594.0,5801.1,15.2,75007.72,5000.0,1,1,12796.75,24,Salaried,2.2041,1.6365,0.349,Medium
C00968,35,31-45,,608.0,34948.23,34.7,73943.34,5000.0,0,0,5361.1,60,Salaried,2.139,1.1786,0.1053,Low
C00969,62,46-65,108822.73,616.0,298240.59,5.2,26754.13,7608.64,0,2,4990.6,36,Business,2.9865,0.839,0.0459,High
C00970,22,21-30,89345.09,776.0,229434.08,7.3,100041.07,5191.87,2,0,24394.1,36,Self-employed,3.6877,0.6973,0.273,Medium
C00971,34,31-45,86663.66,802.0,196875.14,7.0,19488.23,5000.0,0,1,58437.92,36,Salaried,2.4966,0.6923,0.6743,Low
C00972,39,31-45,35515.84,695.0,70225.13,9.9,15406.46,5000.0,0,0,14338.73,48,Self-employed,2.4111,1.6894,0.4037,Low
C00973,42,31-45,48262.96,657.0,161358.82,16.4,6689.65,5000.0,0,0,1051.7,48,Salaried,3.4819,1.2432,0.0218,Medium
C00974,42,31-45,75489.07,796.0,82405.95,9.3,54212.55,5000.0,0,1,20413.34,48,,1.8098,0.7948,0.2704,Low
C00975,27,21-30,46007.82,607.0,67738.5,2.9,23976.29,5000.0,0,2,31273.71,24,Salaried,1.9935,1.3041,0.6797,Low
C00976,31,31-45,55772.77,684.0,65309.38,5.5,90790.98,5000.0,1,2,27849.59,24,Self-employed,2.7989,1.0758,0.4993,Medium
C00977,25,21-30,82858.52,715.0,285716.79,10.8,84817.01,5000.0,1,0,45995.41,60,Self-employed,4.4719,0.7241,0.5551,Medium
C00978,46,46-65,53654.34,615.0,95810.56,6.5,45185.88,5000.0,0,2,25738.58,48,Salaried,2.6279,1.1183,0.4797,Medium
C00979,36,31-45,73605.52,632.0,139350.34,6.7,15448.81,5000.0,1,1,20748.88,36,Salaried,2.1031,0.8152,0.2819,Low
C00980,46,46-65,156083.0,626.0,464832.82,6.8,148745.62,7768.12,0,2,15324.03,24,Salaried,3.9311,0.5972,0.0982,High
C00981,47,46-65,59137.48,786.0,40677.4,8.1,91480.51,5000.0,0,1,33852.1,60,Salaried,2.2348,1.0146,0.5724,Low
C00982,52,46-65,124340.41,824.0,176471.46,4.2,43722.5,5000.0,0,0,78835.78,36,Business,1.7709,0.4825,0.634,Low
C00983,45,31-45,88414.93,689.0,208103.73,15.0,110291.99,5000.0,0,0,28920.28,36,Salaried,3.6012,0.6786,0.3271,Low
C00984,50,46-65,29003.14,660.0,96789.23,2.9,29099.99,5000.0,0,0,10350.8,60,Salaried,4.3405,2.0687,0.3569,High
C00985,47,46-65,35453.14,635.0,25171.15,10.7,18968.68,5000.0,0,1,10864.05,48,Self-employed,1.245,1.6924,0.3064,Low
C00986,50,46-65,41095.95,680.0,59251.02,5.8,59029.3,5000.0,0,3,31911.52,48,Self-employed,2.8782,1.46,0.7765,Medium
C00987,48,46-65,40618.68,639.0,120665.49,8.8,52498.65,5000.0,0,1,15811.01,24,Salaried,4.2632,1.4772,0.3893,Medium
C00988,35,31-45,61850.98,673.0,151731.44,19.1,127161.27,5000.0,0,0,34679.88,48,Salaried,4.5091,0.9701,0.5607,Medium
C00989,32,31-45,91144.08,711.0,209063.09,18.8,16417.64,5000.0,0,1,30963.53,48,Salaried,2.4739,0.6583,0.3397,Low
C00990,56,46-65,129635.21,650.0,128833.47,16.1,6362.29,7396.39,0,2,53219.68,36,Salaried,1.0429,0.6847,0.4105,Low
C00991,36,31-45,77006.02,666.0,49363.08,21.2,93912.02,5000.0,0,1,38910.18,36,Salaried,1.8606,0.7792,0.5053,Low
C00992,45,31-45,50869.5,666.0,73019.19,31.4,10404.49,5000.0,0,0,32801.85,36,Self-employed,1.64,1.1795,0.6448,Low
C00993,29,21-30,20679.74,656.0,21569.9,15.0,3540.21,5000.0,0,4,13733.38,60,Self-employed,1.2142,2.9014,0.6641,Low
C00994,40,31-45,67573.21,647.0,198886.89,11.7,48397.6,5000.0,0,0,55513.21,36,Salaried,3.6595,0.8879,0.8215,Medium
C00995,44,31-45,65927.84,737.0,164244.48,4.2,77815.79,5000.0,1,1,8729.32,60,Salaried,3.6716,0.9101,0.1324,Medium
C00996,49,46-65,71880.0,547.0,211120.33,13.0,27734.13,5000.0,0,2,15051.29,48,Salaried,3.323,0.8347,0.2094,High
C00997,44,31-45,207020.83,798.0,153918.88,9.1,8851.16,5497.57,0,2,21246.38,24,Salaried,0.7862,0.3187,0.1026,Low
C00998,37,31-45,128601.1,690.0,142735.68,23.9,174536.4,5000.0,0,2,20585.69,36,Salaried,2.4671,0.4666,0.1601,Low
C00999,64,46-65,100100.11,726.0,281599.73,14.2,110770.54,6426.24,0,1,48938.7,24,Salaried,3.9198,0.7704,0.4889,Low
C01000,44,31-45,38292.15,734.0,26888.04,3.5,7347.99,5000.0,1,3,438.18,48,Salaried,0.8941,1.5669,0.0114,Low
C01001,57,46-65,49020.58,627.0,20254.07,10.4,94275.85,5000.0,0,1,10558.85,12,Salaried,2.3364,1.224,0.2154,Medium
C01002,54,46-65,61696.22,611.0,77341.72,15.4,76877.61,5000.0,1,2,36908.46,24,Salaried,2.4997,0.9725,0.5982,Medium
C01003,46,46-65,42432.45,603.0,31872.64,9.0,19984.78,5000.0,1,3,23490.61,36,Salaried,1.2221,1.414,0.5536,Medium
C01004,60,46-65,85596.36,661.0,29962.36,30.8,38648.75,5374.41,0,2,0.0,48,Business,0.8016,0.7535,0.0,Low
C01005,26,21-30,79097.96,732.0,102289.19,13.8,122537.49,5438.78,1,0,27163.6,36,Salaried,2.8424,0.8251,0.3434,Low
C01006,62,46-65,35723.83,636.0,107278.28,4.3,29461.97,5000.0,0,1,9294.73,60,Salaried,3.8277,1.6796,0.2602,High
C01007,59,46-65,125541.51,726.0,45637.41,4.1,208367.18,5978.4,0,3,26990.94,60,Salaried,2.0233,0.5715,0.215,Low
C01008,43,31-45,68762.46,502.0,132232.87,4.8,19651.53,5000.0,0,0,24221.29,60,Salaried,2.2088,0.8726,0.3522,Medium
C01009,54,46-65,25113.31,651.0,50902.33,6.0,22302.39,5000.0,0,1,11735.92,36,Business,2.915,2.3892,0.4673,High
C01010,44,31-45,63190.17,768.0,135005.96,8.7,46280.22,5000.0,0,2,38834.08,36,Self-employed,2.8689,0.9495,0.6146,Low
C01011,33,31-45,75872.24,667.0,138385.71,10.9,143296.71,5000.0,1,0,24921.0,36,Business,3.7126,0.7908,0.3285,Medium
C01012,56,46-65,110988.11,618.0,17527.27,19.1,691.44,5000.0,0,2,70182.01,60,Salaried,0.1642,0.5406,0.6323,Low
C01013,32,31-45,53988.73,631.0,8042.39,15.1,37355.53,5000.0,0,1,5022.72,36,Self-employed,0.8409,1.1113,0.093,Low
C01014,35,31-45,102488.78,453.0,190702.1,6.8,130764.18,6344.89,1,0,23232.31,36,Salaried,3.1366,0.7429,0.2267,High
C01015,44,31-45,72046.76,604.0,258608.04,6.8,99621.08,5000.0,0,1,38721.76,48,Salaried,4.9722,0.8328,0.5375,Medium
C01016,58,46-65,31535.29,759.0,34194.22,14.6,32077.18,5000.0,2,1,12644.21,36,Self-employed,2.1015,1.9026,0.401,Low
C01017,38,31-45,29845.84,636.0,51202.62,6.0,32931.89,5000.0,1,0,10596.55,60,Salaried,2.819,2.0103,0.355,High
C01018,43,31-45,120517.53,645.0,397430.9,12.2,188544.45,6729.1,0,0,69281.15,36,Salaried,4.8622,0.67,0.5749,Medium
C01019,22,21-30,125484.04,505.0,342235.48,2.6,121989.69,5000.0,0,1,12354.43,36,Salaried,3.6995,0.4781,0.0985,High
C01020,26,21-30,77632.59,558.0,214554.42,11.2,74738.6,5000.0,1,1,42471.98,36,Salaried,3.7264,0.7729,0.5471,Medium
C01021,23,21-30,147972.43,769.0,256593.33,10.2,232092.15,9028.35,2,0,50627.85,36,Salaried,3.3025,0.7322,0.3421,Medium
C01022,24,21-30,116224.39,726.0,362589.38,6.0,111697.59,5000.0,1,2,30677.86,36,Self-employed,4.0808,0.5162,0.264,Medium
C01023,60,46-65,94668.67,583.0,201419.77,3.2,110893.67,5000.0,0,2,64266.51,12,Salaried,3.299,0.6338,0.6789,High
C01024,58,46-65,39376.37,633.0,93843.34,2.8,33153.83,5000.0,0,1,10020.99,12,Salaried,3.2252,1.5238,0.2545,High
C01025,57,46-65,168455.75,678.0,473096.59,9.8,66830.65,5000.0,0,0,107487.15,48,Salaried,3.2052,0.3562,0.6381,Low
C01026,23,21-30,87300.23,590.0,122257.16,10.8,70634.37,5956.16,0,1,22780.12,24,Self-employed,2.2095,0.8187,0.2609,Medium
C01027,24,21-30,52571.59,530.0,178671.86,1.7,25916.81,5000.0,0,3,35134.98,24,Salaried,3.8916,1.1413,0.6683,High
C01028,33,31-45,45007.93,668.0,149719.46,1.6,7416.06,5000.0,1,0,10021.17,36,Self-employed,3.4913,1.3331,0.2227,High
C01029,46,46-65,74859.9,723.0,165612.09,3.7,69249.59,5000.0,1,1,18865.46,36,Salaried,3.1373,0.8015,0.252,Medium
C01030,36,31-45,25927.52,724.0,5000.0,4.1,32233.95,5000.0,0,1,5841.74,36,Salaried,1.4361,2.3141,0.2253,Low
C01031,42,31-45,95507.77,746.0,259360.76,5.0,11035.95,5375.83,0,3,31535.52,36,Self-employed,2.8311,0.6754,0.3302,Low
C01032,28,21-30,38471.72,563.0,48276.83,9.8,39606.91,5000.0,0,0,16546.03,24,Business,2.2844,1.5596,0.4301,Medium
C01033,53,46-65,79696.19,684.0,179525.12,16.2,67107.28,5000.0,0,2,2421.16,24,Self-employed,3.0947,0.7529,0.0304,Medium
C01034,35,31-45,48788.57,660.0,22357.23,16.3,9213.46,5000.0,0,0,19480.4,48,Salaried,0.6471,1.2298,0.3993,Low
C01035,23,21-30,56202.26,673.0,162326.76,13.1,19340.34,5000.0,0,0,6499.12,24,Salaried,3.2324,1.0676,0.1156,Medium
C01036,54,46-65,42866.34,664.0,147911.88,15.9,61505.31,5000.0,0,2,12467.91,60,Business,4.8854,1.3997,0.2909,High
C01037,61,46-65,59484.22,630.0,40229.23,4.3,57006.18,5000.0,0,0,27096.14,24,Salaried,1.6346,1.0087,0.4555,Low
C01038,21,21-30,183744.47,454.0,474074.11,12.9,323001.07,8446.04,0,0,116984.35,36,Salaried,4.338,0.5516,0.6367,High
C01039,40,31-45,139235.96,767.0,408384.47,14.0,173288.58,5000.0,0,1,81364.9,60,Business,4.1776,0.4309,0.5844,Low
C01040,58,46-65,78992.32,705.0,24881.38,2.3,122008.7,5000.0,0,3,12241.0,36,Salaried,1.8595,0.7596,0.155,Low
C01041,52,46-65,64101.99,569.0,69254.74,19.2,28222.14,5000.0,0,1,44889.48,60,Business,1.5207,0.936,0.7003,Low
C01042,59,46-65,103409.61,715.0,153496.41,14.4,134502.57,5000.0,0,2,0.0,24,Salaried,2.785,0.5802,0.0,Low
C01043,39,31-45,121009.73,646.0,354796.12,5.5,138353.18,5423.58,1,4,2712.81,36,Salaried,4.0753,0.5378,0.0224,High
C01044,37,31-45,41181.42,649.0,68388.94,1.9,36208.11,5000.0,0,1,3384.75,24,,2.5399,1.457,0.0822,Medium
C01045,52,46-65,62289.69,622.0,39731.97,9.6,109037.8,5000.0,0,3,10982.44,60,Salaried,2.3884,0.9632,0.1763,Medium
C01046,27,21-30,23862.55,720.0,26170.8,6.8,25854.21,5000.0,1,1,13017.4,36,Salaried,2.1802,2.5144,0.5455,Low
C01047,31,31-45,120553.48,620.0,211633.8,3.1,82560.34,5000.0,0,0,76171.47,48,Self-employed,2.4404,0.4977,0.6318,Low
C01048,48,46-65,202380.71,598.0,45890.63,8.6,257176.09,5528.56,0,0,75245.3,48,Business,1.4975,0.3278,0.3718,Low
C01049,51,46-65,67926.94,765.0,136132.68,6.0,37573.13,5000.0,0,0,13958.43,36,Self-employed,2.5572,0.8833,0.2055,Low
C01050,26,21-30,20198.97,667.0,5000.0,14.4,0.0,5000.0,0,1,9383.73,48,Salaried,0.2475,2.9704,0.4646,Low
C01051,43,31-45,90856.11,669.0,237789.35,1.6,96522.66,5000.0,1,0,15959.13,36,Salaried,3.6796,0.6604,0.1757,Medium
C01052,37,31-45,39533.1,732.0,89088.9,15.4,0.0,5000.0,1,0,21180.95,36,Business,2.2535,1.5177,0.5358,Low
C01053,43,31-45,45129.9,630.0,153308.55,8.2,61779.88,5000.0,0,1,1433.11,60,Salaried,4.766,1.3295,0.0318,High
C01054,64,46-65,91744.2,645.0,39563.53,12.9,86983.06,5157.73,0,0,47237.41,48,,1.3793,0.6746,0.5149,Low
C01055,24,21-30,74768.15,703.0,166843.79,20.3,137382.33,5000.0,0,2,47125.34,48,Salaried,4.0689,0.8025,0.6303,Low
C01056,65,46-65,49696.15,564.0,146551.52,11.0,43455.5,5000.0,0,1,9730.07,24,Salaried,3.8234,1.2073,0.1958,High
C01057,41,31-45,45472.34,697.0,95260.71,15.2,29416.69,5000.0,0,1,21534.84,12,Salaried,2.7418,1.3195,0.4736,Low
C01058,55,46-65,69657.97,623.0,43744.75,2.5,45904.18,5000.0,0,2,27346.31,36,Salaried,1.287,0.8614,0.3926,Low
C01059,40,31-45,51892.86,744.0,38180.36,2.8,61706.1,5000.0,0,0,17730.38,24,Self-employed,1.9249,1.1562,0.3417,Low
C01060,34,31-45,35314.97,721.0,94812.02,6.7,0.0,5000.0,0,2,1636.34,36,Salaried,2.6848,1.699,0.0463,Medium
C01061,55,46-65,54134.82,711.0,95339.86,5.3,32018.59,5000.0,0,2,29740.74,36,Salaried,2.3526,1.1083,0.5494,Low
C01062,51,46-65,78348.22,559.0,260205.37,11.6,25938.62,5000.0,0,3,45537.93,36,Salaried,3.6522,0.7658,0.5812,High
C01063,27,21-30,58934.72,672.0,186224.42,11.6,35792.41,5000.0,0,1,28745.52,48,Business,3.7672,1.0181,0.4878,Medium
C01064,52,46-65,29873.07,592.0,68290.42,17.5,46701.56,5000.0,1,1,10505.4,24,Salaried,3.8494,2.0085,0.3517,High
C01065,54,46-65,111985.88,677.0,382897.61,8.1,133275.49,6953.1,0,2,63983.79,36,Salaried,4.6093,0.7451,0.5714,Medium
C01066,38,31-45,18000.0,506.0,38326.81,2.5,0.0,5000.0,0,1,5259.85,60,Business,2.1293,3.3333,0.2922,High
C01067,62,46-65,50850.32,564.0,27971.19,17.7,9905.4,5000.0,0,2,31291.36,36,Self-employed,0.7449,1.1799,0.6154,Low
C01068,49,46-65,46213.78,769.0,5000.0,17.1,57147.94,5000.0,0,0,30146.71,48,Self-employed,1.3448,1.2983,0.6523,Low
C01069,36,31-45,70519.25,708.0,217684.66,6.8,118893.73,5000.0,0,0,47360.32,48,Salaried,4.7729,0.8508,0.6716,Medium
C01070,21,21-30,88526.44,653.0,125588.48,17.4,59452.41,5000.0,0,0,3844.43,48,Salaried,2.0902,0.6778,0.0434,Low
C01071,51,46-65,120796.57,612.0,398047.45,2.3,223268.67,5037.46,0,1,76449.87,60,Salaried,5.1435,0.5004,0.6329,Medium
C01072,30,21-30,43928.56,599.0,5000.0,7.1,37618.98,5000.0,0,1,19813.31,48,Salaried,0.9702,1.3659,0.451,Low
C01073,55,46-65,89748.16,695.0,62827.41,3.6,30428.59,5000.0,0,2,0.0,24,Self-employed,1.0391,0.6685,0.0,Low
C01074,44,31-45,72391.39,654.0,213265.15,15.0,123400.96,5000.0,0,1,26849.65,12,Salaried,4.6506,0.8288,0.3709,Low
C01075,42,31-45,25356.64,796.0,74017.94,5.3,20280.25,5000.0,0,0,9008.27,48,Salaried,3.7189,2.3662,0.3553,Low
C01076,28,21-30,184875.83,666.0,500000.0,16.2,163869.92,10598.62,0,1,64410.21,36,,3.5909,0.6879,0.3484,Medium
C01077,53,46-65,29460.81,684.0,16419.77,3.4,60344.79,5000.0,0,3,6754.02,36,Business,2.6056,2.0366,0.2293,High
C01078,28,21-30,81868.21,576.0,123784.34,27.7,128627.63,5000.0,0,0,55376.27,36,Salaried,3.0832,0.7329,0.6764,High
C01079,39,31-45,80548.96,653.0,191817.53,6.7,156495.07,5000.0,0,4,29707.52,60,Salaried,4.3242,0.7449,0.3688,Medium
C01080,58,46-65,75640.17,693.0,242659.8,6.2,107590.98,5000.0,0,0,31313.08,60,Self-employed,4.6305,0.7932,0.414,Medium
C01081,62,46-65,49519.67,652.0,58434.0,14.3,76828.22,5000.0,1,3,20721.13,36,Salaried,2.7315,1.2116,0.4184,High
C01082,65,46-65,102450.14,644.0,214389.86,11.0,84312.4,5000.0,1,0,2054.14,24,Salaried,2.9156,0.5857,0.0201,Medium
C01083,64,46-65,27555.03,705.0,22782.32,6.7,14290.18,5000.0,0,2,8497.06,36,Salaried,1.3454,2.1775,0.3084,Low
C01084,46,46-65,62688.71,794.0,167687.39,6.0,19528.95,5000.0,0,1,10102.03,60,Self-employed,2.9864,0.9571,0.1611,Low
C01085,30,21-30,47667.8,691.0,26183.32,22.6,85214.96,5000.0,1,3,23416.6,24,Salaried,2.337,1.2587,0.4912,Medium
C01086,58,46-65,44785.01,766.0,152954.93,7.8,7232.07,5000.0,0,0,17839.13,36,Salaried,3.5768,1.3397,0.3983,Low
C01087,57,46-65,82285.8,727.0,34341.0,8.0,146012.88,5000.0,0,2,62624.18,60,Salaried,2.1918,0.7292,0.7611,Low
C01088,65,46-65,117566.07,761.0,287874.97,3.4,63278.15,5000.0,0,3,82297.67,12,Salaried,2.9869,0.5104,0.7,Low
C01089,50,46-65,53817.39,634.0,145236.37,19.6,25015.96,5000.0,0,0,11170.18,36,Self-employed,3.1635,1.1149,0.2076,Medium
C01090,27,21-30,99859.27,664.0,108614.54,4.3,14395.63,5083.8,0,1,50295.04,36,Self-employed,1.2318,0.6109,0.5037,Low
C01091,43,31-45,66802.78,665.0,61688.49,3.9,48561.01,5000.0,1,3,0.0,36,Self-employed,1.6504,0.8982,0.0,Low
C01092,41,31-45,39780.81,721.0,101095.99,15.5,,5000.0,0,1,25504.66,12,Salaried,2.8643,1.5083,0.6411,Low
C01093,58,46-65,56402.51,739.0,121780.86,0.4,28857.94,5000.0,0,2,37906.28,48,Salaried,2.6708,1.0638,0.6721,Low
C01094,38,31-45,55128.68,689.0,150537.62,9.5,74366.18,5000.0,0,1,22234.69,36,Salaried,4.0796,1.0884,0.4033,Medium
C01095,35,31-45,44310.62,746.0,102417.93,6.1,46214.75,5000.0,0,0,12340.54,24,Business,3.3543,1.3541,0.2785,Low
C01096,24,21-30,82273.81,638.0,62085.75,7.3,6310.75,5056.39,0,1,37925.13,60,Salaried,0.8313,0.7375,0.461,Low
C01097,58,46-65,73953.96,746.0,240813.31,4.4,46743.65,5000.0,2,0,33904.15,48,Salaried,3.8883,0.8113,0.4584,High
C01098,54,46-65,27099.9,756.0,11901.09,5.3,0.0,5000.0,0,3,14274.28,36,Salaried,0.4392,2.214,0.5267,Low
C01099,22,21-30,26207.56,731.0,48385.72,1.7,55080.55,5000.0,0,2,11403.69,24,Salaried,3.948,2.2894,0.4351,Medium
C01100,40,31-45,82102.11,690.0,267552.64,14.3,148272.56,5000.0,1,1,24281.66,60,Self-employed,5.0647,0.7308,0.2957,High
C01101,42,31-45,41511.88,733.0,132737.37,6.7,6114.44,5000.0,0,1,13449.47,48,Salaried,3.3449,1.4454,0.324,Medium
C01102,42,31-45,76746.66,613.0,66511.82,16.2,43822.74,5000.0,0,2,11015.57,36,Salaried,1.4376,0.7818,0.1435,Low
C01103,62,46-65,99873.03,695.0,90265.47,29.9,,6094.42,0,0,7566.37,48,Salaried,1.1234,0.7323,0.0758,Low
C01104,27,21-30,32309.56,703.0,66048.31,3.5,39275.86,5000.0,0,0,22319.31,48,Salaried,3.2598,1.857,0.6908,Medium
C01105,34,31-45,29905.48,580.0,21616.77,12.5,15330.21,5000.0,0,0,6744.98,12,Salaried,1.2355,2.0063,0.2255,Low
C01106,29,21-30,163256.84,716.0,430651.47,3.8,199093.9,11045.82,0,1,89856.66,48,Salaried,3.8574,0.8119,0.5504,Medium
C01107,31,31-45,78866.08,586.0,155382.03,4.8,44310.58,5448.73,0,3,43466.78,48,Salaried,2.532,0.8291,0.5511,Medium
C01108,61,46-65,51614.62,648.0,63522.37,7.7,64138.64,5000.0,0,1,11539.18,48,Salaried,2.4733,1.1625,0.2236,Low
C01109,63,46-65,38889.33,683.0,69717.48,27.0,46764.23,5000.0,0,3,7407.58,36,Salaried,2.9952,1.5428,0.1905,Medium
C01110,23,21-30,49089.48,625.0,128905.94,6.4,11414.05,5000.0,0,1,36499.27,36,Self-employed,2.8585,1.2223,0.7435,Low
C01111,49,46-65,33769.99,686.0,102199.28,7.6,8946.23,5000.0,0,6,24453.96,24,Salaried,3.2913,1.7767,0.7241,High
C01112,31,31-45,105663.97,685.0,152765.38,9.5,137046.93,5000.0,0,1,62978.11,36,Salaried,2.7428,0.5678,0.596,Low
C01113,29,21-30,42401.09,618.0,28913.61,7.5,42935.83,5000.0,0,1,9287.35,24,Salaried,1.6945,1.4151,0.219,Low
C01114,34,31-45,118608.87,723.0,139742.7,3.5,132718.17,8111.91,0,1,23861.23,24,Salaried,2.2971,0.8207,0.2012,Low
C01115,29,21-30,52145.68,623.0,106959.63,17.1,51870.24,5000.0,2,1,29924.71,24,Salaried,3.0459,1.1506,0.5739,High
C01116,43,31-45,36618.17,850.0,86070.07,5.9,42001.56,5000.0,0,1,16795.74,36,Salaried,3.4975,1.6385,0.4587,Low
C01117,65,46-65,51414.56,672.0,171925.34,2.5,0.0,5000.0,0,2,4119.62,36,Salaried,3.3439,1.167,0.0801,High
C01118,47,46-65,18000.0,592.0,52875.5,10.1,14953.21,5000.0,1,1,14760.75,48,Salaried,3.7683,3.3333,0.82,High
C01119,53,46-65,60822.79,606.0,110756.11,17.8,95950.28,5000.0,0,0,4176.43,36,Business,3.3985,0.9865,0.0687,High
C01120,43,31-45,,766.0,183491.0,4.3,18559.55,5000.0,0,3,15400.0,36,Salaried,3.4134,1.0136,0.2602,Low
C01121,21,21-30,102308.81,649.0,92732.71,6.8,159714.33,5000.0,0,0,27421.79,24,Salaried,2.4675,0.5865,0.268,Low
C01122,24,21-30,23032.81,578.0,50443.04,8.0,30037.99,5000.0,1,1,7136.39,48,Self-employed,3.4942,2.605,0.3098,High
C01123,33,31-45,123151.31,744.0,219695.76,5.5,207897.51,6398.18,0,0,65838.62,12,Salaried,3.4721,0.6234,0.5346,Low
C01124,31,31-45,102075.92,649.0,266394.79,8.2,18073.44,5000.0,0,1,5353.35,24,Business,2.7868,0.5878,0.0524,Medium
C01125,58,46-65,129413.31,729.0,356575.65,22.1,228637.01,6297.04,0,3,26101.16,36,Salaried,4.522,0.5839,0.2017,Low
C01126,58,46-65,63142.27,750.0,57412.61,8.3,5520.45,5000.0,0,1,16581.82,36,Salaried,0.9967,0.9502,0.2626,Low
C01127,59,46-65,113525.85,701.0,366923.37,11.6,81505.36,5822.41,0,4,67440.8,36,Salaried,3.95,0.6154,0.5941,Medium
C01128,49,46-65,28939.37,850.0,91231.18,6.2,42417.89,5000.0,0,0,0.0,12,Self-employed,4.6182,2.0733,0.0,Low
C01129,46,46-65,96212.9,551.0,331383.41,9.9,43713.8,5000.0,0,1,49324.66,36,Salaried,3.8986,0.6236,0.5127,High
C01130,50,46-65,42531.62,619.0,75164.49,10.8,35426.84,5000.0,0,0,43376.91,48,Self-employed,2.6002,1.4107,1.0199,Low
C01131,39,31-45,26209.35,661.0,90508.39,13.7,34078.58,5000.0,0,2,0.0,36,Self-employed,4.7535,2.2893,0.0,Medium
C01132,51,46-65,35026.68,850.0,87389.38,5.7,12525.74,5000.0,0,1,10793.9,24,Self-employed,2.8525,1.713,0.3082,Low
C01133,56,46-65,65198.04,815.0,161736.07,7.0,57277.87,5000.0,0,1,4541.92,36,Salaried,3.3592,0.9203,0.0697,Low
C01134,55,46-65,41306.62,777.0,70423.17,14.7,41618.35,5000.0,0,0,5260.37,36,Salaried,2.7124,1.4526,0.1273,Low
C01135,48,46-65,79936.11,620.0,258428.16,6.1,27110.74,5000.0,0,1,58637.72,36,Self-employed,3.5721,0.7506,0.7336,Medium
C01136,23,21-30,24043.31,629.0,73438.02,3.5,45924.62,5000.0,0,3,8308.0,24,Salaried,4.9645,2.4955,0.3455,High
C01137,53,46-65,20175.8,618.0,38629.59,5.6,42236.07,5000.0,0,1,11182.45,36,Self-employed,4.0081,2.9739,0.5543,High
C01138,37,31-45,138268.9,621.0,485513.35,14.4,80521.1,5319.56,0,2,84073.76,24,Self-employed,4.0937,0.4617,0.608,Medium
C01139,54,46-65,106855.49,792.0,109548.36,15.8,99900.37,5210.12,2,2,36716.39,36,Salaried,1.9601,0.5851,0.3436,Low
C01140,45,31-45,36498.6,662.0,95571.85,12.7,0.0,5000.0,0,1,24463.01,12,Salaried,2.6185,1.6439,0.6702,Low
C01141,60,46-65,64892.85,672.0,92762.8,17.4,90353.68,5000.0,0,2,9204.12,48,Business,2.8218,0.9246,0.1418,Medium
C01142,36,31-45,113876.69,738.0,190122.95,21.1,19325.41,6401.09,0,2,63991.31,36,Business,1.8393,0.6745,0.5619,Low
C01143,62,46-65,81854.85,555.0,93066.81,28.7,78631.18,5653.78,0,2,2608.47,60,Self-employed,2.0976,0.8288,0.0319,Low
C01144,59,46-65,70520.96,684.0,71076.82,13.2,76436.07,5000.0,0,2,0.0,12,Salaried,2.0918,0.8508,0.0,Low
C01145,35,31-45,118714.57,598.0,156273.1,7.5,140193.47,5000.0,0,4,46336.17,60,Salaried,2.4973,0.5054,0.3903,Medium
C01146,42,31-45,43488.45,658.0,8862.94,2.6,52590.18,5000.0,1,2,29913.71,12,Self-employed,1.4131,1.3797,0.6879,Medium
C01147,44,31-45,66124.24,636.0,33791.87,3.3,0.0,5000.0,1,3,4949.91,48,Salaried,0.511,0.9074,0.0749,High
C01148,55,46-65,64365.03,632.0,181159.62,4.6,89902.29,5000.0,0,1,28595.58,36,Business,4.2113,0.9322,0.4443,Medium
C01149,52,46-65,55944.95,697.0,76262.45,16.1,94167.32,5000.0,1,0,34491.96,48,Salaried,3.0464,1.0725,0.6165,Medium
C01150,59,46-65,52457.02,697.0,23900.61,4.8,52462.18,5000.0,0,2,3628.23,36,Business,1.4557,1.1438,0.0692,Low
C01151,37,31-45,67657.95,664.0,21542.8,4.8,86746.28,5000.0,0,3,0.0,12,Salaried,1.6005,0.8868,0.0,Low
C01152,43,31-45,66241.78,708.0,38244.01,5.2,0.0,5000.0,0,0,41199.6,36,Salaried,0.5773,0.9058,0.622,Low
C01153,40,31-45,36516.06,615.0,5000.0,8.1,9160.82,5000.0,0,1,9208.33,36,Salaried,0.3878,1.6431,0.2522,Low
C01154,61,46-65,101025.71,731.0,315016.06,10.1,24672.29,5414.12,0,1,9328.54,36,Self-employed,3.3624,0.6431,0.0923,Low
C01155,34,31-45,37991.99,665.0,66896.34,10.1,22625.28,5000.0,0,1,20421.47,36,Business,2.3563,1.5793,0.5375,High
C01156,47,46-65,57648.19,644.0,79682.31,5.3,18146.49,5000.0,0,2,22190.62,60,Self-employed,1.697,1.0408,0.3849,Low
C01157,26,21-30,55256.34,620.0,108565.17,15.5,32827.1,5000.0,1,0,11078.99,24,Salaried,2.5588,1.0858,0.2005,Medium
C01158,59,46-65,79149.96,662.0,43141.58,7.7,58934.46,5000.0,0,1,30212.01,60,Self-employed,1.2897,0.7581,0.3817,Low
C01159,38,31-45,20264.69,820.0,43789.33,14.1,17994.93,5000.0,0,2,8669.41,12,Self-employed,3.0489,2.9608,0.4278,Low
C01160,36,31-45,106100.6,675.0,366232.9,8.5,107898.93,6896.13,1,0,2982.51,48,Salaried,4.4687,0.78,0.0281,Medium
C01161,47,46-65,44792.58,594.0,19620.27,5.2,83526.65,5000.0,0,3,9843.15,36,Salaried,2.3028,1.3395,0.2197,Medium
C01162,43,31-45,127149.95,749.0,84173.32,6.3,92129.08,5000.0,0,0,33413.54,24,Self-employed,1.3866,0.4719,0.2628,Low
C01163,59,46-65,49968.69,645.0,101630.65,4.4,27528.08,5000.0,0,2,18722.47,24,Business,2.5848,1.2008,0.3747,Medium
C01164,44,31-45,63277.09,701.0,52584.08,2.4,10899.9,5000.0,0,1,21790.44,36,Salaried,1.0033,0.9482,0.3444,Low
C01165,44,31-45,186227.6,635.0,106782.09,9.2,253081.59,12892.24,0,0,75707.15,48,Self-employed,1.9324,0.8307,0.4065,Low
C01166,25,21-30,55804.32,776.0,140502.14,3.9,68262.39,5000.0,1,2,22007.83,48,Salaried,3.741,1.0752,0.3944,Medium
C01167,21,21-30,128477.62,636.0,273379.89,2.9,10124.46,8038.39,0,0,671.4,36,Salaried,2.2066,0.7508,0.0052,Medium
C01168,38,31-45,66410.96,785.0,60147.3,13.7,26035.91,5000.0,0,2,44718.39,48,Salaried,1.2977,0.9035,0.6734,Low
C01169,65,46-65,81684.77,601.0,243234.03,18.1,25566.73,5000.0,1,4,52671.06,24,Salaried,3.2907,0.7345,0.6448,High
C01170,62,46-65,67549.76,658.0,13511.18,4.8,40037.37,5000.0,0,0,23306.03,48,Business,0.7927,0.8882,0.345,Low
C01171,49,46-65,103617.44,785.0,142666.46,35.0,0.0,5000.0,0,2,30515.46,36,Salaried,1.3769,0.5791,0.2945,Low
C01172,49,46-65,44582.66,693.0,104544.43,13.4,59619.55,5000.0,0,0,15039.63,60,Self-employed,3.6822,1.3458,0.3373,Low
C01173,38,31-45,37832.2,850.0,85588.36,9.1,10121.75,5000.0,0,2,15781.38,48,Salaried,2.5299,1.586,0.4171,Low
C01174,28,21-30,45749.02,660.0,116705.79,1.7,40248.95,5000.0,0,0,12781.47,48,Salaried,3.4308,1.3115,0.2794,Medium
C01175,21,21-30,68664.2,699.0,177708.92,11.4,21967.83,5000.0,0,2,21993.53,36,Salaried,2.908,0.8738,0.3203,Low
C01176,36,31-45,57566.28,823.0,118403.98,3.5,25161.98,5000.0,1,0,26412.96,24,Salaried,2.4939,1.0423,0.4588,Low
C01177,35,31-45,96066.29,566.0,293989.21,3.9,159985.63,6129.3,0,2,39404.74,12,Salaried,4.7256,0.7656,0.4102,High
C01178,29,21-30,133218.38,557.0,286147.43,12.2,31669.25,5000.0,0,1,22540.34,36,Self-employed,2.3857,0.4504,0.1692,Medium
C01179,32,31-45,38003.42,620.0,48620.88,25.5,58134.37,5000.0,1,1,15310.59,36,Self-employed,2.8091,1.5788,0.4029,High
C01180,22,21-30,43411.11,741.0,114323.11,9.4,2238.55,5000.0,0,0,5230.99,48,Business,2.6851,1.3821,0.1205,Low
C01181,48,46-65,29501.93,559.0,26167.5,15.4,36444.29,5000.0,0,0,3147.69,12,Salaried,2.1223,2.0338,0.1067,Medium
C01182,62,46-65,198560.22,725.0,500000.0,25.2,318118.33,9697.67,0,0,63735.35,12,Salaried,4.1203,0.5861,0.321,Low
C01183,52,46-65,76857.69,720.0,68247.12,2.4,21728.82,5000.0,0,0,24553.99,36,Salaried,1.1707,0.7807,0.3195,Low
C01184,41,31-45,84629.13,831.0,155147.06,12.4,11504.32,5000.0,0,1,15256.17,36,Salaried,1.9692,0.709,0.1803,Low
C01185,39,31-45,31102.02,758.0,75455.16,18.5,21481.12,5000.0,0,3,26499.84,36,Salaried,3.1167,1.9291,0.852,Low
C01186,34,31-45,64958.19,707.0,146215.24,16.7,33779.49,5000.0,0,2,38273.21,12,Salaried,2.7709,0.9237,0.5892,Low
C01187,27,21-30,86010.87,782.0,35343.05,17.7,67269.76,5000.0,1,0,13182.89,36,Salaried,1.193,0.6976,0.1533,Low
C01188,47,46-65,56563.88,720.0,99100.39,5.7,51165.34,5000.0,1,2,33072.02,48,Self-employed,2.6566,1.0607,0.5847,Medium
C01189,46,46-65,117451.49,645.0,336842.02,10.3,9504.98,5000.0,0,0,23402.81,36,Business,2.9489,0.5108,0.1993,Medium
C01190,21,21-30,231804.51,594.0,500000.0,18.6,234233.97,7812.24,0,3,135869.56,12,Salaried,3.1675,0.4044,0.5861,Medium
C01191,39,31-45,38609.67,637.0,76062.51,12.1,63544.45,5000.0,0,0,11871.62,12,Salaried,3.6159,1.554,0.3075,High
C01192,33,31-45,37048.92,677.0,8268.69,3.1,49501.83,5000.0,0,1,7335.86,60,Self-employed,1.5593,1.6195,0.198,Low
C01193,28,21-30,40109.83,693.0,68873.07,3.7,61754.73,5000.0,1,0,22913.6,60,Business,3.2568,1.4959,0.5713,High
C01194,52,46-65,157243.7,520.0,284855.58,17.0,241953.64,10384.75,0,0,59022.59,12,Self-employed,3.3503,0.7925,0.3754,High
C01195,44,31-45,115316.75,664.0,47362.6,0.7,8363.82,5000.0,1,3,17164.77,48,Salaried,0.4832,0.5203,0.1488,High
C01196,49,46-65,60331.05,682.0,192206.3,12.6,20540.73,5000.0,1,3,30742.41,36,Self-employed,3.5263,0.9945,0.5096,High
C01197,53,46-65,66320.24,721.0,119241.27,14.1,63229.46,5000.0,0,0,23737.65,48,Salaried,2.7514,0.9047,0.3579,Low
C01198,65,46-65,41483.19,802.0,50255.13,11.1,8802.34,5000.0,0,1,19218.46,24,Business,1.4236,1.4464,0.4633,Low
C01199,57,46-65,106049.1,694.0,157262.33,14.2,45589.07,5090.47,0,0,46725.22,24,Self-employed,1.9128,0.576,0.4406,Low
C01200,48,46-65,52743.54,612.0,6850.37,14.1,98501.57,5000.0,1,1,12398.8,48,Salaried,1.9974,1.1376,0.2351,Medium
C01201,60,46-65,56336.64,544.0,127113.91,1.0,46539.48,5000.0,0,1,12312.49,36,Self-employed,3.0824,1.065,0.2186,High
C01202,42,31-45,90851.08,732.0,150726.54,1.8,56952.53,5000.0,0,1,63436.53,24,Self-employed,2.2859,0.6604,0.6982,Low
C01203,65,46-65,58614.97,615.0,77112.79,4.8,49470.28,5000.0,0,1,10813.68,36,Salaried,2.1596,1.0236,0.1845,Medium
C01204,55,46-65,57120.09,745.0,136527.08,11.1,45801.72,5000.0,1,0,34092.8,24,Self-employed,3.192,1.0504,0.5969,Medium
C01205,50,46-65,65379.17,785.0,112143.98,10.3,0.0,5000.0,0,1,19827.08,60,Salaried,1.7153,0.9177,0.3033,Low
C01206,61,46-65,100668.48,564.0,197976.02,3.7,186456.94,6362.58,1,0,23874.48,36,Self-employed,3.8188,0.7584,0.2372,High
C01207,44,31-45,160767.38,722.0,484652.38,19.3,94727.16,5123.99,0,3,10940.16,36,Self-employed,3.6038,0.3825,0.068,Low
C01208,53,46-65,89694.07,777.0,136737.37,29.5,83458.94,5000.0,0,0,58347.93,48,Salaried,2.455,0.6689,0.6505,Low
C01209,33,31-45,101110.11,756.0,150756.01,14.1,11707.2,5850.17,1,1,51356.72,12,Salaried,1.6068,0.6943,0.5079,Low
C01210,64,46-65,58233.89,523.0,185756.12,10.2,35361.96,5000.0,1,2,30732.31,24,Salaried,3.7971,1.0303,0.5277,High
C01211,49,46-65,44040.01,,68004.01,11.2,18695.17,5000.0,0,2,33087.16,60,Salaried,1.9686,1.3624,0.7513,Low
C01212,56,46-65,93137.76,584.0,161357.03,5.2,539.27,6392.57,0,0,32059.67,36,Salaried,1.7382,0.8236,0.3442,Low
C01213,41,31-45,71419.41,719.0,198532.63,3.0,85201.2,5000.0,0,4,46817.27,60,Business,3.9728,0.8401,0.6555,Medium
C01214,60,46-65,29723.61,711.0,56903.79,15.6,17309.02,5000.0,0,2,4689.42,36,Salaried,2.4968,2.0186,0.1578,Low
C01215,24,21-30,54268.77,478.0,157958.56,14.0,52557.14,5000.0,0,1,34416.03,36,Self-employed,3.8791,1.1056,0.6342,High
C01216,26,21-30,62102.98,657.0,97285.49,15.8,78523.51,5000.0,0,2,41504.44,24,Salaried,2.8309,0.9661,0.6683,Low
C01217,43,31-45,49089.02,740.0,86759.91,10.8,18009.82,5000.0,0,1,26345.91,36,Business,2.1343,1.2223,0.5367,Low
C01218,53,46-65,146839.75,691.0,36129.03,2.8,73695.81,8573.67,0,2,20041.93,36,Salaried,0.7479,0.7007,0.1365,Low
C01219,57,46-65,84630.84,691.0,57223.69,2.7,45972.86,5000.0,0,0,18413.62,24,Salaried,1.2194,0.709,0.2176,Low
C01220,40,31-45,138328.8,653.0,271490.02,3.8,65504.81,5960.39,0,2,78774.02,12,Salaried,2.4362,0.5171,0.5695,Low
C01221,50,46-65,75133.85,601.0,71794.94,21.0,46211.34,5000.0,1,1,16457.26,48,Self-employed,1.5706,0.7986,0.219,Low
C01222,45,31-45,67975.72,679.0,112925.6,2.5,45559.61,5000.0,0,1,34618.44,12,Salaried,2.3315,0.8827,0.5093,Low
C01223,64,46-65,38832.54,684.0,31353.13,7.6,21164.29,5000.0,0,1,23570.68,12,Salaried,1.3524,1.5451,0.607,Low
C01224,50,46-65,65427.88,726.0,27100.37,5.6,40517.15,5000.0,0,1,11417.33,36,Self-employed,1.0335,0.917,0.1745,Low
C01225,39,31-45,65468.36,732.0,106279.6,2.7,48076.94,5000.0,1,2,19907.38,36,Salaried,2.3577,0.9165,0.3041,Low
C01226,64,46-65,30645.16,686.0,85737.39,11.7,48318.01,5000.0,2,0,19211.9,48,Salaried,4.3744,1.9579,0.6269,High
C01227,25,21-30,48310.41,762.0,59354.93,21.4,31432.47,5000.0,0,0,11906.08,36,Salaried,1.8793,1.242,0.2464,Low
C01228,65,46-65,54411.84,652.0,150738.16,8.1,46328.51,5000.0,0,1,23138.72,24,Business,3.6218,1.1027,0.4253,Medium
C01229,27,21-30,81597.7,572.0,67772.76,2.1,129313.24,5000.0,0,1,47363.85,36,Business,2.4153,0.7353,0.5805,Medium
C01230,33,31-45,83774.6,716.0,24671.78,6.7,118906.9,5931.24,0,1,49750.14,48,Salaried,1.7139,0.8496,0.5939,Low
C01231,57,46-65,47212.66,689.0,144437.64,5.4,39514.93,5000.0,2,1,20515.37,48,Business,3.8963,1.2708,0.4345,High
C01232,54,46-65,84121.78,717.0,269082.95,6.7,81800.04,5702.0,0,2,18179.31,48,Salaried,4.1711,0.8134,0.2161,Low
C01233,64,46-65,58806.0,585.0,87510.48,7.3,103470.47,5000.0,1,0,12877.79,60,Self-employed,3.2476,1.0203,0.219,High
C01234,54,46-65,18000.0,814.0,54442.59,23.6,26030.19,5000.0,0,3,9257.85,36,Business,4.4707,3.3333,0.5143,Low
C01235,49,46-65,49789.35,733.0,140535.7,11.3,59787.78,5000.0,0,1,3555.79,36,Business,4.0234,1.2051,0.0714,Medium
C01236,36,31-45,117663.75,658.0,213724.5,11.2,122656.76,6088.8,0,3,29494.2,12,Self-employed,2.8588,0.621,0.2507,Low
C01237,21,21-30,25774.72,610.0,5000.0,5.3,44155.68,5000.0,0,0,6763.59,36,Salaried,1.9071,2.3279,0.2624,Low
C01238,26,21-30,69156.18,761.0,39307.86,15.3,34662.63,5000.0,0,1,30870.2,36,Salaried,1.0696,0.8676,0.4464,Low
C01239,34,31-45,155443.28,597.0,96521.22,16.6,174412.39,7128.08,0,1,28710.91,12,Salaried,1.743,0.5503,0.1847,Low
C01240,22,21-30,42779.12,850.0,111237.5,12.8,22413.65,5000.0,0,0,24221.82,48,Salaried,3.1242,1.4026,0.5662,Low
C01241,43,31-45,65076.88,634.0,141189.81,12.0,34536.95,5000.0,0,1,14405.92,36,Salaried,2.7003,0.922,0.2214,Medium
C01242,55,46-65,31727.33,809.0,56072.23,2.6,0.0,5000.0,0,1,3727.62,36,Salaried,1.7673,1.8911,0.1175,Low
C01243,64,46-65,159073.19,666.0,110580.81,10.9,234300.18,5777.43,0,2,60236.13,12,Salaried,2.1681,0.4358,0.3787,Low
C01244,43,31-45,62088.1,799.0,38202.93,20.2,14358.43,5000.0,0,2,29974.98,24,Salaried,0.8466,0.9664,0.4828,Low
C01245,60,46-65,66688.47,625.0,194523.84,11.3,72191.3,5000.0,0,1,33698.93,36,Self-employed,3.9994,0.8997,0.5053,High
C01246,65,46-65,136900.25,681.0,419825.37,14.0,227363.38,5000.0,0,1,68667.95,24,Self-employed,4.7274,0.4383,0.5016,Low
C01247,59,46-65,93522.34,740.0,172781.05,6.7,47616.5,5924.14,0,1,30654.64,60,Self-employed,2.3566,0.7601,0.3278,Low
C01248,41,31-45,40156.79,730.0,105275.71,5.0,30935.25,5000.0,0,2,7785.62,36,Salaried,3.392,1.4941,0.1939,Low
C01249,35,31-45,45530.59,763.0,44735.34,3.5,48915.06,5000.0,0,1,20112.27,48,Salaried,2.0569,1.3178,0.4417,Low
C01250,65,46-65,85336.26,643.0,162017.81,18.1,85304.3,6006.36,0,0,27227.8,48,Self-employed,2.8982,0.8446,0.3191,Low
C01251,31,31-45,46114.19,686.0,75966.42,7.8,8370.37,5000.0,0,2,41533.39,24,Self-employed,1.8289,1.3011,0.9007,Low
C01252,39,31-45,20285.44,774.0,11171.6,16.7,30960.07,5000.0,1,3,5309.79,36,Salaried,2.0769,2.9578,0.2618,Low
C01253,24,21-30,63124.24,627.0,110671.65,6.1,81273.42,5000.0,1,1,22477.72,36,Salaried,3.0408,0.9505,0.3561,High
C01254,56,46-65,28796.97,723.0,88483.66,17.4,0.0,5000.0,0,3,21152.09,60,Salaried,3.0727,2.0836,0.7345,Medium
C01255,50,46-65,158118.1,664.0,53727.78,9.0,140253.42,9872.63,1,1,98580.43,36,Salaried,1.2268,0.7493,0.6235,Low
C01256,24,21-30,71637.63,695.0,112082.91,6.7,49039.68,5000.0,0,0,15176.96,36,Salaried,2.2491,0.8375,0.2119,Low
C01257,30,21-30,39509.49,686.0,124395.13,6.7,20454.66,5000.0,1,0,9299.43,36,Salaried,3.6662,1.5186,0.2354,High
C01258,45,31-45,44262.57,621.0,129376.07,14.9,79976.07,5000.0,0,2,1154.18,48,Self-employed,4.7298,1.3555,0.0261,High
C01259,45,31-45,22993.66,660.0,25487.88,11.3,9976.69,5000.0,0,1,4517.77,24,Business,1.5424,2.6094,0.1965,Low
C01260,57,46-65,35505.34,691.0,40337.19,15.0,14510.27,5000.0,0,1,17591.82,36,Salaried,1.5448,1.6899,0.4955,Low
C01261,32,31-45,113677.45,672.0,327828.93,20.0,76908.88,5000.0,0,1,20954.75,36,Self-employed,3.5604,0.5278,0.1843,Medium
C01262,62,46-65,221820.76,798.0,135684.97,7.4,222240.19,10739.26,1,1,125381.43,36,Salaried,1.6136,0.581,0.5652,Low
C01263,41,31-45,96921.89,756.0,106438.29,12.9,103141.4,5955.02,0,0,11303.36,60,Salaried,2.1624,0.7373,0.1166,Low
C01264,58,46-65,61791.38,702.0,40340.8,8.1,20963.93,5000.0,0,0,41000.8,60,Self-employed,0.9921,0.971,0.6635,Low
C01265,31,31-45,51254.82,623.0,94278.47,6.4,17200.24,5000.0,0,1,9181.68,36,Salaried,2.175,1.1706,0.1791,Medium
C01266,22,21-30,38409.87,618.0,92332.24,11.4,31562.67,5000.0,0,3,24549.25,48,Business,3.2256,1.5621,0.6391,High
C01267,23,21-30,201796.25,828.0,500000.0,2.6,23470.28,6242.28,0,2,132448.83,12,Salaried,2.5941,0.3712,0.6563,Low
C01268,37,31-45,58590.67,604.0,100424.98,16.0,14302.69,5000.0,0,1,12860.53,36,Business,1.9581,1.0241,0.2195,Medium
C01269,63,46-65,208092.7,689.0,500000.0,10.5,350000.0,5000.0,1,1,124650.02,24,Self-employed,4.0847,0.2883,0.599,Medium
C01270,23,21-30,139885.33,707.0,301953.42,5.2,160604.48,5000.0,1,3,21504.21,12,Salaried,3.3067,0.4289,0.1537,High
C01271,37,31-45,24951.88,657.0,54949.26,10.7,0.0,5000.0,0,2,2506.94,60,Self-employed,2.2022,2.4046,0.1005,Medium
C01272,25,21-30,45065.34,605.0,28173.75,2.0,17627.49,5000.0,0,0,21701.67,60,Salaried,1.0163,1.3314,0.4816,Low
C01273,62,46-65,44988.75,621.0,31928.96,3.4,37475.22,5000.0,1,1,31378.43,60,Self-employed,1.5427,1.3337,0.6975,Medium
C01274,51,46-65,62207.26,639.0,110974.67,3.4,74749.36,5000.0,0,3,16914.02,60,Salaried,2.9856,0.9645,0.2719,High
C01275,55,46-65,62879.14,627.0,169582.89,3.1,19453.36,5000.0,0,3,10203.51,24,Salaried,3.0063,0.9542,0.1623,Medium
C01276,53,46-65,337754.32,780.0,285259.63,7.5,350000.0,12550.66,0,0,222280.15,24,Salaried,1.8808,0.4459,0.6581,Low
C01277,50,46-65,35942.19,679.0,40603.33,10.7,22063.74,5000.0,1,0,8085.65,12,Self-employed,1.7436,1.6693,0.225,Low
C01278,55,46-65,73723.44,641.0,106962.1,35.0,30938.86,5000.0,0,0,31980.36,36,Salaried,1.8705,0.8139,0.4338,Medium
C01279,21,21-30,91237.55,688.0,147261.65,17.6,87582.76,5000.0,0,0,57872.82,60,Self-employed,2.574,0.6576,0.6343,Low
C01280,59,46-65,64943.83,730.0,48700.56,1.5,88791.95,5000.0,0,0,38560.36,60,Salaried,2.1171,0.9239,0.5937,Low
C01281,54,46-65,69060.75,654.0,32661.59,24.0,89067.46,5000.0,0,1,13261.89,48,Business,1.7626,0.8688,0.192,Low
C01282,54,46-65,36588.81,748.0,37890.71,5.2,25977.5,5000.0,0,1,2544.61,60,Self-employed,1.7456,1.6398,0.0695,Low
C01283,38,31-45,68920.57,585.0,201641.71,12.3,49554.67,5000.0,0,2,39291.27,60,Salaried,3.6447,0.8706,0.5701,Medium
C01284,57,46-65,86112.68,768.0,237234.53,7.7,2504.92,5000.0,0,0,54354.49,48,Salaried,2.784,0.6968,0.6312,Low
C01285,38,31-45,77833.16,679.0,55186.73,25.0,0.0,5185.33,0,2,0.0,60,Salaried,0.709,0.7995,0.0,Low
C01286,23,21-30,88943.18,676.0,43216.13,16.7,62909.48,5000.0,0,2,42766.77,60,Salaried,1.1932,0.6746,0.4808,Low
C01287,61,46-65,141361.67,628.0,275007.12,22.8,121608.59,5422.01,0,2,13488.08,36,Self-employed,2.8057,0.4603,0.0954,Low
C01288,31,31-45,108822.58,588.0,119702.02,12.7,165425.39,5000.0,0,1,51507.97,12,Business,2.6201,0.5514,0.4733,Medium
C01289,25,21-30,67599.41,555.0,202403.96,6.1,97988.49,5000.0,0,0,28775.22,24,Business,4.4437,0.8876,0.4257,High
C01290,48,46-65,34121.24,623.0,51884.64,14.0,33216.9,5000.0,0,1,1645.29,60,Salaried,2.4941,1.7584,0.0482,Medium
C01291,31,31-45,46729.91,724.0,138816.5,20.0,77859.59,5000.0,0,0,12112.62,24,Self-employed,4.6368,1.284,0.2592,Medium
C01292,59,46-65,57603.89,608.0,28703.24,4.6,13128.16,5000.0,0,0,21950.47,24,Salaried,0.7262,1.0416,0.3811,Low
C01293,40,31-45,74677.4,564.0,260086.02,11.7,109750.9,5000.0,0,2,49082.41,48,Business,4.9525,0.8035,0.6573,High
C01294,21,21-30,49964.08,612.0,135396.93,15.5,29975.84,5000.0,0,0,4282.18,24,Business,3.3098,1.2009,0.0857,Medium
C01295,63,46-65,38851.01,651.0,104595.3,5.7,35961.21,5000.0,0,3,10852.0,60,Salaried,3.6178,1.5444,0.2793,High
C01296,44,31-45,33814.1,654.0,114732.49,6.8,15407.47,5000.0,0,1,0.0,36,Salaried,3.8487,1.7744,0.0,High
C01297,32,31-45,26212.58,670.0,42201.6,8.2,29540.77,5000.0,0,0,12231.89,60,Salaried,2.7369,2.289,0.4666,Low
C01298,51,46-65,57120.57,757.0,33001.65,11.8,72254.06,5000.0,0,2,43075.71,36,Salaried,1.8427,1.0504,0.7541,Low
C01299,44,31-45,28964.51,774.0,45869.57,9.0,0.0,5000.0,1,4,17482.2,36,Business,1.5836,2.0715,0.6036,Low
C01300,22,21-30,37490.9,830.0,118834.3,9.6,57830.74,5000.0,0,3,25536.81,36,Salaried,4.7122,1.6004,0.6811,Low
C01301,55,46-65,52338.97,,155534.97,26.7,107352.91,5000.0,1,1,0.0,36,Salaried,5.0228,1.1464,0.0,High
C01302,39,31-45,31175.51,616.0,58988.01,8.7,40462.27,5000.0,0,1,0.0,12,Salaried,3.19,1.9246,0.0,Medium
C01303,52,46-65,80098.01,,206946.58,21.7,49850.6,5000.0,0,0,17729.79,48,Self-employed,3.206,0.7491,0.2214,Medium
C01304,61,46-65,97661.75,646.0,106070.17,34.1,117328.56,5588.52,0,1,47901.24,48,Salaried,2.2875,0.6867,0.4905,Low
C01305,48,46-65,,745.0,24435.44,4.9,26347.79,5000.0,1,1,19209.61,24,Salaried,1.0569,1.2487,0.3998,Low
C01306,51,46-65,51112.15,696.0,111079.23,17.0,23891.59,5000.0,1,2,28747.28,36,Business,2.6407,1.1739,0.5624,Low
C01307,32,31-45,87354.42,798.0,123974.19,6.4,53281.25,5000.0,0,0,46457.5,48,,2.0292,0.6869,0.5318,Low
C01308,31,31-45,43890.15,758.0,34170.4,16.5,45395.16,5000.0,0,1,6669.07,60,Salaried,1.8128,1.367,0.1519,Low
C01309,39,31-45,42261.8,760.0,112665.25,6.3,5192.6,5000.0,0,1,14996.19,36,Business,2.7888,1.4197,0.3548,Low
C01310,59,46-65,125519.54,649.0,227807.24,1.3,70842.04,8589.51,0,1,43211.62,48,Business,2.3793,0.8212,0.3443,Low
C01311,44,31-45,105709.05,673.0,203516.85,14.9,62946.25,6537.5,0,1,65391.52,48,Self-employed,2.5207,0.7421,0.6186,Low
C01312,36,31-45,90490.04,657.0,73202.92,9.8,127007.27,5000.0,0,1,42979.59,24,Salaried,2.2125,0.6631,0.475,Low
C01313,56,46-65,108147.04,567.0,101273.31,20.5,165475.45,5636.9,2,2,74288.12,36,Salaried,2.4665,0.6255,0.6869,High
C01314,59,46-65,21908.7,790.0,53081.36,6.2,30387.44,5000.0,0,1,4239.87,60,Salaried,3.8098,2.7386,0.1935,Low
C01315,61,46-65,136865.24,736.0,412741.24,8.7,44954.53,5045.04,1,0,30139.44,36,Salaried,3.3441,0.4423,0.2202,Medium
C01316,34,31-45,80642.15,654.0,71752.6,6.0,108186.29,5000.0,0,1,2776.47,36,Business,2.2313,0.744,0.0344,Medium
C01317,52,46-65,113331.49,778.0,322272.02,3.3,132726.18,5000.0,0,1,25974.97,36,Salaried,4.0148,0.5294,0.2292,Low
C01318,47,46-65,80425.09,633.0,234525.89,11.5,50778.19,5179.39,0,0,17572.71,24,Self-employed,3.5475,0.7728,0.2185,Medium
C01319,41,31-45,66772.81,542.0,191928.15,8.7,66084.56,5000.0,0,2,25950.51,48,Business,3.864,0.8986,0.3886,High
C01320,38,31-45,55866.63,756.0,130212.56,1.9,55422.44,5000.0,0,1,18122.13,60,Self-employed,3.3228,1.074,0.3244,Medium
C01321,26,21-30,79544.51,584.0,103337.04,20.9,58929.84,5000.0,0,2,3124.86,48,Self-employed,2.04,0.7543,0.0393,Low
C01322,33,31-45,54758.13,665.0,142986.36,9.5,69500.3,5000.0,0,0,43803.18,48,Salaried,3.8805,1.0957,0.7999,Medium
C01323,45,31-45,104764.93,695.0,173180.84,5.8,91306.15,5000.0,0,1,1445.75,36,Salaried,2.5246,0.5727,0.0138,Low
C01324,60,46-65,27162.47,709.0,23924.57,15.0,19251.92,5000.0,0,3,20576.66,36,Salaried,1.5896,2.2089,0.7575,Low
C01325,59,46-65,48256.02,744.0,64355.57,17.9,69690.36,5000.0,1,1,8826.35,48,Salaried,2.7778,1.2434,0.1829,Medium
C01326,29,21-30,200144.59,724.0,350958.56,3.6,285389.64,5451.89,1,1,31889.23,36,Salaried,3.1794,0.3269,0.1593,Medium
C01327,51,46-65,46064.52,721.0,76180.47,3.1,40914.01,5000.0,0,0,23218.75,24,Self-employed,2.542,1.3025,0.504,Low
C01328,24,21-30,57003.42,621.0,173050.32,6.8,57513.61,5000.0,0,2,15427.98,36,Self-employed,4.0447,1.0526,0.2707,Medium
C01329,51,46-65,40003.53,702.0,66912.34,12.0,62960.78,5000.0,0,1,14744.38,24,Salaried,3.2465,1.4999,0.3686,Medium
C01330,36,31-45,78186.92,567.0,98185.37,23.3,10326.34,5000.0,0,1,43451.63,36,Salaried,1.3878,0.7674,0.5557,Low
C01331,41,31-45,43355.85,797.0,153587.26,0.7,33215.13,5000.0,0,1,20309.75,60,Salaried,4.3086,1.3839,0.4684,Low
C01332,53,46-65,58691.87,575.0,66961.94,27.8,88785.97,5000.0,1,1,38038.06,36,Salaried,2.6537,1.0223,0.6481,Medium
C01333,40,31-45,103675.3,654.0,18609.96,10.2,148167.16,5292.91,0,2,19003.63,60,Salaried,1.6086,0.6126,0.1833,Low
C01334,57,46-65,44259.38,581.0,131979.71,20.0,36055.76,5000.0,0,1,20796.43,36,Salaried,3.7966,1.3556,0.4699,High
C01335,45,31-45,,625.0,355846.93,19.1,177000.65,6972.39,0,0,33928.98,36,Business,5.3128,0.8342,0.3383,Medium
C01336,65,46-65,102167.48,681.0,265695.0,8.7,36518.42,5000.0,0,2,26766.34,36,Self-employed,2.958,0.5873,0.262,Medium
C01337,49,46-65,116118.72,640.0,183134.62,6.7,95025.03,5000.0,0,2,63888.53,36,Salaried,2.3955,0.5167,0.5502,Low
C01338,34,31-45,70223.63,766.0,149517.44,12.6,96340.63,5000.0,0,0,9499.35,48,Salaried,3.5011,0.8544,0.1353,Low
C01339,55,46-65,350000.0,697.0,500000.0,10.3,53238.48,14660.25,0,0,57379.95,36,Salaried,1.5807,0.5026,0.1639,Low
C01340,39,31-45,116091.75,645.0,349669.38,5.6,33142.53,5000.0,1,0,81750.37,24,Salaried,3.2975,0.5168,0.7042,Medium
C01341,45,31-45,,670.0,37953.69,8.7,72759.2,5000.0,1,3,16367.97,36,Salaried,1.4246,0.772,0.2106,Low
C01342,27,21-30,40150.26,771.0,137738.76,7.2,11031.93,5000.0,0,0,24197.51,36,Salaried,3.7053,1.4944,0.6027,Low
C01343,26,21-30,61621.13,748.0,143886.56,9.3,59454.37,5000.0,0,2,29552.08,24,Salaried,3.2999,0.9737,0.4796,Low
C01344,46,46-65,142432.34,595.0,36130.61,17.9,189490.0,7918.63,0,0,44346.13,12,Salaried,1.5841,0.6671,0.3113,Low
C01345,29,21-30,166439.4,629.0,100542.08,7.1,185334.94,6344.59,0,1,109450.31,48,Salaried,1.7176,0.4574,0.6576,Low
C01346,65,46-65,146564.89,716.0,48034.71,11.1,257981.18,7189.08,0,0,93545.22,36,Salaried,2.0879,0.5886,0.6383,Low
C01347,59,46-65,100107.34,707.0,340680.12,8.6,148023.69,5274.45,0,1,12817.25,48,Business,4.8818,0.6323,0.128,Medium
C01348,52,46-65,32582.46,601.0,55187.64,8.5,47244.01,5000.0,0,0,2306.22,12,Salaried,3.1438,1.8415,0.0708,High
C01349,54,46-65,84972.38,736.0,221862.82,7.7,55646.94,5000.0,1,1,26085.23,48,Salaried,3.2659,0.7061,0.307,Medium
C01350,47,46-65,32838.97,613.0,11241.46,12.8,9921.33,5000.0,1,0,14862.4,60,Business,0.6444,1.8271,0.4526,Low
C01351,23,21-30,28682.24,778.0,93511.4,0.9,48509.88,5000.0,0,2,13314.8,24,Salaried,4.9515,2.0919,0.4642,Low
C01352,38,31-45,74137.73,720.0,145139.2,12.9,132883.94,5000.0,1,1,27028.42,24,Salaried,3.7501,0.8093,0.3646,Medium
C01353,43,31-45,86673.39,595.0,276663.56,10.6,122534.78,5000.0,0,0,38825.97,36,Self-employed,4.6058,0.6923,0.448,Medium
C01354,62,46-65,106830.63,640.0,205999.86,10.1,119727.18,6871.16,0,1,14862.86,24,Salaried,3.049,0.7718,0.1391,Medium
C01355,30,21-30,85439.81,639.0,251299.1,14.2,135737.77,5000.0,0,0,27605.14,36,Salaried,4.5299,0.7022,0.3231,High
C01356,43,31-45,87074.11,692.0,195359.86,2.1,53178.38,5000.0,0,0,28502.73,48,Salaried,2.8543,0.6891,0.3273,Low
C01357,36,31-45,37819.63,665.0,58534.01,17.5,30277.95,5000.0,0,0,22878.61,48,Salaried,2.3483,1.5865,0.6049,Low
C01358,27,21-30,61353.37,594.0,195012.74,7.5,23621.99,5000.0,1,2,28760.09,60,Salaried,3.5635,0.9779,0.4688,High
C01359,25,21-30,28373.99,575.0,42968.44,7.2,25074.17,5000.0,0,1,0.0,60,Salaried,2.3981,2.1146,0.0,Medium
C01360,37,31-45,21596.56,721.0,63220.65,4.7,4307.86,5000.0,0,1,24054.36,36,Business,3.1268,2.7782,1.1138,Low
C01361,24,21-30,97684.29,701.0,18996.49,5.2,61247.81,5000.0,0,2,6309.29,60,Salaried,0.8215,0.6142,0.0646,Medium
C01362,24,21-30,42955.68,688.0,111337.99,2.0,38442.21,5000.0,0,0,22251.27,36,Self-employed,3.4869,1.3968,0.518,Medium
C01363,36,31-45,105031.62,700.0,333760.03,9.5,98235.4,5580.31,0,0,49759.12,36,Self-employed,4.113,0.6376,0.4738,Low
C01364,30,21-30,119579.14,634.0,390788.71,6.2,97627.57,6691.93,1,1,48377.64,36,Salaried,4.0845,0.6715,0.4046,High
C01365,45,31-45,46236.19,694.0,70763.04,15.7,72532.17,5000.0,1,2,28678.73,36,Self-employed,3.0992,1.2977,0.6203,Medium
C01366,21,21-30,89932.41,850.0,152187.03,11.5,140356.85,5000.0,1,3,26047.95,36,Business,3.2529,0.6672,0.2896,Low
C01367,34,31-45,45184.36,768.0,130505.91,10.4,31031.47,5000.0,2,3,28548.35,36,Business,3.5751,1.3279,0.6318,High
C01368,41,31-45,23550.66,658.0,38070.2,6.6,18399.1,5000.0,0,0,5802.63,36,Salaried,2.3978,2.5477,0.2464,Medium
C01369,64,46-65,69561.23,641.0,240257.31,7.9,15128.89,5000.0,0,3,37700.41,48,Salaried,3.6714,0.8625,0.542,High
C01370,49,46-65,50169.47,465.0,44274.16,22.8,24343.33,5000.0,0,1,19964.88,36,Salaried,1.3677,1.1959,0.3979,Medium
C01371,60,46-65,51026.15,760.0,30305.5,6.6,74998.38,5000.0,0,0,1824.39,48,Self-employed,2.0637,1.1759,0.0358,Low
C01372,36,31-45,192640.54,739.0,500000.0,0.8,220596.05,11682.66,0,0,86882.3,60,Salaried,3.7406,0.7277,0.451,Low
C01373,41,31-45,28083.04,639.0,51001.49,7.7,0.0,5000.0,0,0,8575.61,36,Salaried,1.8161,2.1365,0.3054,Low
C01374,39,31-45,80235.53,573.0,94253.73,4.2,92278.38,5000.0,0,1,21294.54,48,Salaried,2.3248,0.7478,0.2654,Low
C01375,60,46-65,37609.0,593.0,50539.28,7.2,37688.51,5000.0,1,0,13112.14,60,Salaried,2.3459,1.5954,0.3486,High
C01376,64,46-65,107118.0,713.0,379186.66,9.2,19448.89,5280.91,1,1,50498.02,48,Salaried,3.7215,0.5916,0.4714,Medium
C01377,64,46-65,76594.44,673.0,167048.76,4.3,118730.89,5000.0,1,1,11635.56,36,Salaried,3.7311,0.7833,0.1519,High
C01378,54,46-65,80080.04,732.0,261719.27,1.9,45200.79,5000.0,0,0,44565.17,48,Self-employed,3.8327,0.7493,0.5565,Low
C01379,43,31-45,38655.84,686.0,45818.79,7.8,21367.58,5000.0,0,1,41793.01,36,Business,1.7381,1.5522,1.0812,Low
C01380,45,31-45,42662.23,753.0,72732.51,20.9,37793.3,5000.0,0,2,23564.39,36,Business,2.5907,1.4064,0.5523,Low
C01381,65,46-65,108242.6,708.0,99907.19,8.9,48697.54,5174.01,0,3,8218.55,36,Salaried,1.3729,0.5736,0.0759,Low
C01382,33,31-45,172143.08,742.0,276762.87,10.8,46601.76,5000.0,1,2,113998.28,12,Salaried,1.8785,0.3485,0.6622,Low
C01383,36,31-45,84652.66,523.0,8265.7,7.0,47992.4,5118.45,0,0,16893.57,24,Salaried,0.6646,0.7256,0.1996,Low
C01384,61,46-65,39678.36,587.0,18006.39,12.1,9353.23,5000.0,0,3,23721.21,36,Salaried,0.6895,1.5122,0.5978,Low
C01385,38,31-45,78320.04,653.0,144384.46,14.3,62433.02,5000.0,0,0,20360.44,36,Salaried,2.6407,0.7661,0.26,Low
C01386,31,31-45,247026.82,761.0,500000.0,18.5,71451.12,10545.84,0,2,154405.88,24,Salaried,2.3133,0.5123,0.6251,Low
C01387,46,46-65,68766.71,821.0,113286.83,22.0,17908.77,5000.0,1,1,13313.33,60,Self-employed,1.9078,0.8725,0.1936,Low
C01388,35,31-45,145241.77,668.0,278857.54,11.3,157054.93,7110.35,0,2,93492.11,60,Self-employed,3.0013,0.5875,0.6437,Low
C01389,61,46-65,43259.04,634.0,85670.94,18.8,46012.25,5000.0,0,0,20389.12,36,Self-employed,3.0441,1.387,0.4713,Medium
C01390,61,46-65,63512.7,533.0,124119.31,15.8,85107.34,5000.0,0,1,22420.38,48,Business,3.2942,0.9447,0.353,High
C01391,34,31-45,91391.1,745.0,249256.01,12.3,73635.11,5000.0,0,2,37576.35,48,Salaried,3.5331,0.6565,0.4112,Low
C01392,44,31-45,80876.06,639.0,233720.28,8.7,153118.44,5000.0,0,0,25346.3,24,Business,4.7831,0.7419,0.3134,High
C01393,65,46-65,42643.44,850.0,126006.64,1.4,18148.82,5000.0,0,0,36939.03,24,Salaried,3.3805,1.407,0.8662,Low
C01394,54,46-65,41643.81,625.0,35884.47,30.1,48340.44,5000.0,0,0,10506.7,48,Self-employed,2.0225,1.4408,0.2523,Low
C01395,30,21-30,111937.84,838.0,170819.98,9.6,,5961.92,0,1,47289.96,36,Salaried,2.4409,0.6391,0.4225,Low
C01396,47,46-65,125178.44,736.0,372485.46,6.5,190780.34,5000.0,1,1,43423.47,36,Self-employed,4.4997,0.4793,0.3469,High
C01397,48,46-65,149316.2,603.0,500000.0,6.5,68862.76,7605.08,0,0,47798.36,48,Salaried,3.8098,0.6112,0.3201,High
C01398,50,46-65,175308.81,697.0,355385.78,14.2,300910.96,7532.06,0,2,68834.81,60,Salaried,3.7437,0.5156,0.3926,Low
C01399,22,21-30,69995.29,738.0,135609.92,3.5,104802.45,5000.0,0,1,16880.9,12,Salaried,3.4347,0.8572,0.2412,Medium
C01400,34,31-45,54774.66,663.0,147985.58,20.8,17873.01,5000.0,0,0,16417.42,36,Salaried,3.028,1.0954,0.2997,Low
C01401,59,46-65,,743.0,475934.05,11.2,111597.93,6841.4,0,1,84768.9,60,Self-employed,4.2995,0.6008,0.6203,Low
C01402,31,31-45,96214.05,741.0,163631.35,5.5,,5000.0,0,3,40288.99,48,Salaried,2.0422,0.6236,0.4187,Low
C01403,34,31-45,37865.37,725.0,35296.07,12.9,14586.17,5000.0,0,3,21451.16,60,Business,1.3174,1.5846,0.5665,Low
C01404,35,31-45,36814.35,679.0,123279.16,15.0,26874.78,5000.0,0,0,10875.22,36,Salaried,4.0787,1.6298,0.2954,Medium
C01405,28,21-30,85195.52,592.0,208811.07,5.3,107375.35,5000.0,0,0,48880.12,48,Salaried,3.7113,0.7043,0.5737,Medium
C01406,27,21-30,58961.59,674.0,30710.24,12.7,62190.97,5000.0,0,1,41379.3,24,Salaried,1.5756,1.0176,0.7018,Low
C01407,36,31-45,64061.96,693.0,75711.16,7.0,31590.73,5000.0,0,0,26617.46,24,Self-employed,1.675,0.9366,0.4155,Low
C01408,60,46-65,117246.74,539.0,225449.88,20.3,71445.43,5000.0,0,1,20977.59,24,Salaried,2.5322,0.5117,0.1789,Medium
C01409,21,21-30,98677.57,693.0,243387.56,7.1,24418.01,5000.0,0,2,17779.81,60,Business,2.7139,0.608,0.1802,Low
C01410,33,31-45,,673.0,378186.46,7.7,56345.81,5000.0,0,0,59987.21,48,Salaried,3.217,0.4442,0.4441,Low
C01411,23,21-30,22466.88,583.0,19096.51,0.9,32252.45,5000.0,0,1,2460.81,36,Salaried,2.2855,2.6706,0.1095,Medium
C01412,46,46-65,74720.62,655.0,67926.1,17.6,23304.38,5000.0,0,4,24360.23,48,Salaried,1.221,0.803,0.326,Low
C01413,32,31-45,95246.28,657.0,255255.31,7.2,137033.96,5178.51,0,3,53593.17,60,Salaried,4.1187,0.6524,0.5627,Low
C01414,56,46-65,28071.79,825.0,5000.0,7.1,44833.18,5000.0,0,1,0.0,48,Salaried,1.7752,2.1374,0.0,Low
C01415,47,46-65,45340.23,697.0,77665.95,19.1,57488.05,5000.0,0,1,16697.97,12,Self-employed,2.9809,1.3233,0.3683,Medium
C01416,56,46-65,40940.53,758.0,78089.63,11.8,20103.71,5000.0,0,0,31825.58,36,,2.3984,1.4655,0.7774,Low
C01417,49,46-65,65780.36,671.0,85133.71,4.9,40725.34,5000.0,0,3,4484.84,24,Salaried,1.9133,0.9121,0.0682,Medium
C01418,40,31-45,159127.69,539.0,433780.65,10.8,45996.84,11184.18,0,0,8604.0,48,Self-employed,3.015,0.8434,0.0541,High
C01419,59,46-65,197712.0,730.0,57082.73,12.1,146633.25,7844.03,1,1,74642.61,60,Salaried,1.0304,0.4761,0.3775,Low
C01420,42,31-45,41534.7,631.0,110040.0,8.0,54241.04,5000.0,0,2,17717.58,36,Self-employed,3.9553,1.4446,0.4266,High
C01421,63,46-65,86833.61,655.0,211534.04,25.3,79313.98,5685.95,1,1,17345.35,36,Salaried,3.3495,0.7858,0.1998,High
C01422,65,46-65,88387.11,601.0,166062.27,7.7,146759.4,5000.0,0,0,45864.15,48,Business,3.5392,0.6788,0.5189,Low
C01423,47,46-65,80445.62,685.0,257380.69,9.0,132847.68,5000.0,0,2,44104.74,12,Self-employed,4.8508,0.7458,0.5483,Medium
C01424,51,46-65,80949.55,760.0,65763.51,9.2,49045.76,5000.0,0,0,52676.56,36,Salaried,1.4183,0.7412,0.6507,Low
C01425,32,31-45,76818.51,750.0,217605.47,14.3,42544.44,5000.0,0,1,10701.25,24,Salaried,3.3866,0.7811,0.1393,Low
C01426,57,46-65,164440.83,799.0,133097.52,4.5,105502.16,11502.21,0,2,0.0,36,Salaried,1.451,0.8394,0.0,Low
C01427,51,46-65,119192.98,810.0,411588.48,15.6,169846.98,5703.03,0,1,17190.57,24,Self-employed,4.8781,0.5742,0.1442,Low
C01428,61,46-65,36281.31,527.0,5000.0,31.9,30877.14,5000.0,0,1,13986.7,60,Salaried,0.9889,1.6537,0.3855,Low
C01429,33,31-45,100688.73,590.0,186802.9,2.8,24753.48,7028.64,0,1,22888.81,36,Salaried,2.1011,0.8377,0.2273,Medium
C01430,56,46-65,106186.04,544.0,69716.22,4.8,187344.45,6069.63,0,2,45455.49,60,Salaried,2.4209,0.6859,0.4281,High
C01431,42,31-45,77294.23,727.0,125595.3,2.5,81554.89,5000.0,0,1,51505.97,36,Salaried,2.68,0.7763,0.6664,Low
C01432,29,21-30,121106.54,628.0,90795.71,1.2,211505.76,5000.0,1,1,85489.41,48,Salaried,2.4962,0.4954,0.7059,Medium
C01433,28,21-30,72083.7,643.0,49886.04,4.7,34342.04,5000.0,1,1,29935.59,24,Salaried,1.1685,0.8324,0.4153,Low
C01434,46,46-65,72576.74,664.0,8375.45,4.9,69107.29,5000.0,0,1,19916.53,36,Salaried,1.0676,0.8267,0.2744,Low
C01435,35,31-45,69482.13,709.0,21551.37,15.0,92765.12,5000.0,0,0,12839.96,12,Salaried,1.6453,0.8635,0.1848,Low
C01436,25,21-30,21420.6,569.0,55522.75,18.8,6641.82,5000.0,0,0,16121.73,60,Salaried,2.9021,2.801,0.7526,Medium
C01437,40,31-45,62188.38,586.0,90327.71,10.7,12204.17,5000.0,0,0,16507.83,12,Salaried,1.6487,0.9648,0.2654,Low
C01438,50,46-65,45008.41,680.0,5000.0,17.4,22124.53,5000.0,0,2,0.0,12,Self-employed,0.6027,1.3331,0.0,Low
C01439,35,31-45,33846.68,770.0,101909.28,14.2,12949.29,5000.0,0,2,0.0,36,Salaried,3.3935,1.7727,0.0,Low
C01440,63,46-65,143036.14,678.0,335767.09,5.7,176191.89,5000.0,0,0,77831.0,60,Self-employed,3.5792,0.4195,0.5441,Medium
C01441,56,46-65,85772.75,621.0,77285.31,11.6,111075.83,5000.0,0,0,48322.61,48,Self-employed,2.196,0.6995,0.5634,Medium
C01442,44,31-45,63942.24,519.0,110481.75,4.2,110132.87,5000.0,0,1,8745.69,24,Self-employed,3.4502,0.9383,0.1368,High
C01443,63,46-65,47643.46,751.0,77110.54,9.0,8541.21,5000.0,0,2,3218.36,36,Salaried,1.7978,1.2594,0.0676,Low
C01444,40,31-45,76499.22,625.0,157655.66,10.3,92130.8,5000.0,0,2,56621.17,36,Salaried,3.2652,0.7843,0.7402,High
C01445,27,21-30,112132.04,594.0,362649.33,13.1,594.73,5000.0,0,4,55006.31,60,Salaried,3.2394,0.5351,0.4905,High
C01446,22,21-30,41246.08,551.0,88870.62,23.6,5910.28,5000.0,0,0,14778.41,36,Self-employed,2.2979,1.4547,0.3583,Medium
C01447,63,46-65,64827.61,572.0,221121.37,3.3,117848.97,5000.0,1,1,17030.51,24,Salaried,5.2288,0.9255,0.2627,High
C01448,64,46-65,104775.91,608.0,269896.58,8.8,191812.0,5000.0,0,1,13962.11,36,Salaried,4.4066,0.5727,0.1333,High
C01449,54,46-65,22411.78,662.0,84269.25,21.0,50849.88,5000.0,1,2,839.24,60,Business,6.0289,2.6772,0.0374,High
C01450,25,21-30,62974.12,589.0,131084.83,5.4,71983.95,5000.0,0,1,35326.23,36,Business,3.2246,0.9528,0.561,High
C01451,34,31-45,51330.08,694.0,114327.23,4.4,46227.94,5000.0,0,1,29362.67,12,Self-employed,3.1279,1.1689,0.572,Medium
C01452,22,21-30,60387.42,662.0,154221.89,14.0,41348.64,5000.0,0,1,5591.09,48,Salaried,3.2386,0.9936,0.0926,Medium
C01453,23,21-30,49327.98,847.0,125446.91,12.6,65906.91,5000.0,0,0,21074.86,60,Salaried,3.8792,1.2163,0.4272,Low
C01454,32,31-45,,552.0,13428.07,2.5,17529.6,5000.0,0,2,4893.42,60,Salaried,0.4416,0.8558,0.0698,Low
C01455,46,46-65,187238.32,692.0,126310.02,6.0,27045.51,5744.97,0,0,36243.1,36,Salaried,0.819,0.3682,0.1936,Low
C01456,23,21-30,54392.7,693.0,55827.94,3.8,106969.49,5000.0,0,1,41437.79,36,Salaried,2.993,1.1031,0.7618,Low
C01457,65,46-65,,603.0,80055.29,3.8,52832.64,5000.0,0,1,34512.2,36,Self-employed,1.7414,0.7862,0.4523,Medium
C01458,41,31-45,194707.38,687.0,500000.0,12.0,307986.72,13769.0,1,1,30715.25,36,Salaried,4.1497,0.8486,0.1578,High
C01459,32,31-45,48032.54,738.0,125362.96,12.0,14459.32,5000.0,0,0,17153.68,48,Salaried,2.911,1.2492,0.3571,Medium
C01460,44,31-45,176347.89,687.0,94717.5,8.8,266909.13,8021.02,2,0,102895.34,48,Salaried,2.0506,0.5458,0.5835,Medium
C01461,56,46-65,65190.58,784.0,119529.24,3.3,117725.81,5000.0,0,0,32733.87,48,Salaried,3.6394,0.9204,0.5021,Low
C01462,35,31-45,173197.09,517.0,165477.19,3.9,2400.75,10348.01,1,1,10809.48,48,Salaried,0.9693,0.717,0.0624,Medium
C01463,23,21-30,98199.18,617.0,265167.58,11.4,74668.01,5066.84,0,1,22734.71,60,Salaried,3.4607,0.6192,0.2315,Medium
C01464,23,21-30,76960.85,791.0,232173.23,2.8,,5000.0,0,2,49763.82,48,Salaried,4.5201,0.7796,0.6466,Low
C01465,59,46-65,62695.55,748.0,55187.06,1.8,847.99,5000.0,1,1,12447.29,24,Salaried,0.8938,0.957,0.1985,Low
C01466,26,21-30,46116.21,721.0,55439.16,6.4,0.0,5000.0,0,0,12843.57,48,Salaried,1.2022,1.3011,0.2785,Low
C01467,49,46-65,67766.82,772.0,239969.21,8.9,36072.97,5000.0,0,1,12697.21,36,Salaried,4.0734,0.8854,0.1874,Low
C01468,38,31-45,106477.75,536.0,251166.25,2.1,33119.04,5612.3,0,1,60468.8,24,Self-employed,2.6699,0.6325,0.5679,Medium
C01469,55,46-65,64532.95,740.0,204488.74,11.7,1813.91,5000.0,0,4,34010.68,48,Salaried,3.1969,0.9298,0.527,Low
C01470,23,21-30,54611.51,760.0,71063.22,8.2,33392.01,5000.0,0,3,27685.53,48,Salaried,1.9127,1.0987,0.507,Low
C01471,61,46-65,56625.36,631.0,53506.93,3.6,25580.73,5000.0,1,0,4709.62,48,Business,1.3967,1.0596,0.0832,Medium
C01472,52,46-65,112196.23,850.0,279826.71,9.4,201841.53,5000.0,0,1,53333.69,24,Salaried,4.2931,0.5348,0.4754,Low
C01473,41,31-45,127513.99,695.0,77446.46,1.4,6778.29,7889.38,0,1,51578.34,60,Business,0.6605,0.7424,0.4045,Low
C01474,30,21-30,45035.65,516.0,122816.49,6.8,0.0,5000.0,0,0,10476.06,24,Business,2.7271,1.3323,0.2326,High
C01475,64,46-65,45000.07,709.0,124127.16,7.0,45573.54,5000.0,0,0,8807.17,24,Business,3.7711,1.3333,0.1957,Medium
C01476,34,31-45,80080.68,626.0,75639.25,8.9,119110.59,5000.0,0,1,8969.65,36,Self-employed,2.4319,0.7492,0.112,Medium
C01477,43,31-45,150585.33,767.0,283483.25,9.7,117798.73,8423.71,0,3,10316.2,36,Salaried,2.6648,0.6713,0.0685,Low
C01478,38,31-45,122080.66,721.0,347128.54,14.4,78838.71,8081.73,0,0,52969.78,36,Self-employed,3.4892,0.7944,0.4339,Low
C01479,31,31-45,32650.77,635.0,111800.16,8.6,31498.0,5000.0,1,0,0.0,60,Salaried,4.3888,1.8376,0.0,High
C01480,39,31-45,56212.86,793.0,48579.29,2.7,72937.42,5000.0,0,2,33505.42,12,Salaried,2.1617,1.0674,0.596,Low
C01481,27,21-30,38960.77,750.0,97695.4,4.4,41783.6,5000.0,0,0,4985.14,48,Salaried,3.58,1.54,0.128,Medium
C01482,21,21-30,56106.71,618.0,39909.89,35.0,37976.32,5000.0,1,1,33465.89,24,Salaried,1.3882,1.0694,0.5965,Low
C01483,34,31-45,157089.04,669.0,500000.0,2.1,135634.24,6613.59,0,0,30992.05,48,Business,4.0463,0.5052,0.1973,Medium
C01484,26,21-30,29724.06,719.0,63364.26,27.8,16366.53,5000.0,0,0,1133.93,24,Self-employed,2.6824,2.0186,0.0381,Low
C01485,39,31-45,26682.59,653.0,43135.29,25.3,34573.39,5000.0,1,2,11089.96,24,Salaried,2.9123,2.2487,0.4156,High
C01486,59,46-65,41210.06,655.0,105684.51,2.6,12969.47,5000.0,1,0,13657.61,36,Self-employed,2.8792,1.456,0.3314,High
C01487,28,21-30,76127.39,683.0,185913.23,16.1,117919.49,5000.0,0,2,5746.33,36,Self-employed,3.9911,0.7882,0.0755,Medium
C01488,21,21-30,91450.92,600.0,239259.82,11.6,118350.29,5000.0,0,0,16914.01,24,Salaried,3.9104,0.6561,0.185,Medium
C01489,25,21-30,82680.51,513.0,98416.65,18.0,,5000.0,0,1,11160.64,60,Salaried,1.8765,0.7257,0.135,Medium
C01490,43,31-45,124090.89,698.0,314308.49,4.5,125074.25,6709.82,1,2,53126.87,36,Salaried,3.5408,0.6489,0.4281,Medium
C01491,33,31-45,24647.86,531.0,82057.15,11.6,35624.8,5000.0,0,0,3473.84,24,Salaried,4.7745,2.4343,0.1409,Low
C01492,43,31-45,124957.34,606.0,169186.62,5.3,193696.44,5000.0,0,2,10483.78,48,Salaried,2.9041,0.4802,0.0839,Medium
C01493,22,21-30,54747.67,547.0,51514.01,3.7,69879.43,5000.0,0,3,43171.93,36,Salaried,2.2173,1.0959,0.7886,Medium
C01494,35,31-45,97194.02,556.0,316440.29,9.3,158430.83,5000.0,1,1,24167.16,60,Business,4.8858,0.6173,0.2486,High
C01495,39,31-45,31390.44,712.0,74846.21,14.1,30814.03,5000.0,0,0,0.0,48,Salaried,3.366,1.9114,0.0,Medium
C01496,40,31-45,65177.44,663.0,99625.52,13.3,95399.39,5000.0,0,2,31653.37,36,Salaried,2.9922,0.9206,0.4856,Low
C01497,45,31-45,74020.06,661.0,236337.09,16.9,11119.54,5236.93,0,2,10696.49,48,Salaried,3.3431,0.849,0.1445,Medium
C01498,56,46-65,122737.8,581.0,63066.14,4.8,125124.69,8687.92,0,2,19040.52,36,Salaried,1.5333,0.8494,0.1551,Low
C01499,42,31-45,27180.43,631.0,73104.01,25.2,54149.92,5000.0,1,2,9769.88,24,Business,4.6818,2.2075,0.3594,High
C01500,58,46-65,66108.75,,118158.53,9.2,5987.78,5000.0,0,3,12546.65,24,Salaried,1.8779,0.9076,0.1898,Low
C01501,44,31-45,35784.25,676.0,8993.53,3.5,38745.85,5000.0,0,0,11089.27,36,Salaried,1.3341,1.6767,0.3099,Low
C01502,32,31-45,85833.56,742.0,274630.62,16.1,76719.22,5000.0,0,3,41461.89,60,Salaried,4.0934,0.699,0.483,Low
C01503,31,31-45,99669.17,752.0,265064.36,8.3,16505.34,5581.03,0,2,50313.77,48,Salaried,2.825,0.6719,0.5048,Low
C01504,35,31-45,131937.84,661.0,114485.89,4.7,152948.53,5000.0,0,1,73465.67,48,Self-employed,2.027,0.4548,0.5568,Low
C01505,47,46-65,48430.08,541.0,151018.72,5.8,50186.1,5000.0,0,2,10061.5,36,Salaried,4.1545,1.2389,0.2078,High
C01506,31,31-45,108241.17,623.0,366662.48,8.4,184667.02,7324.38,0,0,35167.35,48,Salaried,5.0935,0.812,0.3249,Medium
C01507,62,46-65,137398.18,673.0,402026.02,1.8,169336.83,6779.64,0,0,75113.35,36,Business,4.1584,0.5921,0.5467,Low
C01508,42,31-45,26327.17,622.0,5000.0,22.1,1646.34,5000.0,1,1,0.0,24,Salaried,0.2525,2.279,0.0,Low
C01509,59,46-65,91028.89,601.0,71088.27,12.5,133467.69,5000.0,1,1,15808.49,12,Business,2.2472,0.6591,0.1737,High
C01510,51,46-65,110119.76,685.0,310508.78,9.2,0.0,5000.0,0,1,0.0,60,Salaried,2.8197,0.5449,0.0,Low
C01511,36,31-45,56378.49,850.0,179703.22,7.1,2187.7,5000.0,0,0,697.71,12,Salaried,3.2262,1.0642,0.0124,Low
C01512,31,31-45,33396.86,643.0,24995.85,17.4,52769.57,5000.0,0,0,5721.23,60,Self-employed,2.3285,1.7966,0.1713,Medium
C01513,54,46-65,109181.64,680.0,193531.15,22.9,45869.03,5000.0,0,0,67247.96,60,Salaried,2.1927,0.5495,0.6159,Low
C01514,35,31-45,33604.41,582.0,19724.54,3.2,44021.86,5000.0,0,0,11405.0,24,Salaried,1.897,1.7855,0.3394,Low
C01515,32,31-45,58926.68,773.0,115908.55,9.2,104574.43,5000.0,0,1,20202.3,60,Salaried,3.7416,1.0182,0.3428,Low
C01516,62,46-65,63581.28,746.0,140446.68,11.1,120517.58,5000.0,0,2,19856.7,36,Business,4.1044,0.9437,0.3123,Medium
C01517,42,31-45,96344.78,740.0,15694.52,17.3,69284.75,5000.0,0,2,39020.45,60,Salaried,0.882,0.6228,0.405,Low
C01518,23,21-30,46050.56,782.0,113993.12,13.8,15163.38,5000.0,0,0,21803.01,36,Salaried,2.8047,1.3029,0.4735,Low
C01519,43,31-45,44605.9,648.0,103294.01,11.6,29798.77,5000.0,0,2,5677.49,36,Business,2.9837,1.3451,0.1273,Medium
C01520,41,31-45,68634.19,657.0,115996.8,8.6,21533.25,5000.0,1,1,28419.54,48,Business,2.0038,0.8742,0.4141,Medium
C01521,59,46-65,113058.12,808.0,336994.27,2.9,189431.42,5000.0,0,1,74854.95,36,Salaried,4.6562,0.5307,0.6621,Low
C01522,53,46-65,228716.85,727.0,134071.92,9.6,126549.98,14279.57,0,1,121839.29,24,Salaried,1.1395,0.7492,0.5327,Low
C01523,29,21-30,28368.31,514.0,17771.98,7.3,15036.2,5000.0,0,1,1860.96,36,Salaried,1.1565,2.115,0.0656,Medium
C01524,27,21-30,77310.16,714.0,132174.26,3.2,72602.34,5000.0,0,0,45461.54,36,Salaried,2.6488,0.7761,0.588,Low
C01525,48,46-65,35758.68,636.0,76223.53,23.0,46105.2,5000.0,0,1,0.0,48,Salaried,3.421,1.6779,0.0,High
C01526,23,21-30,113833.11,747.0,121454.37,9.1,201547.72,5000.0,1,0,32250.1,12,Self-employed,2.8375,0.5271,0.2833,Medium
C01527,35,31-45,38790.98,711.0,128784.81,13.5,72617.03,5000.0,2,3,8354.55,60,Salaried,5.192,1.5468,0.2154,High
C01528,27,21-30,44850.32,549.0,58427.25,7.5,24811.46,5000.0,0,5,22756.75,36,Self-employed,1.8559,1.3378,0.5074,High
C01529,21,21-30,47006.61,700.0,46195.52,4.0,102026.78,5000.0,1,1,14840.52,36,Salaried,3.1532,1.2764,0.3157,Medium
C01530,62,46-65,62332.18,696.0,175992.72,14.2,94254.24,5000.0,0,0,29997.11,60,Salaried,4.3356,0.9626,0.4812,Medium
C01531,25,21-30,77644.91,707.0,249571.44,23.9,108436.14,5000.0,0,1,37364.46,36,Salaried,4.6108,0.7727,0.4812,Low
C01532,21,21-30,84810.81,723.0,165852.87,17.2,139898.32,5000.0,0,0,0.0,36,Self-employed,3.6051,0.7075,0.0,Low
C01533,62,46-65,64794.14,792.0,21524.56,11.9,87189.38,5000.0,0,3,10367.27,48,Salaried,1.6778,0.926,0.16,Low
C01534,29,21-30,31279.01,711.0,27210.43,7.4,24258.73,5000.0,0,5,3410.18,36,Salaried,1.6455,1.9182,0.109,Low
C01535,57,46-65,96995.99,682.0,95996.09,10.5,158438.92,5000.0,0,1,50273.68,60,Salaried,2.6231,0.6186,0.5183,Medium
C01536,22,21-30,63134.03,766.0,118230.9,13.9,47856.27,5000.0,0,0,4970.2,48,Salaried,2.6307,0.9504,0.0787,Low
C01537,27,21-30,123142.4,848.0,305591.02,6.9,189893.76,5000.0,0,1,15449.52,48,Business,4.0237,0.4872,0.1255,Low
C01538,25,21-30,44041.44,749.0,88424.3,13.8,21823.66,5000.0,0,0,8495.72,24,Salaried,2.5033,1.3624,0.1929,Low
C01539,52,46-65,26927.18,695.0,47395.6,7.8,19958.99,5000.0,0,1,15098.08,36,Self-employed,2.5014,2.2282,0.5607,Low
C01540,48,46-65,63794.88,712.0,159714.44,1.3,106625.94,5000.0,0,1,12016.02,36,Salaried,4.1749,0.9405,0.1884,Medium
C01541,42,31-45,132576.69,699.0,131146.23,4.2,107650.1,5000.0,0,0,7844.85,12,Self-employed,1.8012,0.4526,0.0592,Low
C01542,31,31-45,71016.02,681.0,60795.55,8.1,6322.46,5000.0,1,2,26612.78,48,Salaried,0.9451,0.8449,0.3747,High
C01543,24,21-30,58239.79,842.0,174634.11,9.6,71064.11,5000.0,0,4,7135.26,36,Self-employed,4.2187,1.0302,0.1225,Low
C01544,46,46-65,40273.61,624.0,5652.38,16.1,36518.95,5000.0,0,0,4613.31,36,Salaried,1.0471,1.4898,0.1145,Low
C01545,31,31-45,170913.71,767.0,103561.71,10.9,263838.69,9151.91,0,0,96316.25,36,Business,2.1496,0.6426,0.5635,Low
C01546,47,46-65,36896.1,671.0,5000.0,2.2,36116.92,5000.0,0,1,6871.54,36,Self-employed,1.1144,1.6262,0.1862,Low
C01547,51,46-65,43615.84,569.0,74016.42,13.9,18604.71,5000.0,0,1,30738.56,60,Salaried,2.1236,1.3756,0.7048,Low
C01548,59,46-65,88935.03,666.0,187965.58,7.1,114609.03,5000.0,1,2,28896.24,60,Self-employed,3.4022,0.6746,0.3249,High
C01549,43,31-45,23419.66,639.0,44009.57,2.8,0.0,5000.0,0,2,21401.77,36,Self-employed,1.8792,2.5619,0.9138,Low
C01550,21,21-30,131028.14,723.0,222146.58,13.8,176807.4,5000.0,0,1,35074.46,48,Salaried,3.0448,0.4579,0.2677,Low
C01551,33,31-45,91624.02,687.0,159198.22,15.2,66861.4,5000.0,0,3,37220.31,36,Salaried,2.4673,0.6549,0.4062,Low
C01552,59,46-65,106587.3,603.0,88590.98,10.0,65138.87,5340.69,0,0,33504.3,24,Salaried,1.4423,0.6013,0.3143,Low
C01553,44,31-45,88354.01,790.0,250549.98,11.3,139638.86,5000.0,0,2,2140.92,12,Business,4.4162,0.6791,0.0242,Low
C01554,48,46-65,59487.69,762.0,206603.94,9.7,65699.6,5000.0,1,2,35877.62,24,Salaried,4.5775,1.0086,0.6031,Medium
C01555,41,31-45,36221.59,799.0,65501.33,13.5,48857.95,5000.0,0,0,5571.22,36,Self-employed,3.1572,1.6565,0.1538,Low
C01556,28,21-30,60180.34,698.0,94852.53,7.9,44770.0,5000.0,1,1,17928.21,36,Business,2.3201,0.997,0.2979,Low
C01557,61,46-65,38016.01,677.0,116830.7,1.2,69084.4,5000.0,0,1,22518.18,48,Salaried,4.8904,1.5783,0.5923,Medium
C01558,55,46-65,84925.35,733.0,66536.75,4.3,96384.91,5000.0,1,3,13231.63,36,Salaried,1.9184,0.7065,0.1558,Low
C01559,65,46-65,101303.02,637.0,138445.93,4.9,104163.95,6006.2,1,1,10742.57,60,Salaried,2.3949,0.7115,0.106,Medium
C01560,59,46-65,146442.38,690.0,490704.96,7.1,34810.26,6384.42,0,1,28007.32,24,Self-employed,3.5885,0.5232,0.1913,Medium
C01561,34,31-45,79747.03,667.0,75656.61,7.7,99324.63,5000.0,0,0,26289.75,24,Salaried,2.1942,0.7524,0.3297,Low
C01562,32,31-45,108083.46,570.0,56375.91,21.5,102283.98,7093.25,1,1,69695.95,60,Salaried,1.4679,0.7875,0.6448,Low
C01563,32,31-45,55199.71,690.0,118829.13,9.0,,5000.0,0,0,14303.16,24,Salaried,3.3298,1.087,0.2591,Low
C01564,62,46-65,49965.6,647.0,98136.93,11.3,83757.63,5000.0,0,2,25323.13,48,Salaried,3.6404,1.2008,0.5068,Medium
C01565,46,46-65,84344.26,662.0,172681.77,8.1,103783.76,5000.0,0,3,9731.42,36,Salaried,3.2778,0.7114,0.1154,Medium
C01566,41,31-45,52553.26,707.0,58638.2,9.7,29140.7,5000.0,1,0,16213.03,24,Self-employed,1.6703,1.1417,0.3085,Low
C01567,64,46-65,75372.27,775.0,182534.08,11.2,108684.71,5213.76,0,2,15216.04,24,Salaried,3.8637,0.8301,0.2019,Low
C01568,48,46-65,36260.59,616.0,30508.65,17.2,34226.82,5000.0,0,0,26468.5,60,Salaried,1.7853,1.6547,0.73,Low
C01569,61,46-65,40024.51,655.0,114147.2,16.9,78626.44,5000.0,1,4,12319.0,36,Salaried,4.8164,1.4991,0.3078,High
C01570,65,46-65,92190.99,623.0,75772.27,2.8,152221.23,5000.0,0,3,40954.64,48,Self-employed,2.4731,0.6508,0.4442,Low
C01571,24,21-30,105854.64,618.0,12074.72,5.1,38884.24,6009.17,0,1,62326.29,36,Salaried,0.4814,0.6812,0.5888,Low
C01572,37,31-45,37798.76,635.0,70870.79,7.1,33749.13,5000.0,0,3,21287.54,24,Self-employed,2.7678,1.5874,0.5632,Medium
C01573,54,46-65,93993.45,665.0,80970.2,16.1,47088.99,5000.0,1,4,41413.33,36,Salaried,1.3624,0.6383,0.4406,Low
C01574,57,46-65,48491.22,724.0,114793.07,10.5,50906.51,5000.0,0,3,9670.54,36,Business,3.4171,1.2373,0.1994,Medium
C01575,27,21-30,65592.75,704.0,50137.18,7.7,43367.86,5000.0,0,0,46684.87,36,Salaried,1.4255,0.9147,0.7117,Low
C01576,35,31-45,141699.23,601.0,216566.62,3.4,199063.9,9422.83,0,3,80361.65,48,Salaried,2.9332,0.798,0.5671,Medium
C01577,45,31-45,101342.44,777.0,86981.1,14.2,20448.51,5843.06,0,1,24222.82,48,Salaried,1.0601,0.6919,0.239,Low
C01578,56,46-65,100697.09,751.0,176810.68,17.7,105347.2,5890.02,0,0,37831.14,48,Salaried,2.802,0.7019,0.3757,Low
C01579,26,21-30,185716.62,612.0,125352.88,4.4,39219.08,9928.5,0,1,38652.13,60,Self-employed,0.8861,0.6415,0.2081,Low
C01580,48,46-65,44135.02,772.0,40127.04,2.2,52665.06,5000.0,1,3,13776.56,60,Salaried,2.1025,1.3595,0.3121,Low
C01581,34,31-45,37794.21,705.0,42750.06,8.5,61854.56,5000.0,1,2,8055.3,12,Salaried,2.7677,1.5875,0.2131,High
C01582,30,21-30,43694.4,668.0,144548.98,8.6,59985.17,5000.0,0,0,15851.92,60,Self-employed,4.681,1.3732,0.3628,Medium
C01583,44,31-45,56509.67,707.0,129589.07,20.9,54738.8,5000.0,0,3,12041.53,36,Salaried,3.2619,1.0618,0.2131,Medium
C01584,39,31-45,18000.0,678.0,23586.22,5.7,33319.67,5000.0,1,0,9018.21,48,Business,3.1614,3.3333,0.501,High
C01585,49,46-65,57991.81,721.0,27057.02,5.0,25254.63,5000.0,1,1,14139.8,48,Business,0.9021,1.0346,0.2438,Low
C01586,35,31-45,48176.6,694.0,8110.08,4.9,58639.59,5000.0,0,1,22376.33,36,Salaried,1.3855,1.2454,0.4645,Low
C01587,58,46-65,100028.5,655.0,92022.8,3.6,67122.86,5000.0,1,1,55724.56,48,Salaried,1.591,0.5998,0.5571,Low
C01588,24,21-30,78902.9,528.0,143190.78,7.8,17852.11,5000.0,0,2,34577.74,24,Self-employed,2.041,0.7604,0.4382,High
C01589,59,46-65,46712.14,720.0,81158.66,14.8,78051.27,5000.0,0,3,4961.34,24,Salaried,3.4083,1.2845,0.1062,Medium
C01590,22,21-30,89915.09,652.0,317178.01,15.2,159723.73,5286.92,0,0,50143.38,48,Salaried,5.3039,0.7056,0.5577,Low
C01591,54,46-65,96754.99,738.0,256233.95,3.8,63027.96,5000.0,1,0,38854.17,36,Self-employed,3.2997,0.6201,0.4016,Low
C01592,36,31-45,42592.88,716.0,11058.37,16.5,10764.16,5000.0,1,1,33977.61,24,,0.5124,1.4087,0.7977,Low
C01593,38,31-45,49561.98,654.0,34757.91,9.1,57681.08,5000.0,0,2,27826.9,48,Salaried,1.8651,1.2106,0.5615,Low
C01594,21,21-30,19114.31,757.0,20292.55,1.7,16558.95,5000.0,0,1,7101.67,36,Business,1.928,3.139,0.3715,Low
C01595,52,46-65,35677.64,695.0,5000.0,13.7,18700.18,5000.0,0,0,17806.54,12,Salaried,0.6643,1.6817,0.4991,Low
C01596,28,21-30,43208.14,692.0,77004.56,17.1,44708.73,5000.0,0,1,19986.08,12,,2.8169,1.3886,0.4626,Medium
C01597,50,46-65,67706.26,670.0,12282.44,6.0,34591.77,5000.0,0,4,26799.04,24,Salaried,0.6923,0.8862,0.3958,Low
C01598,53,46-65,38645.36,806.0,5000.0,8.9,12254.32,5000.0,0,0,0.0,36,Salaried,0.4465,1.5526,0.0,Low
C01599,59,46-65,49008.25,627.0,36608.07,7.6,5321.85,5000.0,0,3,21880.87,36,Salaried,0.8556,1.2243,0.4465,Low
C01600,52,46-65,33130.54,656.0,73947.13,9.5,46034.86,5000.0,1,4,9723.4,48,Salaried,3.6215,1.811,0.2935,High
C01601,34,31-45,71414.43,587.0,5000.0,7.4,100382.6,5000.0,0,2,23683.05,48,Salaried,1.4756,0.8402,0.3316,Low
C01602,54,46-65,82148.64,735.0,277577.02,10.1,94139.68,5764.89,0,2,23566.12,24,Salaried,4.5249,0.8421,0.2869,High
C01603,58,46-65,81100.43,636.0,135978.12,1.1,14416.71,5000.0,1,1,51550.48,48,Salaried,1.8544,0.7398,0.6356,Medium
C01604,35,31-45,,645.0,65541.48,5.8,7828.51,5000.0,0,1,9784.99,48,Salaried,1.1211,0.9168,0.1495,Low
C01605,26,21-30,27849.0,641.0,53803.99,8.1,5110.67,5000.0,0,0,14315.38,36,Salaried,2.1155,2.1545,0.514,Low
C01606,61,46-65,46220.01,685.0,102794.22,12.7,51340.26,5000.0,0,1,16402.95,48,,3.3348,1.2981,0.3549,High
C01607,27,21-30,51954.51,586.0,80401.28,1.2,47852.0,5000.0,0,2,30054.47,24,,2.4686,1.1549,0.5785,Medium
C01608,47,46-65,52069.26,512.0,111921.21,17.2,59562.72,5000.0,0,1,31698.81,24,Salaried,3.2934,1.1523,0.6088,High
C01609,31,31-45,67736.62,714.0,80654.01,9.0,39582.23,5000.0,1,0,16565.7,36,Self-employed,1.7751,0.8858,0.2446,Low
C01610,26,21-30,142370.81,521.0,189393.96,16.3,249313.56,9517.32,0,3,17458.52,24,Salaried,3.0814,0.8022,0.1226,High
C01611,55,46-65,101599.66,744.0,36636.31,11.1,128601.84,6609.29,0,0,55175.69,36,Business,1.6264,0.7806,0.5431,Low
C01612,27,21-30,37760.08,797.0,90318.95,19.9,15073.54,5000.0,0,0,13460.1,36,Salaried,2.7911,1.589,0.3565,Low
C01613,51,46-65,94396.96,668.0,194487.3,11.5,152848.91,5570.65,1,2,13421.99,24,Salaried,3.6795,0.7082,0.1422,High
C01614,52,46-65,92439.43,777.0,210963.61,2.3,94549.06,5000.0,0,0,35218.19,48,Salaried,3.305,0.6491,0.381,Low
C01615,23,21-30,41722.9,678.0,114349.45,13.1,34186.43,5000.0,0,1,4703.17,36,Business,3.5601,1.4381,0.1127,Medium
C01616,28,21-30,103675.26,800.0,185800.86,9.6,136419.01,6215.76,1,1,28351.81,24,Salaried,3.108,0.7194,0.2735,Low
C01617,56,46-65,59512.13,646.0,189464.54,5.6,109913.38,5000.0,0,0,21890.53,36,Self-employed,5.0305,1.0082,0.3678,High
C01618,43,31-45,29931.54,503.0,49796.39,9.8,41709.21,5000.0,1,0,16233.92,36,Self-employed,3.0572,2.0046,0.5424,High
C01619,26,21-30,83491.83,674.0,144884.15,11.7,22828.02,5000.0,0,0,763.34,36,Business,2.0087,0.7186,0.0091,Low
C01620,65,46-65,73238.14,808.0,179855.12,10.2,100754.03,5000.0,0,0,53501.89,36,Salaried,3.8315,0.8192,0.7305,Low
C01621,32,31-45,57349.53,720.0,53059.58,2.8,45912.53,5000.0,0,0,23487.77,36,Salaried,1.7258,1.0462,0.4096,Low
C01622,21,21-30,63674.75,641.0,50369.08,21.1,107014.94,5000.0,0,3,39385.93,24,Salaried,2.4717,0.9423,0.6185,Low
C01623,62,46-65,43767.44,705.0,82789.42,14.3,59410.37,5000.0,0,0,30739.76,36,Salaried,3.249,1.3709,0.7023,Medium
C01624,21,21-30,90918.1,753.0,55009.64,8.6,158429.58,5000.0,2,1,36181.18,60,Salaried,2.3476,0.6599,0.398,Medium
C01625,45,31-45,63465.05,674.0,66056.81,7.1,33814.82,5000.0,0,0,33455.87,36,Salaried,1.5736,0.9454,0.5272,Low
C01626,65,46-65,71231.43,850.0,196113.73,20.3,95938.71,5000.0,1,1,11988.88,48,Self-employed,4.1001,0.8423,0.1683,Low
C01627,47,46-65,79108.1,641.0,134316.48,10.1,114060.47,5000.0,1,1,46828.12,60,Salaried,3.1397,0.7585,0.592,Medium
C01628,47,46-65,34445.05,755.0,12872.47,3.0,60270.88,5000.0,0,2,23357.69,36,Self-employed,2.1235,1.7419,0.6781,Low
C01629,38,31-45,39746.89,737.0,9839.02,20.3,25468.85,5000.0,1,2,12841.9,24,Salaried,0.8883,1.5096,0.3231,Low
C01630,26,21-30,19277.1,628.0,57176.84,6.3,6673.6,5000.0,0,1,0.0,48,Self-employed,3.3122,3.1125,0.0,High
C01631,46,46-65,88676.55,648.0,297397.22,2.9,20429.57,5698.16,0,2,44293.35,36,Salaried,3.5841,0.7711,0.4995,Medium
C01632,61,46-65,33370.48,756.0,91866.19,10.3,52881.32,5000.0,0,1,20897.62,24,Salaried,4.3376,1.798,0.6262,Low
C01633,25,21-30,69916.43,691.0,61715.08,5.3,17616.18,5000.0,0,3,28344.38,48,Salaried,1.1347,0.8582,0.4054,Low
C01634,60,46-65,79712.85,705.0,106154.66,8.0,67688.86,5000.0,0,1,30492.22,48,Salaried,2.1809,0.7527,0.3825,Low
C01635,39,31-45,90530.0,557.0,114910.31,11.4,35803.83,6209.3,0,4,37320.71,60,Salaried,1.6648,0.8231,0.4122,Medium
C01636,45,31-45,33521.2,729.0,93283.83,0.5,14413.43,5000.0,1,0,5634.28,48,Salaried,3.2128,1.7899,0.1681,High
C01637,28,21-30,62711.72,702.0,125686.74,9.4,81610.01,5000.0,1,1,12653.9,36,Self-employed,3.3056,0.9568,0.2018,Medium
C01638,48,46-65,162884.52,675.0,452398.77,17.6,59926.45,9570.88,0,0,77449.54,48,Self-employed,3.1453,0.7051,0.4755,Medium
C01639,29,21-30,166877.56,707.0,205468.85,3.2,189314.8,10278.05,1,0,8026.08,60,Salaried,2.3657,0.7391,0.0481,Low
C01640,33,31-45,111878.67,649.0,312194.72,0.9,29792.54,7478.66,0,1,56634.39,36,Salaried,3.0568,0.8022,0.5062,Medium
C01641,53,46-65,78257.8,636.0,126515.65,14.7,141655.27,5000.0,0,0,48834.83,36,Business,3.4268,0.7667,0.624,High
C01642,23,21-30,37396.56,662.0,49368.86,9.1,69240.71,5000.0,0,0,6013.31,36,Salaried,3.1717,1.6044,0.1608,Medium
C01643,41,31-45,96508.31,645.0,156210.54,12.3,39563.12,5000.0,0,2,16773.15,48,Salaried,2.0286,0.6217,0.1738,Low
C01644,47,46-65,59589.27,844.0,118856.97,6.4,36204.61,5000.0,0,1,37790.98,60,Salaried,2.6022,1.0069,0.6342,Low
C01645,26,21-30,88471.27,748.0,287512.86,10.1,116505.96,5000.0,1,2,68259.34,24,Self-employed,4.5667,0.6782,0.7715,Low
C01646,34,31-45,45893.49,607.0,80839.09,20.5,69646.64,5000.0,1,0,30361.65,24,Salaried,3.279,1.3074,0.6616,High
C01647,36,31-45,59102.55,833.0,200743.96,12.4,87826.5,5000.0,0,1,25670.47,36,Salaried,4.8825,1.0152,0.4343,Low
C01648,50,46-65,71141.32,648.0,109022.54,3.5,57166.36,5000.0,0,1,26615.13,48,Salaried,2.336,0.8434,0.3741,Medium
C01649,64,46-65,74428.6,682.0,82903.56,16.7,65773.97,5000.0,1,1,50857.02,24,Salaried,1.9976,0.8061,0.6833,Low
C01650,58,46-65,85279.56,747.0,104847.93,8.2,22364.99,5000.0,0,0,35464.74,60,Salaried,1.4917,0.7036,0.4159,Low
C01651,29,21-30,47267.83,532.0,16296.93,1.3,11095.55,5000.0,1,1,11080.19,60,Salaried,0.5795,1.2694,0.2344,Low
C01652,21,21-30,31049.44,662.0,91806.82,4.6,55367.21,5000.0,1,2,488.07,60,Salaried,4.74,1.9324,0.0157,High
C01653,23,21-30,158859.32,637.0,66583.81,3.9,,8894.17,0,1,57134.5,36,Salaried,2.1537,0.6719,0.3597,Low
C01654,47,46-65,255565.07,695.0,332494.86,8.0,206849.76,17865.4,0,2,143947.1,48,Self-employed,2.1104,0.8389,0.5633,Low
C01655,28,21-30,83135.24,708.0,74728.77,17.0,36779.3,5000.0,0,1,661.75,36,Business,1.3413,0.7217,0.008,Low
C01656,31,31-45,31380.65,674.0,93844.98,14.2,33459.87,5000.0,0,1,10056.14,60,Business,4.0568,1.912,0.3205,Medium
C01657,59,46-65,42484.1,671.0,144750.99,5.5,26874.73,5000.0,2,0,21752.54,24,Salaried,4.0398,1.4123,0.512,High
C01658,60,46-65,86004.7,760.0,248230.23,11.6,129186.52,5473.33,1,0,54565.1,36,,4.3883,0.7637,0.6344,Low
C01659,58,46-65,135911.08,703.0,181394.94,6.0,142346.41,5796.1,0,0,6200.43,60,Salaried,2.382,0.5118,0.0456,Low
C01660,32,31-45,33357.99,683.0,42990.94,7.0,33989.05,5000.0,1,2,26263.01,36,Business,2.3077,1.7987,0.7873,Medium
C01661,48,46-65,60703.67,691.0,54740.46,10.6,33129.1,5000.0,1,0,4344.52,48,Salaried,1.4475,0.9884,0.0716,Low
C01662,48,46-65,72395.92,818.0,228126.4,3.2,80466.79,5000.0,0,0,43538.99,36,Self-employed,4.2626,0.8288,0.6014,Low
C01663,29,21-30,104575.09,693.0,60866.55,7.5,147183.52,5000.0,0,2,4239.78,12,Self-employed,1.9895,0.5738,0.0405,Low
C01664,45,31-45,53807.17,641.0,191488.81,7.5,49455.39,5000.0,0,1,5405.24,24,Salaried,4.4779,1.1151,0.1005,High
C01665,44,31-45,27502.84,537.0,69261.08,5.0,38200.84,5000.0,0,2,12534.04,24,Salaried,3.9073,2.1816,0.4557,High
C01666,38,31-45,91473.19,572.0,264828.41,11.5,150692.59,5000.0,0,0,9610.36,24,Self-employed,4.5425,0.6559,0.1051,High
C01667,54,46-65,120665.84,645.0,324344.2,11.6,51095.21,5000.0,1,2,60478.57,36,Salaried,3.1114,0.4972,0.5012,High
C01668,51,46-65,62113.41,672.0,83535.11,4.1,17780.49,5000.0,1,0,33366.1,48,Salaried,1.6311,0.966,0.5372,Low
C01669,44,31-45,81228.76,638.0,92726.73,3.1,0.0,5000.0,0,1,1672.16,36,Salaried,1.1416,0.7387,0.0206,Low
C01670,53,46-65,50069.75,706.0,71949.15,8.3,65052.83,5000.0,0,0,15262.11,48,Self-employed,2.7362,1.1983,0.3048,Low
C01671,55,46-65,40821.64,637.0,23035.19,4.5,24583.22,5000.0,0,1,117.2,36,Salaried,1.1665,1.4698,0.0029,Low
C01672,46,46-65,114310.84,611.0,313634.2,6.5,124974.82,5021.63,0,1,43600.2,36,Self-employed,3.837,0.5272,0.3814,Medium
C01673,33,31-45,80439.87,726.0,131538.53,0.4,5161.3,5000.0,0,3,5990.12,48,Salaried,1.6994,0.7459,0.0745,Low
C01674,55,46-65,85122.38,783.0,247676.61,7.5,140272.08,5000.0,0,2,52027.54,48,Salaried,4.5575,0.7049,0.6112,Low
C01675,53,46-65,148494.9,597.0,448012.09,6.7,155870.58,9095.24,0,1,72664.66,12,Salaried,4.0667,0.735,0.4893,Medium
C01676,65,46-65,36387.45,698.0,38909.54,3.3,26040.02,5000.0,1,0,22665.21,36,Salaried,1.7849,1.6489,0.6229,Low
C01677,27,21-30,47979.45,537.0,54872.53,13.7,30608.26,5000.0,0,0,0.0,12,Salaried,1.7816,1.2505,0.0,Medium
C01678,39,31-45,70898.59,569.0,88093.71,6.6,31669.88,5000.0,0,3,0.0,48,Salaried,1.6892,0.8463,0.0,Medium
C01679,62,46-65,47656.31,636.0,34254.31,9.0,65351.13,5000.0,0,1,7401.97,36,Salaried,2.0901,1.259,0.1553,Low
C01680,44,31-45,99994.22,765.0,226126.8,13.3,148817.1,5000.0,0,0,72024.75,48,Self-employed,3.7497,0.6,0.7203,Low
C01681,63,46-65,58634.17,622.0,153404.69,12.0,77067.03,5000.0,0,2,32776.53,36,Self-employed,3.9307,1.0233,0.559,Medium
C01682,21,21-30,37656.07,619.0,84567.69,2.6,17191.87,5000.0,0,2,669.96,12,Salaried,2.7023,1.5934,0.0178,Medium
C01683,22,21-30,67394.38,683.0,125176.91,9.3,114793.57,5000.0,0,0,51765.87,24,Self-employed,3.5607,0.8903,0.7681,Low
C01684,56,46-65,71383.99,683.0,217897.87,4.9,22375.21,5000.0,0,3,27891.21,24,Salaried,3.3659,0.8405,0.3907,High
C01685,37,31-45,108685.94,621.0,246685.84,16.2,138174.7,5000.0,0,2,10309.25,12,Salaried,3.541,0.552,0.0949,Medium
C01686,44,31-45,80690.01,829.0,277735.82,23.2,78446.0,5000.0,0,1,21200.5,36,Salaried,4.4142,0.7436,0.2627,Low
C01687,40,31-45,83765.21,660.0,239474.43,17.5,87808.3,5000.0,0,1,37400.45,36,Salaried,3.9071,0.7163,0.4465,Low
C01688,39,31-45,77520.91,689.0,184202.71,13.5,35047.62,5173.47,0,0,31080.27,48,Salaried,2.8283,0.8008,0.4009,Low
C01689,63,46-65,58607.63,650.0,22695.02,8.0,31928.04,5000.0,1,1,6883.79,36,Self-employed,0.932,1.0238,0.1175,Low
C01690,25,21-30,43836.5,713.0,138330.01,14.3,89347.36,5000.0,0,0,10529.2,60,Business,5.1938,1.3687,0.2402,Medium
C01691,55,46-65,76191.38,773.0,93095.95,1.9,98185.8,5000.0,1,0,9567.32,24,Self-employed,2.5105,0.7875,0.1256,Low
C01692,61,46-65,54118.1,805.0,85108.39,5.3,88318.43,5000.0,0,1,35928.72,36,Self-employed,3.2046,1.1087,0.6639,Low
C01693,50,46-65,164644.68,623.0,292557.76,11.6,194099.49,7484.6,1,2,31153.36,24,Self-employed,2.9558,0.5455,0.1892,Medium
C01694,38,31-45,135990.84,763.0,158332.11,7.4,38697.8,5000.0,0,1,38357.7,48,Self-employed,1.4488,0.4412,0.2821,Low
C01695,28,21-30,92060.76,721.0,54453.5,3.7,11237.92,5000.0,0,0,55981.64,24,Salaried,0.7136,0.6517,0.6081,Low
C01696,51,46-65,80041.41,753.0,53671.81,11.5,91671.17,5000.0,0,0,52346.73,36,Business,1.8158,0.7496,0.654,Low
C01697,42,31-45,61930.31,673.0,190760.7,19.6,16670.31,5000.0,0,1,3291.49,48,Business,3.3494,0.9688,0.0531,Medium
C01698,27,21-30,32484.7,666.0,81299.93,18.6,6731.1,5000.0,0,1,17785.7,36,Salaried,2.7099,1.847,0.5475,Medium
C01699,37,31-45,57713.58,750.0,200591.5,5.4,44445.12,5000.0,0,1,20663.19,36,Self-employed,4.2457,1.0396,0.358,Low
C01700,64,46-65,68728.04,752.0,192334.65,21.8,89925.12,5000.0,0,2,32034.56,60,Self-employed,4.1069,0.873,0.4661,Low
C01701,32,31-45,73743.17,797.0,132246.78,6.1,92431.0,5000.0,0,0,11789.23,36,Salaried,3.0468,0.8136,0.1599,Low
C01702,29,21-30,84152.64,695.0,254248.9,9.4,19736.08,5000.0,0,1,49637.78,48,Self-employed,3.2558,0.713,0.5899,Low
C01703,51,46-65,107890.72,672.0,228828.46,15.7,164157.45,7479.82,0,0,17397.84,48,Salaried,3.6424,0.8319,0.1613,Medium
C01704,29,21-30,44420.56,496.0,61019.85,1.1,79642.28,5000.0,0,0,29633.94,60,Salaried,3.1666,1.3507,0.6671,High
C01705,62,46-65,44642.92,559.0,149505.86,9.1,52534.11,5000.0,0,1,21235.2,36,Salaried,4.5257,1.344,0.4757,High
C01706,59,46-65,144366.97,650.0,458015.72,4.4,39648.82,7399.4,1,1,86133.77,36,Business,3.4472,0.615,0.5966,High
C01707,65,46-65,99327.96,597.0,60190.99,6.7,124573.6,5000.0,0,0,26465.55,12,Salaried,1.8601,0.6041,0.2664,Low
C01708,62,46-65,52429.18,741.0,146105.37,15.7,49897.52,5000.0,0,1,24931.7,24,Self-employed,3.7384,1.1444,0.4755,Low
C01709,31,31-45,61278.01,582.0,38241.54,6.1,5300.22,5000.0,0,2,38890.72,36,Salaried,0.7106,0.9791,0.6347,Low
C01710,30,21-30,61429.77,642.0,210834.5,8.0,73440.78,5000.0,0,1,28812.97,36,Salaried,4.6276,0.9767,0.469,Medium
C01711,36,31-45,66138.63,,150566.01,8.3,130984.69,5000.0,1,3,10452.67,12,Salaried,4.257,0.9072,0.158,High
C01712,42,31-45,84298.41,770.0,61480.49,13.0,71510.43,5000.0,0,3,23487.38,24,Salaried,1.5776,0.7118,0.2786,Low
C01713,60,46-65,262075.67,634.0,500000.0,15.1,42142.34,13897.2,0,2,19925.41,36,Salaried,2.0686,0.6363,0.076,Low
C01714,54,46-65,72150.44,714.0,138234.73,10.3,48900.82,5000.0,1,1,38794.31,36,Salaried,2.5937,0.8316,0.5377,Low
C01715,49,46-65,93579.96,695.0,28660.84,6.5,107836.41,5000.0,1,0,44381.14,12,Salaried,1.4586,0.6412,0.4743,Low
C01716,60,46-65,25708.59,748.0,57474.79,9.8,28117.78,5000.0,0,2,16658.19,36,Salaried,3.3293,2.3339,0.648,Low
C01717,50,46-65,49783.93,744.0,148532.61,6.3,28666.5,5000.0,0,1,7754.39,24,Salaried,3.5594,1.2052,0.1558,Low
C01718,38,31-45,127770.48,677.0,229166.61,22.9,76716.96,6978.12,2,1,10174.76,36,Salaried,2.394,0.6554,0.0796,Medium
C01719,39,31-45,81098.2,553.0,238348.45,8.1,156274.76,5000.0,0,1,38876.18,48,Self-employed,4.866,0.7398,0.4794,High
C01720,44,31-45,18000.0,663.0,5000.0,17.2,40394.43,5000.0,0,3,6227.16,24,Salaried,2.5219,3.3333,0.346,Low
C01721,24,21-30,94169.85,679.0,117498.6,17.3,160264.89,5000.0,0,3,37987.42,48,Self-employed,2.9496,0.6371,0.4034,Medium
C01722,54,46-65,186676.6,701.0,452267.32,10.3,70241.17,9681.77,0,0,48947.42,48,Salaried,2.799,0.6224,0.2622,Low
C01723,50,46-65,21685.38,625.0,26512.96,11.2,53965.88,5000.0,1,2,11627.0,60,Salaried,3.7112,2.7668,0.5362,High
C01724,53,46-65,149912.31,766.0,239017.45,11.2,80625.27,5531.33,0,2,74240.42,36,Salaried,2.1322,0.4428,0.4952,Low
C01725,45,31-45,18000.0,681.0,58124.24,12.6,32392.52,5000.0,1,0,14519.72,36,Salaried,5.0287,3.3333,0.8067,High
C01726,56,46-65,108884.39,611.0,326177.47,3.5,93976.22,6974.91,0,2,34461.47,36,Salaried,3.8587,0.7687,0.3165,High
C01727,63,46-65,64691.55,646.0,127303.26,29.2,102864.26,5000.0,0,1,32992.63,36,Salaried,3.5579,0.9275,0.51,Low
C01728,46,46-65,18000.0,825.0,45377.88,9.7,0.0,5000.0,0,1,9301.01,36,Salaried,2.521,3.3333,0.5167,Low
C01729,40,31-45,83076.6,730.0,260288.29,19.6,122932.4,5000.0,0,2,30293.62,36,Self-employed,4.6129,0.7222,0.3646,Low
C01730,25,21-30,122406.7,759.0,376287.85,9.8,218355.91,6200.73,0,2,59209.13,24,Self-employed,4.8579,0.6079,0.4837,Low
C01731,56,46-65,79402.12,602.0,46908.36,10.2,154522.28,5000.0,0,1,33394.31,24,,2.5368,0.7556,0.4206,Medium
C01732,61,46-65,89661.59,628.0,151019.45,5.6,54543.77,6223.7,1,2,4304.29,12,Salaried,2.2927,0.833,0.048,Medium
C01733,52,46-65,,629.0,26393.85,6.2,26360.14,5000.0,0,1,9636.48,48,Business,1.0178,1.1576,0.1859,Low
C01734,59,46-65,23350.61,694.0,7349.02,1.6,24008.01,5000.0,1,3,7990.43,36,Salaried,1.3429,2.5695,0.3422,Low
C01735,59,46-65,95098.43,667.0,99160.5,25.9,85250.18,5000.0,0,0,25041.7,36,Self-employed,1.9392,0.6309,0.2633,Low
C01736,56,46-65,170162.17,643.0,352360.36,17.6,97598.88,5000.0,0,3,12856.27,48,Salaried,2.6443,0.3526,0.0756,Medium
C01737,43,31-45,120983.81,653.0,339035.68,5.6,127114.87,5822.52,0,1,69885.13,48,Salaried,3.853,0.5775,0.5776,Low
C01738,25,21-30,,620.0,71838.75,9.2,41994.19,5000.0,0,3,1267.77,36,Salaried,5.2262,2.7546,0.0582,High
C01739,21,21-30,28252.88,667.0,54477.13,12.7,70148.73,5000.0,0,1,4352.66,24,Salaried,4.4111,2.1237,0.1541,Medium
C01740,30,21-30,40817.26,763.0,52477.02,3.8,20700.28,5000.0,0,0,19592.44,12,Salaried,1.7928,1.47,0.48,Low
C01741,40,31-45,27065.25,567.0,18840.24,5.2,17943.61,5000.0,0,2,2802.73,36,Self-employed,1.3591,2.2169,0.1036,Medium
C01742,54,46-65,66599.14,706.0,64741.27,8.4,58964.16,5000.0,0,1,0.0,24,Salaried,1.8575,0.9009,0.0,Low
C01743,41,31-45,80702.21,784.0,34068.6,20.4,141780.94,5000.0,0,3,40736.62,36,Self-employed,2.179,0.7435,0.5048,Low
C01744,22,21-30,29599.22,666.0,106569.84,5.5,20684.82,5000.0,0,0,16036.5,36,Salaried,4.2993,2.0271,0.5418,Medium
C01745,30,21-30,99664.34,640.0,73528.49,13.0,50219.2,5008.99,0,2,39297.11,24,Business,1.2416,0.6031,0.3943,Low
C01746,65,46-65,90467.84,749.0,224259.59,25.1,65707.6,5000.0,0,1,32008.2,36,Business,3.2052,0.6632,0.3538,Low
C01747,65,46-65,48081.61,606.0,61122.16,17.7,68309.03,5000.0,0,1,16346.0,48,Salaried,2.6919,1.2479,0.34,Medium
C01748,37,31-45,59115.92,678.0,126872.13,3.4,35276.78,5000.0,0,0,28526.07,36,Salaried,2.7429,1.015,0.4825,Low
C01749,57,46-65,,602.0,64856.39,6.4,55778.98,5000.0,0,1,0.0,36,Self-employed,5.4237,2.6976,0.0,High
C01750,53,46-65,,,191792.77,8.4,97168.7,5000.0,1,3,32265.57,36,Salaried,5.3369,1.1082,0.5959,High
C01751,62,46-65,65264.55,669.0,68654.95,4.9,99353.62,5000.0,0,1,37337.09,24,Salaried,2.5743,0.9193,0.5721,Low
C01752,60,46-65,71321.54,585.0,246118.83,16.0,60583.19,5000.0,0,0,44947.3,48,Salaried,4.3003,0.8413,0.6302,Medium
C01753,49,46-65,80059.46,679.0,85433.82,3.1,159656.8,5000.0,0,1,17257.38,24,Salaried,3.0614,0.7494,0.2156,Low
C01754,38,31-45,74345.28,764.0,230117.31,5.5,40829.42,5000.0,0,1,11692.19,24,Salaried,3.6444,0.807,0.1573,Low
C01755,49,46-65,56204.58,819.0,14302.11,11.1,54956.77,5000.0,0,2,28901.78,24,Business,1.2323,1.0675,0.5142,Low
C01756,35,31-45,76080.69,687.0,134148.76,8.8,57030.65,5000.0,0,0,21739.17,48,Salaried,2.5129,0.7886,0.2857,Medium
C01757,36,31-45,112787.43,756.0,284847.64,4.9,135768.98,7483.13,0,3,55735.1,36,Salaried,3.7293,0.7962,0.4942,Medium
C01758,48,46-65,61674.05,710.0,192766.31,21.8,8951.76,5000.0,1,0,40302.94,12,Salaried,3.2707,0.9729,0.6535,High
C01759,46,46-65,77406.01,651.0,239711.05,3.9,82044.36,5000.0,0,2,4596.88,24,Salaried,4.1567,0.7751,0.0594,Medium
C01760,47,46-65,58673.79,536.0,64439.68,14.5,82368.98,5000.0,0,1,17671.34,36,Salaried,2.5021,1.0226,0.3012,High
C01761,38,31-45,45543.59,802.0,155040.46,12.4,1109.24,5000.0,0,0,6747.76,24,Business,3.4286,1.3174,0.1482,Low
C01762,39,31-45,86658.15,601.0,103415.33,12.8,29769.53,5000.0,0,2,57399.9,36,Salaried,1.5369,0.6924,0.6624,Low
C01763,21,21-30,47895.09,784.0,49311.67,2.4,93795.29,5000.0,0,2,23183.93,60,Business,2.9879,1.2527,0.4841,Low
C01764,48,46-65,80380.22,720.0,16796.58,8.5,117456.68,5000.0,0,0,49351.96,12,Salaried,1.6702,0.7465,0.614,Low
C01765,46,46-65,66018.02,607.0,48728.87,10.4,0.0,5000.0,0,2,21102.27,24,Salaried,0.7381,0.9088,0.3196,Low
C01766,63,46-65,54993.95,703.0,28964.13,11.5,48774.22,5000.0,0,0,25511.58,36,Salaried,1.4136,1.091,0.4639,Low
C01767,43,31-45,54266.59,840.0,154642.08,7.8,42109.36,5000.0,0,0,28744.86,36,Salaried,3.6256,1.1057,0.5297,Low
C01768,42,31-45,49152.16,795.0,21990.85,13.0,19049.31,5000.0,0,0,11524.85,24,Self-employed,0.835,1.2207,0.2345,Low
C01769,24,21-30,26290.21,642.0,61751.12,8.1,20583.87,5000.0,0,0,0.0,36,Salaried,3.1318,2.2822,0.0,Medium
C01770,29,21-30,80236.58,627.0,34485.25,4.7,35865.44,5000.0,0,1,11185.38,36,Business,0.8768,0.7478,0.1394,Medium
C01771,36,31-45,73828.0,688.0,175966.77,4.9,72208.35,5000.0,0,0,11819.79,60,Salaried,3.3615,0.8127,0.1601,Medium
C01772,37,31-45,103721.14,668.0,100632.59,11.8,53209.75,5000.0,0,1,16936.95,12,Self-employed,1.4832,0.5785,0.1633,Low
C01773,37,31-45,48525.33,770.0,66871.15,5.1,28568.61,5000.0,0,0,34880.86,60,Self-employed,1.9668,1.2365,0.7188,Low
C01774,38,31-45,184352.24,735.0,414428.12,13.7,85466.42,8707.72,0,1,69677.4,48,Salaried,2.7116,0.5668,0.378,Low
C01775,55,46-65,52748.35,553.0,186505.38,5.0,5366.54,5000.0,0,1,8889.98,24,Salaried,3.6375,1.1375,0.1685,High
C01776,26,21-30,40168.25,714.0,134145.49,3.6,55233.86,5000.0,0,1,27541.09,36,Salaried,4.7147,1.4937,0.6856,Medium
C01777,35,31-45,37632.22,667.0,51964.31,26.2,40298.19,5000.0,0,1,19082.57,60,Salaried,2.4517,1.5944,0.5071,Low
C01778,28,21-30,25046.4,683.0,87272.7,19.3,28210.44,5000.0,0,2,13226.76,24,Salaried,4.6108,2.3956,0.5281,Medium
C01779,34,31-45,151007.97,699.0,316241.59,9.5,77151.79,5549.81,0,1,21510.19,36,Business,2.6051,0.441,0.1424,Low
C01780,51,46-65,138168.55,770.0,442334.04,6.2,54048.75,5000.0,1,0,2737.03,60,Business,3.5926,0.4343,0.0198,Medium
C01781,23,21-30,90449.99,753.0,25505.89,13.8,104028.82,5000.0,1,0,53234.82,24,Salaried,1.4321,0.6633,0.5886,Low
C01782,36,31-45,39707.43,624.0,21768.93,29.7,32931.73,5000.0,2,2,10081.52,48,Self-employed,1.3776,1.5111,0.2539,Medium
C01783,22,21-30,176017.69,676.0,60780.86,6.7,151887.71,8768.64,0,4,68481.26,24,Self-employed,1.2082,0.5978,0.3891,Low
C01784,63,46-65,53567.46,646.0,144214.01,25.5,60415.25,5000.0,1,1,11641.57,12,Business,3.82,1.1201,0.2173,High
C01785,53,46-65,56060.03,554.0,40912.86,6.2,30710.95,5000.0,1,4,36512.34,48,Salaried,1.2776,1.0703,0.6513,Medium
C01786,31,31-45,143291.32,672.0,120383.0,2.8,94787.41,9787.91,0,2,7931.95,36,Salaried,1.5016,0.8197,0.0554,Low
C01787,29,21-30,93390.36,818.0,191230.39,9.2,83285.45,5000.0,1,2,26627.59,60,Salaried,2.9394,0.6425,0.2851,High
C01788,25,21-30,218108.79,552.0,500000.0,2.3,188557.33,12920.84,0,3,85709.34,60,Business,3.1569,0.7109,0.393,High
C01789,42,31-45,74528.72,678.0,149603.68,13.4,0.0,5000.0,2,1,53585.94,24,Salaried,2.0073,0.8051,0.719,Medium
C01790,54,46-65,52248.98,676.0,125933.35,3.4,22131.38,5000.0,0,1,6198.71,24,Salaried,2.8338,1.1483,0.1186,Medium
C01791,47,46-65,46427.62,702.0,40140.74,12.2,56413.52,5000.0,0,0,0.0,12,Salaried,2.0797,1.2923,0.0,Low
C01792,60,46-65,23536.19,608.0,64811.27,15.3,13360.77,5000.0,0,2,14672.08,36,Salaried,3.3214,2.5493,0.6234,High
C01793,36,31-45,55765.73,573.0,28532.51,24.0,34077.5,5000.0,0,0,164.67,36,Salaried,1.1227,1.0759,0.003,Low
C01794,33,31-45,121986.89,577.0,135999.91,2.8,108973.1,6364.46,0,1,42509.02,24,Business,2.0082,0.6261,0.3485,Low
C01795,42,31-45,90354.97,780.0,160931.64,5.5,75157.8,5000.0,0,1,63177.79,24,Salaried,2.6129,0.664,0.6992,Low
C01796,30,21-30,65730.08,606.0,35428.58,7.0,0.0,5000.0,0,0,19198.3,36,Salaried,0.539,0.9128,0.2921,Low
C01797,64,46-65,37606.37,643.0,71680.91,12.6,61430.41,5000.0,0,2,15043.62,36,Self-employed,3.5396,1.5955,0.4,High
C01798,29,21-30,73638.46,838.0,191423.01,8.1,29928.98,5000.0,0,3,15699.87,36,Business,3.0059,0.8148,0.2132,Low
C01799,42,31-45,113458.24,625.0,90347.6,4.1,194764.7,6217.4,0,0,51284.14,12,Salaried,2.5129,0.6576,0.452,Low
C01800,44,31-45,82375.07,706.0,5000.0,6.1,115973.21,5000.0,0,0,44735.93,24,,1.4686,0.7284,0.5431,Low
C01801,23,21-30,71242.65,760.0,26396.18,10.3,33380.79,5000.0,0,1,34664.67,36,Salaried,0.8391,0.8422,0.4866,Low
C01802,42,31-45,41932.47,756.0,8773.44,6.7,1344.92,5000.0,0,3,18069.49,36,Self-employed,0.2413,1.4309,0.4309,Low
C01803,41,31-45,104724.94,580.0,331766.55,22.0,32239.17,6950.26,0,1,30484.17,24,Self-employed,3.4758,0.7964,0.2911,High
C01804,32,31-45,18000.0,626.0,44866.58,11.4,11364.09,5000.0,1,1,0.0,60,Salaried,3.1239,3.3333,0.0,High
C01805,26,21-30,80234.4,703.0,52569.52,4.1,135378.77,5000.0,1,2,31551.19,60,Self-employed,2.3425,0.7478,0.3932,Medium
C01806,23,21-30,267217.88,825.0,125699.9,8.6,270699.08,18674.72,0,2,6798.64,48,Business,1.4834,0.8386,0.0254,Low
C01807,21,21-30,28354.39,623.0,95397.92,13.1,43229.24,5000.0,0,1,14179.06,12,Salaried,4.8891,2.1161,0.5001,High
C01808,42,31-45,56919.28,643.0,163044.78,10.7,86804.36,5000.0,0,1,34217.47,36,Salaried,4.3895,1.0541,0.6012,Medium
C01809,25,21-30,64717.8,711.0,210332.06,6.4,72985.69,5000.0,0,1,2616.81,24,Salaried,4.3777,0.9271,0.0404,Medium
C01810,64,46-65,50398.77,726.0,42479.01,7.7,108910.09,5000.0,0,0,13451.76,48,Self-employed,3.0038,1.1905,0.2669,Medium
C01811,32,31-45,114938.03,731.0,223865.23,8.5,93751.46,5000.0,0,4,27150.37,24,Salaried,2.7634,0.522,0.2362,Low
C01812,50,46-65,84287.65,617.0,37914.98,16.4,54393.27,5000.0,0,2,21424.08,24,Salaried,1.0952,0.7118,0.2542,Low
C01813,51,46-65,70679.28,640.0,198068.78,13.3,109209.28,5000.0,1,1,11213.05,12,Self-employed,4.3475,0.8489,0.1586,High
C01814,43,31-45,100774.68,696.0,158751.37,2.7,116474.52,5112.9,1,1,37767.4,36,Self-employed,2.7311,0.6088,0.3748,Medium
C01815,60,46-65,65601.6,775.0,156890.32,21.3,46297.11,5000.0,0,2,49513.86,24,Self-employed,3.0973,0.9146,0.7548,Low
C01816,25,21-30,350000.0,662.0,82651.04,25.4,314840.83,20773.43,0,1,154918.52,48,Business,1.1357,0.7122,0.4426,Low
C01817,31,31-45,70642.23,678.0,180780.26,6.8,2490.86,5000.0,0,1,53580.31,24,Self-employed,2.5944,0.8494,0.7585,Low
C01818,32,31-45,72370.04,603.0,37664.28,12.2,5706.93,5000.0,0,2,18677.84,36,Self-employed,0.5993,0.8291,0.2581,Low
C01819,27,21-30,25371.58,820.0,71698.95,35.0,506.11,5000.0,0,1,5909.49,60,Salaried,2.8459,2.3649,0.2329,Low
C01820,34,31-45,48206.29,692.0,38518.29,8.9,53980.78,5000.0,0,2,7409.2,36,Business,1.9188,1.2447,0.1537,Low
C01821,35,31-45,122173.85,761.0,330744.82,10.2,32027.72,7532.08,0,1,24020.57,36,Salaried,2.9693,0.7398,0.1966,Low
C01822,55,46-65,31183.4,682.0,32465.51,14.0,7330.53,5000.0,0,0,18205.68,36,Self-employed,1.2762,1.9241,0.5838,Low
C01823,34,31-45,19840.61,686.0,36603.81,19.6,0.0,5000.0,0,2,7563.92,36,Salaried,1.8449,3.0241,0.3812,Low
C01824,60,46-65,66165.61,567.0,191776.57,2.0,94993.5,5000.0,0,1,21642.26,36,Salaried,4.3341,0.9068,0.3271,High
C01825,55,46-65,138144.02,519.0,203650.09,8.8,165225.92,6693.33,2,1,82888.0,24,Salaried,2.6702,0.5814,0.6,High
C01826,61,46-65,66532.93,774.0,86201.44,19.6,17653.06,5000.0,0,1,25617.9,60,Salaried,1.5609,0.9018,0.385,Low
C01827,25,21-30,54028.88,686.0,75861.1,14.2,61554.19,5000.0,0,1,32297.96,60,Salaried,2.5434,1.1105,0.5978,Low
C01828,65,46-65,23387.9,695.0,12283.23,11.4,38696.07,5000.0,2,0,0.0,60,Self-employed,2.1797,2.5654,0.0,High
C01829,48,46-65,83356.54,586.0,199827.46,10.3,94964.27,5614.38,0,0,48951.33,12,Self-employed,3.5365,0.8082,0.5873,Medium
C01830,65,46-65,93511.89,612.0,44962.23,19.0,118957.1,6209.3,0,3,10575.58,24,Salaried,1.7529,0.7968,0.1131,Low
C01831,36,31-45,24396.37,760.0,5000.0,13.2,33753.01,5000.0,0,4,12640.78,48,Business,1.5885,2.4594,0.5181,Low
C01832,63,46-65,121313.74,811.0,141539.43,24.2,77790.59,5894.85,0,1,54258.63,24,Business,1.808,0.5831,0.4473,Low
C01833,47,46-65,99039.6,633.0,115354.05,8.0,140983.36,5000.0,1,0,62626.21,60,Salaried,2.5882,0.6058,0.6323,Low
C01834,24,21-30,121165.94,730.0,87920.47,1.3,51689.46,6467.3,1,0,25172.64,60,Self-employed,1.1522,0.6405,0.2078,Low
C01835,39,31-45,89597.38,694.0,204372.94,17.6,163904.2,5029.27,0,1,14404.73,24,Salaried,4.1104,0.6736,0.1608,Medium
C01836,27,21-30,93122.21,671.0,18421.82,7.4,152260.37,5000.0,0,3,55987.76,48,Salaried,1.8329,0.6443,0.6012,Low
C01837,63,46-65,86555.32,819.0,275164.02,9.4,41936.42,5987.96,0,1,23784.7,36,Self-employed,3.6636,0.8302,0.2748,Low
C01838,34,31-45,104799.3,646.0,296954.34,10.7,153648.41,5000.0,0,2,52853.66,48,Business,4.2997,0.5725,0.5043,Medium
C01839,31,31-45,23904.59,773.0,34968.78,6.3,29979.38,5000.0,0,0,0.0,36,Salaried,2.717,2.51,0.0,Low
C01840,45,31-45,28468.68,709.0,82063.84,3.3,50391.18,5000.0,1,1,6374.12,24,Salaried,4.6527,2.1076,0.2239,Medium
C01841,40,31-45,43361.98,679.0,90433.77,16.9,0.0,5000.0,0,0,24122.22,48,Salaried,2.0856,1.3837,0.5563,Low
C01842,25,21-30,60520.74,783.0,127946.49,0.5,32483.63,5000.0,0,0,6399.0,36,Salaried,2.6508,0.9914,0.1057,Low
C01843,57,46-65,80468.24,702.0,97018.71,30.3,63969.06,5000.0,0,1,11891.59,36,Self-employed,2.0006,0.7456,0.1478,Low
C01844,59,46-65,77708.31,673.0,176378.08,9.5,76431.5,5000.0,0,1,19197.27,36,Business,3.2533,0.7721,0.247,Low
C01845,54,46-65,120156.55,783.0,76894.22,1.4,75061.25,5000.0,0,0,55849.54,12,Salaried,1.2646,0.4993,0.4648,Low
C01846,48,46-65,122248.97,774.0,227728.93,18.5,5509.72,5000.0,0,2,27313.1,36,Salaried,1.9079,0.4908,0.2234,Low
C01847,39,31-45,40228.49,,5000.0,2.0,45200.64,5000.0,1,1,12014.56,12,,1.2479,1.4915,0.2987,Low
C01848,45,31-45,74113.98,388.0,128319.22,6.1,55588.91,5000.0,1,0,52991.55,24,Business,2.4814,0.8096,0.715,High
C01849,44,31-45,40775.44,713.0,96029.4,25.9,32261.02,5000.0,0,3,0.0,60,Self-employed,3.1463,1.4715,0.0,Medium
C01850,28,21-30,58606.84,696.0,41318.86,12.5,21846.46,5000.0,0,1,0.0,60,Salaried,1.0778,1.0238,0.0,Low
C01851,24,21-30,77584.88,677.0,64944.02,11.3,60257.26,5000.0,0,1,34923.07,36,Self-employed,1.6137,0.7733,0.4501,Low
C01852,32,31-45,18000.0,726.0,51018.84,12.4,13353.04,5000.0,1,2,0.0,36,Salaried,3.5762,3.3333,0.0,High
C01853,41,31-45,244831.81,700.0,254649.86,4.7,166368.06,13602.4,0,1,122365.25,36,Salaried,1.7196,0.6667,0.4998,Low
C01854,28,21-30,88757.86,731.0,35408.09,1.0,33417.32,5000.0,0,2,61415.98,48,Salaried,0.7754,0.676,0.6919,Low
C01855,25,21-30,46840.61,660.0,67513.13,12.8,23964.03,5000.0,0,1,25695.33,36,Self-employed,1.9529,1.2809,0.5486,Low
C01856,59,46-65,187624.13,792.0,500000.0,11.8,108490.16,10661.17,1,2,102713.34,36,Salaried,3.2431,0.6819,0.5474,Low
C01857,37,31-45,53693.94,738.0,134529.64,8.4,6148.72,5000.0,0,3,33117.41,36,Self-employed,2.62,1.1174,0.6168,Medium
C01858,47,46-65,69914.49,721.0,145519.26,21.5,104223.55,5000.0,0,2,12332.33,36,Salaried,3.5721,0.8582,0.1764,Medium
C01859,44,31-45,49723.3,717.0,157476.6,15.4,58893.04,5000.0,0,1,8915.92,36,Salaried,4.3515,1.2067,0.1793,Medium
C01860,54,46-65,161254.33,767.0,371633.32,3.8,92951.24,9206.32,0,3,49813.29,60,Salaried,2.8811,0.6851,0.3089,Low
C01861,54,46-65,61353.1,757.0,167821.92,7.0,102673.85,5000.0,0,2,30706.75,36,Business,4.4088,0.9779,0.5005,Medium
C01862,34,31-45,70569.89,672.0,151998.45,6.0,96564.52,5000.0,0,0,8643.25,60,Salaried,3.5222,0.8502,0.1225,Medium
C01863,59,46-65,126023.38,754.0,378107.08,4.8,204045.26,8868.0,0,3,79842.06,36,Self-employed,4.6194,0.8444,0.6335,Medium
C01864,37,31-45,89676.97,693.0,203468.92,19.9,80839.86,5849.92,0,4,42683.8,36,Self-employed,3.1704,0.7828,0.476,Medium
C01865,58,46-65,63085.81,824.0,47462.42,7.0,47516.28,5000.0,0,4,9614.97,24,Salaried,1.5055,0.9511,0.1524,Low
C01866,39,31-45,119713.61,762.0,30017.96,15.5,138578.86,6868.51,0,0,65390.79,60,Salaried,1.4083,0.6885,0.5462,Low
C01867,25,21-30,262579.28,633.0,138138.76,13.0,292726.09,18121.08,1,2,29912.57,36,Business,1.6409,0.8281,0.1139,Medium
C01868,55,46-65,77398.16,850.0,143449.84,3.7,100531.16,5000.0,0,1,8241.84,48,Self-employed,3.1523,0.7752,0.1065,Low
C01869,22,21-30,69311.12,522.0,236785.8,19.9,37016.85,5000.0,0,1,16872.15,48,Business,3.9503,0.8657,0.2434,High
C01870,55,46-65,71395.31,728.0,177292.01,8.9,26438.53,5000.0,0,2,30025.75,24,Self-employed,2.8536,0.8404,0.4206,Low
C01871,22,21-30,133636.51,628.0,366196.98,7.0,206673.93,8943.52,0,1,62572.84,24,Business,4.2868,0.8031,0.4682,High
C01872,30,21-30,46750.67,821.0,111258.3,2.9,37056.85,5000.0,0,3,11267.78,48,Salaried,3.1725,1.2834,0.241,Low
C01873,48,46-65,55774.27,699.0,175539.99,5.0,42320.13,5000.0,0,0,3000.71,36,Salaried,3.9061,1.0758,0.0538,Medium
C01874,63,46-65,27904.66,620.0,74464.9,4.2,3370.38,5000.0,0,1,13010.42,36,Salaried,2.7893,2.1502,0.4662,Medium
C01875,39,31-45,33894.74,660.0,31329.45,2.3,29731.46,5000.0,0,2,12352.62,24,Salaried,1.8015,1.7702,0.3644,Low
C01876,26,21-30,48891.19,626.0,84581.26,12.4,79702.29,5000.0,0,1,17823.56,60,Salaried,3.3602,1.2272,0.3646,Medium
C01877,31,31-45,63030.7,657.0,84435.07,4.3,60502.7,5000.0,1,0,23021.28,24,Salaried,2.2995,0.9519,0.3652,Medium
C01878,61,46-65,171980.84,655.0,130829.32,9.9,58279.13,9214.33,0,2,47698.43,60,Salaried,1.0996,0.6429,0.2773,Low
C01879,53,46-65,87285.41,624.0,65850.64,18.6,32595.45,5000.0,0,1,55323.77,48,Salaried,1.1279,0.6874,0.6338,Low
C01880,25,21-30,39359.76,700.0,45082.84,14.4,34343.76,5000.0,0,1,19335.6,36,Self-employed,2.018,1.5244,0.4913,Low
C01881,38,31-45,43553.85,709.0,50000.59,10.9,46569.55,5000.0,0,1,17454.3,36,Salaried,2.2173,1.3776,0.4008,Low
C01882,32,31-45,138448.59,605.0,132569.88,1.5,87970.24,5000.0,1,2,32201.49,48,Salaried,1.5929,0.4334,0.2326,Medium
C01883,29,21-30,120786.31,556.0,394015.64,2.3,48341.33,5000.0,0,0,12999.43,36,Self-employed,3.6623,0.4967,0.1076,High
C01884,59,46-65,66014.19,703.0,88306.06,5.8,0.0,5000.0,0,1,30082.18,48,Business,1.3377,0.9089,0.4557,Low
C01885,48,46-65,50957.79,720.0,147630.18,11.5,72389.75,5000.0,0,3,23970.36,36,Self-employed,4.3177,1.1774,0.4704,Low
C01886,29,21-30,120674.92,735.0,35118.09,4.3,9090.67,7684.96,0,0,44049.99,24,Self-employed,0.3663,0.7642,0.365,Low
C01887,50,46-65,37639.62,721.0,126906.67,4.2,21019.9,5000.0,0,1,21159.35,60,Self-employed,3.9301,1.5941,0.5622,Low
C01888,39,31-45,80640.74,798.0,224450.67,18.0,91707.81,5000.0,0,1,17212.52,24,Self-employed,3.9206,0.744,0.2134,Low
C01889,23,21-30,226863.77,755.0,500000.0,7.7,184173.24,13333.91,0,2,45723.84,48,Salaried,3.0158,0.7053,0.2015,Low
C01890,41,31-45,72772.12,850.0,147013.19,2.4,23393.96,5000.0,1,1,35351.26,36,Self-employed,2.3417,0.8245,0.4858,Low
C01891,29,21-30,42427.73,850.0,108749.58,11.7,51522.01,5000.0,0,1,9478.22,36,Salaried,3.7775,1.4142,0.2234,Low
C01892,32,31-45,81458.2,548.0,109096.25,3.3,35864.97,5000.0,0,1,19312.3,24,Salaried,1.7796,0.7366,0.2371,Low
C01893,60,46-65,50193.35,515.0,82092.58,11.5,65767.92,5000.0,0,1,26912.98,36,Business,2.9458,1.1954,0.5362,High
C01894,52,46-65,30193.41,679.0,61474.36,6.8,0.0,5000.0,0,1,3192.07,36,Salaried,2.036,1.9872,0.1057,Low
C01895,27,21-30,95579.38,718.0,52898.39,9.3,93755.22,5260.84,0,0,41428.56,48,Salaried,1.5344,0.6605,0.4334,Low
C01896,59,46-65,120204.71,674.0,28610.92,4.1,96624.91,6379.79,0,1,72565.65,60,Salaried,1.0419,0.6369,0.6037,Low
C01897,46,46-65,54783.48,733.0,175304.02,6.5,96427.31,5000.0,1,0,13168.74,12,Salaried,4.9601,1.0952,0.2404,Medium
C01898,60,46-65,52820.94,660.0,23243.74,5.9,32227.03,5000.0,0,3,25403.9,36,Salaried,1.0502,1.1359,0.4809,Low
C01899,54,46-65,38302.93,628.0,93886.8,4.5,9837.9,5000.0,0,2,5796.49,24,Self-employed,2.708,1.5665,0.1513,Medium
C01900,36,31-45,59854.86,639.0,46619.29,6.7,44334.83,5000.0,0,2,21867.02,48,Salaried,1.5196,1.0024,0.3653,Low
C01901,45,31-45,47707.31,665.0,53232.23,1.5,37447.22,5000.0,1,0,8689.96,48,Self-employed,1.9007,1.2577,0.1822,Medium
C01902,44,31-45,37274.87,743.0,17444.91,13.8,29789.74,5000.0,1,2,4756.96,12,Salaried,1.2672,1.6097,0.1276,Low
C01903,53,46-65,184026.57,643.0,341487.32,13.3,293439.6,11879.66,1,1,91352.98,12,Salaried,3.4502,0.7746,0.4964,High
C01904,32,31-45,84011.89,658.0,250714.27,7.0,50687.22,5000.0,0,1,39776.17,60,Salaried,3.5876,0.7142,0.4735,Medium
C01905,35,31-45,89050.59,723.0,265387.9,7.1,134582.02,5000.0,0,1,0.0,12,Salaried,4.4915,0.6738,0.0,Medium
C01906,32,31-45,105663.24,665.0,98966.1,6.5,76857.19,5000.0,0,4,47325.23,36,Business,1.664,0.5678,0.4479,Low
C01907,34,31-45,99330.95,764.0,135494.45,13.8,105243.5,5034.87,0,0,41734.59,48,Self-employed,2.4236,0.6083,0.4202,Low
C01908,28,21-30,51788.95,611.0,146037.34,5.6,53298.62,5000.0,0,0,28917.71,36,Salaried,3.849,1.1585,0.5584,High
C01909,22,21-30,75511.97,595.0,38119.8,15.9,337.0,5000.0,0,1,21187.7,24,Salaried,0.5093,0.7946,0.2806,Low
C01910,63,46-65,56059.89,703.0,40430.31,3.0,40040.59,5000.0,0,2,4599.54,60,Business,1.4354,1.0703,0.082,Low
C01911,24,21-30,82726.69,710.0,130933.99,16.0,55656.06,5000.0,0,0,32470.2,48,Business,2.2555,0.7253,0.3925,Low
C01912,60,46-65,78438.69,615.0,224725.83,1.1,28039.29,5000.0,0,2,12513.88,36,Salaried,3.2225,0.7649,0.1595,High
C01913,21,21-30,52663.58,781.0,70817.33,6.3,87025.69,5000.0,0,0,7736.52,60,Self-employed,2.9972,1.1393,0.1469,Low
C01914,55,46-65,31289.2,824.0,30775.66,14.0,17409.17,5000.0,0,3,5493.6,48,Self-employed,1.54,1.9176,0.1756,Low
C01915,35,31-45,70443.97,633.0,244541.4,15.4,69890.48,5000.0,0,1,14035.04,36,Salaried,4.4636,0.8517,0.1992,High
C01916,44,31-45,58092.64,792.0,187326.96,3.1,10267.97,5000.0,0,2,15228.74,48,Salaried,3.4014,1.0328,0.2621,Low
C01917,33,31-45,22981.34,501.0,50683.56,11.9,21800.45,5000.0,0,3,15446.52,36,Salaried,3.154,2.6108,0.6721,High
C01918,43,31-45,85935.86,761.0,229426.4,11.1,137451.34,5000.0,0,0,48209.5,24,Self-employed,4.2692,0.6982,0.561,Low
C01919,41,31-45,110534.25,616.0,358769.44,12.4,0.0,5000.0,0,0,60053.53,24,Salaried,3.2458,0.5428,0.5433,Medium
C01920,44,31-45,261120.85,753.0,500000.0,34.0,350000.0,8709.05,0,0,139853.46,60,Self-employed,3.2552,0.4002,0.5356,Medium
C01921,38,31-45,52416.88,608.0,143921.22,35.0,20771.48,5000.0,0,0,3380.43,24,Salaried,3.142,1.1447,0.0645,Medium
C01922,45,31-45,48332.09,675.0,93111.45,18.5,38699.69,5000.0,0,0,18355.47,12,Salaried,2.7272,1.2414,0.3798,Medium
C01923,58,46-65,35311.39,619.0,43574.56,4.3,48687.83,5000.0,0,1,9396.28,36,Salaried,2.6128,1.6992,0.2661,Low
C01924,40,31-45,72903.77,664.0,214036.23,6.1,63812.4,5000.0,0,3,51787.83,24,Salaried,3.8112,0.823,0.7104,Medium
C01925,37,31-45,72650.65,817.0,173394.63,9.6,97722.26,5000.0,1,2,0.0,36,Self-employed,3.7318,0.8259,0.0,Medium
C01926,26,21-30,41603.08,672.0,42290.76,6.4,17967.78,5000.0,0,1,25868.09,60,Business,1.4484,1.4422,0.6218,Low
C01927,37,31-45,59037.68,838.0,114852.13,4.4,81211.65,5000.0,0,0,38413.28,48,Business,3.321,1.0163,0.6507,Low
C01928,26,21-30,21892.0,651.0,64168.85,15.6,17875.0,5000.0,0,1,2245.83,24,Salaried,3.7477,2.7407,0.1026,Medium
C01929,29,21-30,108190.6,792.0,115016.07,3.0,37399.28,5000.0,0,1,0.0,60,Salaried,1.4088,0.5546,0.0,Low
C01930,63,46-65,42542.93,558.0,107696.25,1.2,27721.88,5000.0,0,3,24181.47,12,Salaried,3.1831,1.4103,0.5684,High
C01931,25,21-30,63772.77,659.0,6673.16,13.4,77710.39,5000.0,0,2,9974.8,36,Salaried,1.3232,0.9408,0.1564,Low
C01932,42,31-45,29657.23,640.0,68601.18,13.1,53969.53,5000.0,0,1,12889.69,36,Business,4.1329,2.0231,0.4346,Low
C01933,58,46-65,47185.79,795.0,168307.93,2.4,61055.81,5000.0,0,2,9295.81,48,Salaried,4.8609,1.2716,0.197,Low
C01934,63,46-65,55735.21,694.0,174070.13,2.3,66263.13,5000.0,0,0,8297.56,60,Salaried,4.3121,1.0765,0.1489,Medium
C01935,27,21-30,64597.6,523.0,189284.38,8.1,36751.78,5000.0,0,0,10481.66,36,Business,3.4991,0.9288,0.1623,High
C01936,28,21-30,84625.88,582.0,209540.62,10.1,98900.17,5000.0,0,1,35451.84,36,Salaried,3.6448,0.709,0.4189,High
C01937,37,31-45,143434.51,604.0,241332.36,6.5,5107.05,6700.06,0,0,39875.91,48,Salaried,1.7181,0.5605,0.278,Low
C01938,45,31-45,97259.07,750.0,243882.68,5.5,40342.21,5000.0,1,2,62705.99,12,Salaried,2.9223,0.6169,0.6447,Low
C01939,64,46-65,110341.24,740.0,125529.53,7.8,55356.88,5000.0,0,2,73495.06,48,Self-employed,1.6393,0.5438,0.6661,Low
C01940,30,21-30,143990.1,657.0,299737.75,12.7,191862.54,5000.0,2,0,15878.15,36,Salaried,3.4141,0.4167,0.1103,High
C01941,28,21-30,88919.07,639.0,189196.97,2.5,55575.35,5000.0,0,1,50337.89,24,Self-employed,2.7528,0.6748,0.5661,Low
C01942,32,31-45,63700.88,734.0,126746.85,9.0,20096.0,5000.0,1,3,33100.12,24,Self-employed,2.3052,0.9419,0.5196,Low
C01943,60,46-65,113227.47,595.0,177292.71,4.4,162848.59,7579.86,0,0,27352.31,24,Salaried,3.0041,0.8033,0.2416,Medium
C01944,22,21-30,117277.44,714.0,164039.12,31.3,105237.89,5000.0,2,2,30226.96,36,Self-employed,2.2961,0.5116,0.2577,Low
C01945,38,31-45,92860.51,708.0,106439.63,9.4,7363.95,5000.0,0,1,46072.13,48,Salaried,1.2255,0.6461,0.4961,Low
C01946,26,21-30,29205.06,659.0,21505.1,20.7,29645.41,5000.0,0,1,14035.93,48,Business,1.7514,2.0544,0.4806,High
C01947,28,21-30,40918.58,710.0,68094.88,12.3,77540.63,5000.0,0,2,28742.15,36,Self-employed,3.5592,1.4663,0.7024,Medium
C01948,62,46-65,55880.61,688.0,50693.03,25.6,67902.39,5000.0,1,1,30865.28,36,Self-employed,2.1223,1.0737,0.5523,Low
C01949,21,21-30,99801.06,717.0,304435.39,7.9,114167.0,5809.93,0,1,12480.38,36,Salaried,4.1944,0.6986,0.1251,Low
C01950,35,31-45,64241.33,580.0,41009.99,8.6,90613.0,5000.0,1,1,20246.24,36,Salaried,2.0489,0.934,0.3152,High
C01951,62,46-65,121469.72,726.0,357053.6,7.1,123427.67,5000.0,1,4,18383.16,60,Self-employed,3.9556,0.494,0.1513,High
C01952,48,46-65,133990.3,757.0,128042.75,4.8,209734.81,7939.88,0,1,50096.65,36,Salaried,2.5209,0.7111,0.3739,Medium
C01953,24,21-30,125704.14,,390334.22,2.6,200875.9,5089.44,0,1,71127.48,60,Self-employed,4.7032,0.4858,0.5658,Low
C01954,41,31-45,126145.32,725.0,343511.3,10.1,70365.87,5000.0,0,0,36482.68,48,Salaried,3.281,0.4756,0.2892,Low
C01955,64,46-65,36746.41,672.0,123112.9,15.2,28846.56,5000.0,0,1,0.0,24,Salaried,4.1354,1.6328,0.0,Medium
C01956,39,31-45,84761.11,747.0,271464.04,7.6,27942.91,5469.07,0,3,30968.82,24,,3.5324,0.7743,0.3654,Low
C01957,44,31-45,46536.93,685.0,107076.12,5.8,51205.65,5000.0,0,0,10525.99,48,Self-employed,3.4012,1.2893,0.2262,High
C01958,44,31-45,26243.04,594.0,11976.49,20.3,13461.02,5000.0,0,3,11906.8,60,Self-employed,0.9693,2.2863,0.4537,Low
C01959,50,46-65,55494.18,742.0,96870.2,3.6,55878.13,5000.0,1,2,17911.47,48,Salaried,2.7525,1.0812,0.3228,Medium
C01960,29,21-30,134692.26,557.0,168384.85,8.4,241545.25,9442.61,0,0,19664.4,24,Salaried,3.0435,0.8413,0.146,High
C01961,58,46-65,83746.58,701.0,266719.62,13.5,75930.11,5000.0,0,2,50032.02,36,Business,4.0915,0.7164,0.5974,Medium
C01962,65,46-65,197192.9,651.0,500000.0,4.3,38714.16,6209.52,0,3,90258.93,24,Salaried,2.7319,0.3779,0.4577,Low
C01963,27,21-30,71655.07,646.0,103402.24,8.5,425.69,5000.0,1,2,3091.78,24,Salaried,1.449,0.8373,0.0431,Low
C01964,57,46-65,249804.54,693.0,500000.0,15.6,350000.0,6142.76,0,1,143048.22,60,Salaried,3.4027,0.2951,0.5726,Low
C01965,57,46-65,71666.54,627.0,90601.34,4.2,100289.41,5000.0,2,1,18837.7,60,Salaried,2.6636,0.8372,0.2629,High
C01966,54,46-65,65808.66,718.0,152587.66,12.5,84760.42,5000.0,1,1,33722.96,36,Self-employed,3.6066,0.9117,0.5124,Medium
C01967,37,31-45,32159.98,684.0,82560.32,2.0,35941.76,5000.0,1,2,19962.87,24,Salaried,3.6848,1.8657,0.6207,High
C01968,42,31-45,119724.92,634.0,235531.2,7.5,104801.89,5000.0,2,1,54986.96,24,,2.8426,0.5011,0.4593,High
C01969,58,46-65,49314.51,780.0,156925.51,17.3,52090.73,5000.0,0,1,10327.38,36,Salaried,4.2384,1.2167,0.2094,Low
C01970,27,21-30,45536.36,695.0,51420.24,12.8,74139.21,5000.0,1,0,28507.82,36,Salaried,2.7573,1.3176,0.626,Medium
C01971,58,46-65,131507.53,727.0,376541.76,18.0,109188.5,5000.0,1,3,63679.43,36,Business,3.6936,0.4562,0.4842,Medium
C01972,62,46-65,122904.76,786.0,292439.81,0.9,98788.59,5000.0,0,1,69802.86,60,Business,3.1832,0.4882,0.5679,Low
C01973,51,46-65,121148.31,785.0,120138.21,7.7,111902.29,6519.2,1,1,37378.04,24,Salaried,1.9153,0.6457,0.3085,Low
C01974,36,31-45,53259.82,723.0,82717.29,4.5,60725.7,5000.0,0,1,24580.08,36,Self-employed,2.6933,1.1266,0.4615,Medium
C01975,46,46-65,63202.92,657.0,22083.64,7.9,9806.63,5000.0,1,2,27328.63,48,Salaried,0.5046,0.9493,0.4324,Low
C01976,23,21-30,62895.04,573.0,138112.14,16.1,64155.22,5000.0,0,0,92.15,36,Salaried,3.216,0.954,0.0015,High
C01977,62,46-65,99960.22,696.0,311006.92,22.0,75304.0,5000.0,0,0,34019.7,48,Salaried,3.8646,0.6002,0.3403,Low
C01978,36,31-45,152756.91,762.0,66172.78,28.4,265187.25,5000.0,0,2,77404.89,36,Salaried,2.1692,0.3928,0.5067,Low
C01979,23,21-30,79588.36,707.0,26009.88,5.9,57305.95,5000.0,0,2,25347.1,48,Salaried,1.0468,0.7539,0.3185,Low
C01980,56,46-65,192592.66,422.0,342446.81,1.7,225562.6,5542.3,1,0,62620.63,36,Salaried,2.9493,0.3453,0.3251,High
C01981,50,46-65,106467.97,745.0,109647.99,1.3,71733.2,6098.68,2,0,54278.69,60,Salaried,1.7036,0.6874,0.5098,Low
C01982,49,46-65,57125.33,750.0,59243.4,3.0,71308.1,5000.0,1,2,31047.85,24,Business,2.2854,1.0503,0.5435,Low
C01983,23,21-30,102532.37,657.0,229172.72,15.1,170859.92,6925.79,1,2,10993.86,24,Salaried,3.9015,0.8106,0.1072,High
C01984,54,46-65,166110.7,754.0,244081.82,11.3,36903.56,5389.31,0,2,106433.67,24,Self-employed,1.6916,0.3893,0.6407,Low
C01985,49,46-65,195087.12,727.0,500000.0,11.8,15914.93,8809.98,0,0,60109.25,12,Self-employed,2.6445,0.5419,0.3081,Low
C01986,56,46-65,124858.05,629.0,208327.55,7.8,166496.96,7915.61,2,0,22282.56,36,Salaried,3.002,0.7608,0.1785,High
C01987,58,46-65,65924.37,775.0,143378.68,5.9,75468.4,5000.0,0,1,35778.89,48,Self-employed,3.3197,0.9101,0.5427,Low
C01988,30,21-30,57697.05,585.0,91908.68,20.1,,5000.0,0,2,8843.63,48,Self-employed,2.5646,1.0399,0.1533,Medium
C01989,30,21-30,89230.73,676.0,97606.76,0.8,100530.35,5000.0,0,0,61827.08,60,Salaried,2.2205,0.6724,0.6929,Low
C01990,62,46-65,163215.8,668.0,285359.65,3.2,219161.42,7978.96,0,4,98377.02,36,Business,3.0911,0.5866,0.6027,Medium
C01991,44,31-45,82513.37,618.0,219552.48,13.2,117881.56,5000.0,0,3,50331.66,36,Salaried,4.0894,0.7272,0.61,High
C01992,40,31-45,83461.03,703.0,279062.39,6.4,49355.35,5000.0,0,4,13057.45,24,Salaried,3.935,0.7189,0.1564,Medium
C01993,33,31-45,66863.69,778.0,33112.8,14.7,42849.28,5000.0,0,1,5348.33,24,Business,1.1361,0.8973,0.08,Low
C01994,49,46-65,54274.1,774.0,113071.12,13.7,85978.3,5000.0,1,1,23020.24,60,Salaried,3.6675,1.1055,0.4241,Medium
C01995,54,46-65,59454.62,734.0,145149.86,12.7,68950.57,5000.0,0,1,34889.91,60,Self-employed,3.6011,1.0092,0.5868,Low
C01996,21,21-30,70026.35,553.0,21227.8,12.3,22423.15,5000.0,1,1,31429.54,48,Salaried,0.6234,0.8568,0.4488,Low
C01997,45,31-45,167225.34,580.0,492221.91,15.6,288969.08,8548.31,0,0,6066.12,36,Salaried,4.6715,0.6134,0.0363,High
C01998,65,46-65,56971.13,692.0,42861.79,15.6,63378.1,5000.0,1,0,10540.96,60,Self-employed,1.8648,1.0532,0.185,Low
C01999,33,31-45,66908.36,677.0,220151.87,8.5,58121.03,5000.0,0,0,3231.5,48,Salaried,4.159,0.8967,0.0483,Medium
C02000,33,31-45,40383.83,643.0,74584.21,7.0,55361.92,5000.0,0,0,10088.17,24,Self-employed,3.2178,1.4857,0.2498,Medium
C02001,60,46-65,96402.71,823.0,58727.14,10.8,46616.19,6186.47,0,2,10161.11,36,Salaried,1.0927,0.7701,0.1054,Low
C02002,23,21-30,137835.48,688.0,348336.1,18.4,154179.45,9223.15,0,1,92240.83,36,Salaried,3.6458,0.803,0.6692,Low
C02003,38,31-45,158834.23,721.0,107122.87,4.6,77030.07,5000.0,0,1,27064.73,60,Salaried,1.1594,0.3778,0.1704,Low
C02004,41,31-45,72692.47,754.0,183647.74,7.4,106263.84,5000.0,0,2,18824.7,12,Business,3.9882,0.8254,0.259,Medium
C02005,56,46-65,89146.59,684.0,272960.16,5.7,41208.7,5000.0,0,1,35180.88,12,Salaried,3.5242,0.673,0.3946,Low
C02006,26,21-30,59735.98,850.0,132725.08,3.9,44851.17,5000.0,0,3,42826.41,24,Salaried,2.9727,1.0044,0.7169,Low
C02007,40,31-45,86903.43,609.0,86811.2,6.1,40410.13,5613.82,0,0,0.0,60,Salaried,1.4639,0.7752,0.0,Low
C02008,27,21-30,77251.64,635.0,108105.36,2.8,68613.92,5000.0,0,1,42569.78,24,Salaried,2.2876,0.7767,0.5511,Low
C02009,56,46-65,67116.69,609.0,105951.39,2.5,39014.47,5000.0,0,2,22337.39,24,Salaried,2.1599,0.894,0.3328,Medium
C02010,49,46-65,70116.06,797.0,156639.39,23.5,102095.96,5000.0,1,0,10629.34,36,Salaried,3.6901,0.8557,0.1516,Low
C02011,43,31-45,83341.33,740.0,176176.88,3.6,116070.85,5000.0,0,2,11746.91,24,Business,3.5066,0.7199,0.1409,Low
C02012,38,31-45,55290.63,639.0,85947.77,12.6,12589.3,5000.0,0,0,18788.37,60,Salaried,1.7822,1.0852,0.3398,Low
C02013,27,21-30,56884.0,615.0,151560.36,28.4,92759.43,5000.0,1,0,33817.64,60,Self-employed,4.2951,1.0548,0.5945,High
C02014,62,46-65,166240.64,784.0,454715.87,17.4,238483.48,11099.74,0,1,76723.34,36,Business,4.1699,0.8012,0.4615,Low
C02015,50,46-65,288642.24,707.0,500000.0,12.3,44262.78,7667.6,0,0,163511.04,36,Salaried,1.8856,0.3188,0.5665,Low
C02016,35,31-45,33514.74,786.0,37103.54,13.8,22139.0,5000.0,1,2,9919.51,36,Salaried,1.7677,1.7903,0.296,High
C02017,39,31-45,32514.24,675.0,41800.98,5.8,25242.96,5000.0,0,1,22.88,60,Business,2.062,1.8453,0.0007,Low
C02018,53,46-65,38396.0,718.0,60540.46,17.7,735.73,5000.0,0,0,16932.45,36,Business,1.5959,1.5627,0.441,Medium
C02019,53,46-65,61410.37,703.0,185548.38,24.9,62867.03,5000.0,1,0,39316.01,60,Salaried,4.0452,0.977,0.6402,Medium
C02020,41,31-45,106385.21,633.0,300331.08,6.6,89890.09,6532.13,0,0,30922.76,24,Salaried,3.668,0.7368,0.2907,Medium
C02021,34,31-45,89979.01,669.0,278995.77,2.4,86057.98,5809.12,0,1,15783.38,36,Self-employed,4.0571,0.7747,0.1754,Medium
C02022,50,46-65,71450.46,591.0,46282.94,15.2,75438.83,5000.0,0,0,16572.13,12,Self-employed,1.7036,0.8397,0.2319,Low
C02023,50,46-65,86947.27,717.0,210476.11,33.6,110719.4,5000.0,0,0,30117.44,36,Business,3.6941,0.6901,0.3464,Low
C02024,47,46-65,44422.22,737.0,139463.9,3.9,62070.82,5000.0,2,2,36430.63,12,Salaried,4.5368,1.3507,0.8201,High
C02025,24,21-30,56833.15,754.0,50693.51,0.8,14949.32,5000.0,0,0,0.0,24,Business,1.155,1.0557,0.0,Low
C02026,42,31-45,64285.58,730.0,15861.21,7.5,43218.54,5000.0,0,0,49477.26,36,Salaried,0.919,0.9333,0.7696,Low
C02027,48,46-65,27195.96,670.0,35143.99,5.5,39384.71,5000.0,0,2,20268.54,60,Salaried,2.7404,2.2062,0.7453,Medium
C02028,63,46-65,34317.89,796.0,60405.71,9.8,69020.4,5000.0,0,0,21063.05,24,Self-employed,3.7714,1.7484,0.6138,Low
C02029,44,31-45,35076.31,747.0,48007.61,4.8,40314.09,5000.0,0,1,26116.84,12,Salaried,2.518,1.7106,0.7446,Low
C02030,36,31-45,98953.18,784.0,80902.08,7.3,99112.34,5000.0,0,0,41321.95,48,Self-employed,1.8192,0.6063,0.4176,Low
C02031,46,46-65,74390.82,789.0,147460.5,3.7,66590.75,5000.0,0,1,32558.35,48,Salaried,2.8774,0.8066,0.4377,Low
C02032,28,21-30,90964.65,671.0,247179.18,1.4,156357.24,5812.48,0,1,29408.42,60,Salaried,4.4362,0.7668,0.3233,Medium
C02033,25,21-30,23631.42,709.0,60703.08,7.9,32797.86,5000.0,0,4,0.0,60,Salaried,3.9566,2.539,0.0,High
C02034,51,46-65,28743.9,738.0,82898.98,13.2,11724.01,5000.0,0,2,10905.21,60,Self-employed,3.2919,2.0874,0.3794,Medium
C02035,65,46-65,93611.74,594.0,293069.93,2.9,160603.09,5000.0,0,0,32631.04,48,Salaried,4.8463,0.6409,0.3486,High
C02036,59,46-65,18000.0,595.0,35686.17,30.2,29575.06,5000.0,0,2,9124.91,60,Salaried,3.6256,3.3333,0.5069,High
C02037,47,46-65,127476.68,583.0,381579.34,11.8,9677.26,5000.0,0,2,27724.53,48,Self-employed,3.0692,0.4707,0.2175,Medium
C02038,22,21-30,23844.72,672.0,35538.06,5.8,19699.94,5000.0,1,1,5168.07,36,Salaried,2.3166,2.5163,0.2167,Medium
C02039,65,46-65,103360.92,655.0,309285.19,19.5,154084.36,5000.0,1,1,53996.86,12,Salaried,4.483,0.5805,0.5224,Medium
C02040,41,31-45,39871.66,572.0,123868.79,15.6,5723.74,5000.0,0,0,14478.31,36,Self-employed,3.2502,1.5048,0.3631,High
C02041,34,31-45,115732.83,691.0,275273.16,12.8,9766.81,5000.0,0,2,30212.65,48,Salaried,2.4629,0.5184,0.2611,Low
C02042,61,46-65,350000.0,673.0,500000.0,9.5,40986.82,9974.25,0,0,178020.47,36,Salaried,1.5457,0.342,0.5086,Low
C02043,54,46-65,18618.2,769.0,15103.98,5.9,8491.06,5000.0,0,2,4554.58,60,Salaried,1.2673,3.2227,0.2446,Low
C02044,54,46-65,95282.36,831.0,118409.02,11.0,37801.19,5000.0,0,5,40147.93,60,Salaried,1.6394,0.6297,0.4214,Low
C02045,33,31-45,24044.3,714.0,5000.0,9.5,21250.59,5000.0,0,2,0.0,36,Self-employed,1.0918,2.4954,0.0,Low
C02046,65,46-65,82196.29,628.0,34763.25,18.9,0.0,5000.0,0,3,37651.32,36,Business,0.4229,0.73,0.4581,Low
C02047,41,31-45,58012.74,729.0,89425.43,12.2,109881.21,5000.0,0,1,34606.18,36,Salaried,3.4356,1.0343,0.5965,High
C02048,44,31-45,69809.32,681.0,9799.05,6.8,126192.77,5000.0,0,3,6752.41,36,Self-employed,1.948,0.8595,0.0967,Low
C02049,54,46-65,39368.26,662.0,138206.36,6.7,54627.22,5000.0,0,0,31040.56,24,Salaried,4.8982,1.5241,0.7885,Medium
C02050,50,46-65,99851.58,615.0,232808.46,4.7,35714.33,5075.39,0,1,71331.79,48,Business,2.6892,0.61,0.7144,Low
C02051,28,21-30,29305.95,645.0,73871.37,9.9,59803.52,5000.0,0,2,6385.01,60,Salaried,4.5614,2.0474,0.2179,High
C02052,34,31-45,128674.73,667.0,226588.82,6.1,229808.0,6201.97,0,0,27813.59,36,Self-employed,3.5469,0.5784,0.2162,Low
C02053,37,31-45,51899.0,740.0,60270.36,3.2,27275.24,5000.0,0,1,32037.31,24,Self-employed,1.6868,1.1561,0.6173,Low
C02054,63,46-65,30051.34,718.0,24642.84,14.7,86224.35,5000.0,0,1,9298.1,12,Salaried,3.6893,1.9966,0.3094,High
C02055,53,46-65,156272.69,817.0,467675.45,5.7,120669.9,5493.94,0,0,97118.81,36,Salaried,3.7649,0.4219,0.6215,Low
C02056,37,31-45,62636.54,731.0,30396.76,7.1,3056.53,5000.0,0,0,40956.97,48,Salaried,0.5341,0.9579,0.6539,Low
C02057,54,46-65,185598.74,712.0,443095.95,21.4,197041.7,10643.98,0,1,129819.5,24,Self-employed,3.449,0.6882,0.6995,Low
C02058,54,46-65,127247.39,657.0,118540.94,16.2,131391.11,8837.13,0,0,33077.1,36,Salaried,1.9641,0.8334,0.2599,Low
C02059,38,31-45,41905.08,602.0,64315.92,12.1,89178.83,5000.0,0,0,24485.94,36,Salaried,3.6629,1.4318,0.5843,Medium
C02060,39,31-45,62031.53,637.0,16506.75,9.8,41691.96,5000.0,0,0,12173.64,48,Self-employed,0.9382,0.9672,0.1962,Low
C02061,61,46-65,69474.39,628.0,122251.43,24.4,103623.62,5000.0,0,1,16319.11,48,Salaried,3.2512,0.8636,0.2349,Medium
C02062,46,46-65,150483.59,488.0,96699.35,7.2,219332.49,6090.59,2,0,39841.0,60,Self-employed,2.1001,0.4857,0.2648,High
C02063,27,21-30,82683.66,604.0,239163.05,4.8,8199.33,5000.0,1,0,2910.53,60,Self-employed,2.9917,0.7257,0.0352,High
C02064,53,46-65,71618.13,800.0,52372.49,18.8,102848.04,5000.0,0,3,37097.01,36,Salaried,2.1673,0.8378,0.518,Low
C02065,47,46-65,58233.08,708.0,49856.24,12.1,56914.65,5000.0,1,1,9763.1,36,Salaried,1.8335,1.0303,0.1677,Low
C02066,43,31-45,63217.48,652.0,6006.53,4.0,37419.27,5000.0,0,1,31415.21,12,Salaried,0.6869,0.9491,0.4969,Low
C02067,53,46-65,133208.15,710.0,457297.9,12.1,100327.15,8435.76,0,0,6816.16,60,Salaried,4.1861,0.7599,0.0512,Medium
C02068,61,46-65,65132.6,533.0,143246.42,2.4,94475.92,5000.0,1,1,50017.74,48,Salaried,3.6498,0.9212,0.7679,High
C02069,35,31-45,52307.45,701.0,118692.81,16.5,61637.67,5000.0,0,0,32907.76,60,Self-employed,3.4475,1.1471,0.6291,Medium
C02070,39,31-45,47651.22,776.0,87659.82,10.1,58271.76,5000.0,0,0,25246.63,12,Self-employed,3.0625,1.2591,0.5298,Low
C02071,29,21-30,47933.59,671.0,147876.63,11.1,22646.66,5000.0,1,4,20078.56,36,Self-employed,3.5575,1.2517,0.4189,High
C02072,50,46-65,30061.18,547.0,10842.66,11.6,61735.09,5000.0,0,2,0.0,60,Business,2.4143,1.9959,0.0,High
C02073,39,31-45,43020.68,649.0,122384.37,12.0,61357.34,5000.0,0,0,16828.11,36,Self-employed,4.271,1.3947,0.3912,Medium
C02074,36,31-45,148193.44,776.0,412019.59,8.2,276136.73,5000.0,0,0,36891.39,48,Self-employed,4.6436,0.4049,0.2489,Low
C02075,52,46-65,58018.25,699.0,23049.43,8.8,91442.3,5000.0,0,2,0.0,60,Salaried,1.9734,1.0342,0.0,Low
C02076,39,31-45,,574.0,64125.15,6.1,10163.41,5000.0,0,2,19121.34,36,Salaried,0.7758,0.6266,0.1997,Low
C02077,41,31-45,18000.0,850.0,35635.21,9.8,32047.99,5000.0,0,1,8422.58,36,Salaried,3.7602,3.3333,0.4679,Low
C02078,40,31-45,88850.79,586.0,33676.17,8.2,136809.47,5000.0,0,0,43504.12,60,Salaried,1.9188,0.6753,0.4896,Low
C02079,32,31-45,59480.19,662.0,68297.27,9.2,13481.0,5000.0,1,0,35399.8,48,Salaried,1.3749,1.0087,0.5952,Low
C02080,26,21-30,49878.76,602.0,66056.63,2.9,58947.27,5000.0,0,1,17236.74,36,Self-employed,2.5062,1.2029,0.3456,Medium
C02081,58,46-65,71802.21,602.0,48932.44,5.3,37512.27,5000.0,0,0,20778.54,12,Salaried,1.2039,0.8356,0.2894,Low
C02082,25,21-30,49485.68,646.0,122636.05,1.1,50847.99,5000.0,0,1,37408.06,48,Business,3.5057,1.2125,0.7559,High
C02083,35,31-45,20211.59,728.0,62850.84,7.6,8641.39,5000.0,0,0,2157.22,48,Business,3.5372,2.9686,0.1067,Low
C02084,51,46-65,107945.19,777.0,235289.37,3.6,146970.07,5329.19,0,1,19321.61,12,Salaried,3.5412,0.5924,0.179,Low
C02085,26,21-30,74295.24,651.0,102519.15,1.9,50649.25,5000.0,0,1,40897.21,36,Salaried,2.0616,0.8076,0.5505,Low
C02086,50,46-65,54692.08,604.0,77402.77,9.8,77554.85,5000.0,0,0,23616.44,36,Salaried,2.8333,1.0971,0.4318,Medium
C02087,53,46-65,38205.72,716.0,51596.01,3.9,0.0,5000.0,0,0,23734.57,48,Salaried,1.3505,1.5704,0.6212,Low
C02088,50,46-65,28961.45,718.0,84348.96,5.3,0.0,5000.0,0,0,9959.77,60,Business,2.9125,2.0717,0.3439,Low
C02089,34,31-45,73517.85,698.0,95589.98,10.9,30450.88,5000.0,0,2,0.0,24,Salaried,1.7144,0.8161,0.0,Low
C02090,21,21-30,157871.25,701.0,354308.25,14.4,107591.98,7637.32,0,3,21205.77,24,Business,2.9258,0.5805,0.1343,Medium
C02091,60,46-65,72684.55,672.0,203317.82,6.2,90398.31,5000.0,0,1,36916.25,24,Salaried,4.041,0.8255,0.5079,Medium
C02092,35,31-45,30382.55,687.0,77402.15,16.5,18581.56,5000.0,0,1,13614.87,60,Salaried,3.1592,1.9748,0.4481,Medium
C02093,57,46-65,73567.36,666.0,66263.53,19.2,63143.87,5000.0,0,2,3162.21,36,Salaried,1.759,0.8156,0.043,Low
C02094,29,21-30,63120.69,760.0,46011.53,7.9,94868.41,5000.0,0,0,32291.94,36,Salaried,2.2319,0.9506,0.5116,Low
C02095,28,21-30,104544.34,847.0,223025.54,7.9,99304.95,5000.0,0,0,55956.84,36,Salaried,3.0832,0.5739,0.5352,Low
C02096,56,46-65,90748.37,693.0,244031.45,5.1,99986.68,5000.0,0,2,55229.57,36,Salaried,3.7909,0.6612,0.6086,Medium
C02097,63,46-65,18000.0,680.0,46033.4,9.3,29830.7,5000.0,0,0,9578.06,60,Self-employed,4.2147,3.3333,0.5321,Medium
C02098,59,46-65,87730.58,699.0,233011.79,14.4,162278.55,6124.04,0,2,54676.58,48,Self-employed,4.5057,0.8377,0.6232,Low
C02099,54,46-65,37430.04,631.0,10757.32,18.3,42302.44,5000.0,0,0,19518.56,48,Salaried,1.4176,1.603,0.5215,Low
C02100,32,31-45,29738.32,737.0,73755.12,4.1,0.0,5000.0,0,0,6066.87,12,Self-employed,2.4801,2.0176,0.204,Low
C02101,62,46-65,58599.54,713.0,133673.98,8.3,50890.34,5000.0,0,1,8783.42,60,Salaried,3.1496,1.0239,0.1499,Medium
C02102,51,46-65,81485.2,648.0,282242.98,12.8,96532.9,5000.0,1,1,8829.73,36,Business,4.6484,0.7363,0.1084,Medium
C02103,28,21-30,26363.57,748.0,69456.25,1.9,10830.48,5000.0,0,0,0.0,12,Self-employed,3.0454,2.2759,0.0,Low
C02104,26,21-30,95765.67,681.0,153341.98,0.3,133284.26,5000.0,2,1,17208.04,48,Salaried,2.993,0.6265,0.1797,High
C02105,60,46-65,98911.31,607.0,246393.45,8.1,61960.69,5000.0,0,1,19545.55,48,Self-employed,3.1175,0.6066,0.1976,Medium
C02106,33,31-45,66701.28,706.0,126460.47,4.2,61353.53,5000.0,0,2,15187.24,48,Self-employed,2.8157,0.8995,0.2277,Low
C02107,55,46-65,40333.98,698.0,48128.9,3.7,23222.37,5000.0,0,2,18803.17,36,Salaried,1.769,1.4876,0.4662,Low
C02108,27,21-30,37929.51,752.0,80308.4,4.3,73630.36,5000.0,0,2,31520.15,36,Salaried,4.0585,1.5819,0.831,Low
C02109,33,31-45,114279.81,742.0,97868.92,4.4,63905.58,5000.0,1,0,73104.23,48,Salaried,1.4156,0.525,0.6397,Low
C02110,33,31-45,28309.99,672.0,5000.0,10.8,6272.08,5000.0,0,1,17409.7,12,Salaried,0.3982,2.1194,0.615,Low
C02111,33,31-45,116727.95,645.0,280472.45,1.1,24152.5,5000.0,0,0,78447.33,36,Self-employed,2.6097,0.514,0.6721,Low
C02112,51,46-65,59354.49,680.0,102291.64,10.3,51743.94,5000.0,2,1,32582.09,60,Salaried,2.5952,1.0109,0.5489,High
C02113,62,46-65,61662.64,707.0,163486.17,6.5,26871.5,5000.0,0,3,10985.94,24,Business,3.0871,0.973,0.1782,Medium
C02114,61,46-65,25404.82,716.0,60511.71,2.6,7350.87,5000.0,0,1,10012.04,36,,2.6712,2.3618,0.3941,Low
C02115,54,46-65,59960.93,703.0,179605.43,12.1,69116.39,5000.0,0,2,25740.77,24,Salaried,4.1481,1.0007,0.4293,Medium
C02116,30,21-30,91091.03,673.0,231422.8,10.6,76927.82,5000.0,1,1,30505.26,36,Salaried,3.3851,0.6587,0.3349,Medium
C02117,64,46-65,31167.06,755.0,59443.37,4.7,45684.06,5000.0,0,1,18888.24,36,Salaried,3.373,1.9251,0.606,Low
C02118,45,31-45,85510.31,629.0,131191.16,11.6,17685.57,5667.15,0,0,34861.21,60,Self-employed,1.741,0.7953,0.4077,Low
C02119,45,31-45,68261.37,850.0,229665.01,17.5,44195.65,5000.0,0,0,34987.8,48,Salaried,4.0119,0.879,0.5126,Low
C02120,52,46-65,45618.88,737.0,73281.75,1.2,71636.69,5000.0,0,1,15530.9,36,Salaried,3.1767,1.3152,0.3404,Medium
C02121,55,46-65,104006.92,595.0,280841.93,3.7,73201.02,5000.0,0,1,55091.76,48,Self-employed,3.404,0.5769,0.5297,High
C02122,63,46-65,19358.78,694.0,36434.65,1.0,24608.41,5000.0,0,1,10657.46,36,Salaried,3.1532,3.0994,0.5505,Medium
C02123,47,46-65,78654.25,738.0,75517.69,13.5,31491.07,5000.0,2,2,40644.22,24,Salaried,1.3605,0.7628,0.5167,Low
C02124,48,46-65,158392.58,654.0,367329.67,7.3,37793.87,6547.96,1,2,71850.78,36,Business,2.5577,0.4961,0.4536,Medium
C02125,54,46-65,143503.01,568.0,243974.73,6.1,256046.23,5759.58,0,0,20482.6,48,Business,3.4844,0.4816,0.1427,High
C02126,32,31-45,80542.18,602.0,87759.27,12.9,98447.34,5000.0,0,0,36688.62,48,Self-employed,2.3119,0.745,0.4555,Low
C02127,34,31-45,55062.17,721.0,81704.82,5.4,57486.14,5000.0,1,2,44006.74,24,Salaried,2.5279,1.0897,0.7992,Medium
C02128,49,46-65,45818.86,548.0,40177.99,13.1,49276.93,5000.0,0,1,7291.61,36,Salaried,1.9524,1.3095,0.1591,Medium
C02129,23,21-30,55024.47,571.0,181998.61,3.2,84911.75,5000.0,0,1,23652.89,24,Self-employed,4.8508,1.0904,0.4299,High
C02130,35,31-45,87661.36,720.0,171321.56,8.1,155248.69,5000.0,1,1,30205.94,24,Self-employed,3.7254,0.6845,0.3446,High
C02131,53,46-65,41695.92,663.0,28126.73,14.6,0.0,5000.0,0,1,5340.38,12,Salaried,0.6746,1.439,0.1281,Medium
C02132,64,46-65,98590.05,628.0,265004.54,2.2,53864.84,5000.0,0,0,61600.7,36,Salaried,3.2343,0.6086,0.6248,High
C02133,44,31-45,210108.81,643.0,443582.06,4.4,307376.06,14032.05,0,2,27878.85,12,Salaried,3.5741,0.8014,0.1327,Medium
C02134,38,31-45,62824.9,570.0,146413.72,6.0,21372.89,5000.0,0,0,46860.1,12,Salaried,2.6707,0.955,0.7459,Medium
C02135,40,31-45,31030.49,716.0,59666.16,23.0,23383.08,5000.0,0,0,8703.48,36,Self-employed,2.6764,1.9336,0.2805,Low
C02136,51,46-65,31024.51,620.0,9789.39,9.9,14732.64,5000.0,0,1,16520.1,60,Salaried,0.7904,1.934,0.5325,Low
C02137,45,31-45,99633.49,640.0,83735.07,2.7,74189.66,6065.26,0,1,12966.67,60,Business,1.5851,0.7305,0.1301,Low
C02138,22,21-30,62898.79,706.0,148564.6,25.3,54041.19,5000.0,1,2,42709.15,36,Self-employed,3.2211,0.9539,0.679,Medium
C02139,45,31-45,105282.19,661.0,264312.77,21.7,47513.57,5531.4,1,2,29336.65,24,Self-employed,2.9618,0.6305,0.2786,High
C02140,39,31-45,48467.26,627.0,140968.84,9.4,10002.74,5000.0,0,0,9204.59,36,Salaried,3.1149,1.2379,0.1899,High
C02141,52,46-65,102640.26,531.0,18731.46,29.9,83357.41,5000.0,0,1,22733.17,24,Self-employed,0.9946,0.5846,0.2215,Low
C02142,60,46-65,59580.17,708.0,169615.6,5.1,60266.8,5000.0,1,0,42902.58,24,Salaried,3.8584,1.007,0.7201,Medium
C02143,64,46-65,43445.62,686.0,57096.24,6.7,85210.16,5000.0,0,1,26537.62,24,Salaried,3.2755,1.381,0.6108,High
C02144,48,46-65,52135.08,641.0,128925.95,3.8,50346.38,5000.0,1,1,18875.41,36,Salaried,3.4386,1.1509,0.362,High
C02145,37,31-45,33649.81,602.0,31961.45,13.0,22030.01,5000.0,0,5,13828.94,24,Self-employed,1.6045,1.7831,0.411,Low
C02146,40,31-45,194131.36,681.0,500000.0,27.0,164603.03,10294.25,0,2,78228.9,36,Self-employed,3.4235,0.6363,0.403,Low
C02147,28,21-30,61644.08,716.0,197477.0,15.9,98722.73,5000.0,2,3,24326.81,36,Business,4.805,0.9733,0.3946,High
C02148,63,46-65,92653.8,687.0,83909.15,4.1,86842.97,5000.0,0,2,55931.1,60,Self-employed,1.8429,0.6476,0.6037,Medium
C02149,59,46-65,48381.1,803.0,154077.49,5.4,89303.46,5000.0,1,2,8024.34,24,Salaried,5.0305,1.2402,0.1659,Medium
C02150,59,46-65,36445.83,733.0,75832.7,14.7,49540.74,5000.0,0,1,11305.82,36,Self-employed,3.44,1.6463,0.3102,Medium
C02151,35,31-45,57154.21,672.0,68758.05,3.9,54637.37,5000.0,1,3,27338.62,60,Business,2.159,1.0498,0.4783,Medium
C02152,35,31-45,119109.49,735.0,133355.85,8.0,27817.39,6392.96,0,0,43682.21,36,Salaried,1.3532,0.6441,0.3667,Low
C02153,59,46-65,48812.42,684.0,123839.27,2.0,27954.45,5000.0,0,2,34725.31,36,Salaried,3.1097,1.2292,0.7114,Medium
C02154,45,31-45,40269.51,683.0,38039.49,6.6,3080.92,5000.0,0,2,13136.27,48,Self-employed,1.0211,1.49,0.3262,Low
C02155,52,46-65,70802.38,777.0,35412.74,9.4,77569.49,5000.0,0,0,16277.43,48,,1.5957,0.8474,0.2299,Low
C02156,43,31-45,85528.5,613.0,266967.53,9.7,21662.83,5534.53,1,2,35743.63,48,Salaried,3.3747,0.7765,0.4179,High
C02157,40,31-45,160445.41,682.0,332726.31,12.0,267178.96,8699.58,1,0,59888.49,24,Self-employed,3.739,0.6507,0.3733,Medium
C02158,49,46-65,78960.68,769.0,208533.15,20.8,92815.97,5349.21,0,1,18798.56,48,Salaried,3.8164,0.8129,0.2381,Low
C02159,57,46-65,92627.24,703.0,211834.23,16.5,180400.1,5000.0,0,3,52383.46,48,Salaried,4.2345,0.6478,0.5655,Medium
C02160,36,31-45,96543.01,652.0,153128.27,15.7,94031.18,5000.0,0,2,49617.02,36,,2.5601,0.6215,0.5139,Low
C02161,57,46-65,34474.81,552.0,97201.97,14.2,16659.39,5000.0,0,0,5821.6,60,Salaried,3.3027,1.7404,0.1689,High
C02162,31,31-45,38265.73,510.0,15238.0,9.8,32915.46,5000.0,3,0,21148.55,36,Salaried,1.2584,1.568,0.5527,High
C02163,39,31-45,35810.61,836.0,35289.76,8.1,53412.95,5000.0,0,2,22953.22,48,Salaried,2.477,1.6755,0.641,Low
C02164,62,46-65,31240.24,703.0,71899.6,17.1,15716.58,5000.0,1,2,822.49,24,Self-employed,2.8046,1.9206,0.0263,High
C02165,63,46-65,100674.26,636.0,338488.0,14.5,166556.48,5000.0,0,2,55991.16,24,Salaried,5.0166,0.596,0.5562,Medium
C02166,62,46-65,76242.18,706.0,99667.7,4.8,20374.9,5000.0,0,1,34033.36,60,Salaried,1.5745,0.787,0.4464,Low
C02167,35,31-45,67905.03,609.0,240466.08,12.6,75052.74,5000.0,1,2,19041.33,12,Self-employed,4.6465,0.8836,0.2804,High
C02168,58,46-65,18000.0,655.0,51216.9,9.9,20766.26,5000.0,1,1,1805.09,12,Salaried,3.9991,3.3333,0.1003,High
C02169,63,46-65,201320.78,609.0,355694.48,11.4,247860.51,8811.76,0,1,32276.76,60,Salaried,2.998,0.5252,0.1603,Medium
C02170,65,46-65,39747.13,574.0,64155.04,18.7,53056.49,5000.0,0,3,10869.14,12,Salaried,2.9489,1.5095,0.2735,High
C02171,21,21-30,200915.47,522.0,124332.71,5.1,55062.01,7741.31,0,2,78292.39,36,Salaried,0.8929,0.4624,0.3897,Low
C02172,54,46-65,29291.71,560.0,87922.21,4.7,42460.14,5000.0,1,2,9962.52,36,Self-employed,4.4512,2.0484,0.3401,High
C02173,65,46-65,41577.81,757.0,19628.25,10.5,58500.62,5000.0,0,0,26175.52,36,Salaried,1.8791,1.4431,0.6296,Low
C02174,55,46-65,19352.47,606.0,38825.92,5.5,0.0,5000.0,0,4,20464.66,48,Business,2.0063,3.1004,1.0575,Low
C02175,31,31-45,79325.21,720.0,77002.65,2.4,136951.99,5000.0,1,0,37753.13,12,Salaried,2.6972,0.7564,0.4759,Low
C02176,55,46-65,35470.31,752.0,137968.27,3.5,64853.44,5000.0,0,1,11337.04,48,Salaried,5.7181,1.6916,0.3196,Medium
C02177,25,21-30,36025.87,681.0,34585.06,30.0,10810.93,5000.0,0,0,414.5,36,Salaried,1.2601,1.6655,0.0115,Low
C02178,42,31-45,30554.27,658.0,37287.57,9.3,0.0,5000.0,0,1,18844.86,48,Salaried,1.2204,1.9637,0.6168,Low
C02179,49,46-65,99676.76,690.0,141865.43,12.9,157337.93,5000.0,1,1,70279.22,48,Self-employed,3.0017,0.6019,0.7051,Medium
C02180,41,31-45,96129.12,649.0,65206.81,7.5,95600.68,5530.82,0,0,12592.59,36,Salaried,1.6728,0.6904,0.131,Low
C02181,52,46-65,176091.88,770.0,208658.53,17.5,171115.19,12356.28,0,1,54735.16,12,Self-employed,2.1567,0.842,0.3108,Low
C02182,31,31-45,44578.36,821.0,122986.15,1.1,18354.48,5000.0,0,2,1682.31,36,Salaried,3.1706,1.3459,0.0377,Low
C02183,48,46-65,73313.0,789.0,161756.81,22.9,84494.27,5000.0,0,0,15985.8,48,Salaried,3.3589,0.8184,0.218,Low
C02184,50,46-65,31984.55,519.0,59107.51,9.2,2621.21,5000.0,0,2,17404.09,36,Self-employed,1.93,1.8759,0.5441,Medium
C02185,49,46-65,54061.15,647.0,161005.86,5.4,21616.31,5000.0,0,1,21348.17,12,Salaried,3.3781,1.1099,0.3949,Medium
C02186,34,31-45,48863.09,680.0,5000.0,20.8,55151.12,5000.0,1,1,25075.05,60,Salaried,1.231,1.2279,0.5132,Low
C02187,34,31-45,83917.55,715.0,234164.21,12.3,20781.98,5000.0,1,1,13047.73,12,Salaried,3.0381,0.715,0.1555,Medium
C02188,32,31-45,113721.13,550.0,31671.29,8.3,119165.17,7412.06,1,0,5221.81,24,Salaried,1.3264,0.7821,0.0459,High
C02189,41,31-45,112109.26,549.0,351050.4,2.7,137480.63,5871.9,1,0,34081.5,60,Salaried,4.3576,0.6285,0.304,High
C02190,47,46-65,40888.16,778.0,139673.68,8.5,36953.08,5000.0,1,2,23368.25,24,Salaried,4.3198,1.4674,0.5715,Medium
C02191,37,31-45,112566.55,638.0,319584.87,10.0,430.94,5000.0,0,0,6581.84,48,Business,2.8429,0.533,0.0585,Medium
C02192,39,31-45,63442.91,568.0,15126.25,10.9,656.78,5000.0,0,1,4246.31,36,Salaried,0.2488,0.9457,0.0669,Low
C02193,33,31-45,54372.53,597.0,93423.52,4.9,75450.5,5000.0,0,1,5267.47,12,Salaried,3.1059,1.1035,0.0969,Medium
C02194,30,21-30,44022.72,709.0,149327.46,5.0,54663.41,5000.0,0,2,19652.99,36,Business,4.6338,1.3629,0.4464,Medium
C02195,50,46-65,47771.18,618.0,100130.11,3.4,0.0,5000.0,0,1,22197.06,36,Self-employed,2.096,1.256,0.4647,Medium
C02196,57,46-65,169467.28,698.0,237623.47,5.3,224661.01,11387.09,0,1,55376.78,48,Self-employed,2.7279,0.8063,0.3268,Low
C02197,34,31-45,76973.65,607.0,146688.5,13.8,50480.37,5000.0,0,0,31853.17,12,Self-employed,2.5615,0.7795,0.4138,Medium
C02198,59,46-65,71551.95,549.0,40237.48,26.1,30009.12,5000.0,1,0,19423.32,36,Salaried,0.9818,0.8386,0.2715,Low
C02199,46,46-65,56269.44,787.0,102312.09,7.4,65116.16,5000.0,0,0,38490.9,48,Salaried,2.9755,1.0663,0.684,Low
C02200,28,21-30,249554.05,710.0,58863.57,11.1,185336.14,12976.99,0,1,62598.73,48,Salaried,0.9785,0.624,0.2508,Low
C02201,37,31-45,133238.8,655.0,320369.59,3.2,104721.29,7858.68,0,0,0.0,36,Salaried,3.1904,0.7078,0.0,Medium
C02202,21,21-30,43719.89,641.0,64009.61,3.3,65637.08,5000.0,0,2,32238.16,60,Business,2.9654,1.3724,0.7374,Medium
C02203,22,21-30,55918.71,790.0,36741.46,16.9,11726.09,5000.0,0,0,38912.46,60,Salaried,0.8668,1.073,0.6959,Low
C02204,36,31-45,57774.8,724.0,31696.93,0.9,64447.35,5000.0,1,2,24153.59,36,Business,1.6641,1.0385,0.4181,Low
C02205,41,31-45,70429.83,766.0,218769.88,12.4,46804.05,5000.0,0,2,0.0,24,Salaried,3.7708,0.8519,0.0,Medium
C02206,56,46-65,44199.48,636.0,71656.06,12.8,111865.83,5000.0,1,1,12326.83,36,Salaried,4.1521,1.3575,0.2789,High
C02207,27,21-30,82742.75,684.0,201667.02,17.2,47254.13,5352.44,0,1,27715.71,60,Salaried,3.0084,0.7763,0.335,Low
C02208,58,46-65,144464.78,710.0,391532.89,11.5,242943.74,5000.0,0,3,14637.92,24,Salaried,4.3919,0.4153,0.1013,Medium
C02209,31,31-45,31560.04,639.0,75331.96,2.6,33989.1,5000.0,0,1,5621.97,36,Salaried,3.4639,1.9011,0.1781,High
C02210,27,21-30,34949.58,673.0,71781.22,19.7,69173.18,5000.0,0,3,18188.59,12,Business,4.0331,1.7168,0.5204,Medium
C02211,52,46-65,49831.64,636.0,98493.34,6.0,77408.36,5000.0,0,0,0.0,24,Salaried,3.5299,1.2041,0.0,High
C02212,55,46-65,51118.67,710.0,50501.49,18.8,37243.96,5000.0,3,0,17866.29,36,Salaried,1.7165,1.1737,0.3495,Medium
C02213,48,46-65,195106.1,581.0,411002.48,16.2,,12730.63,0,1,48431.39,48,Salaried,3.3172,0.783,0.2482,High
C02214,26,21-30,112767.41,723.0,101398.86,11.2,44748.32,6987.96,0,0,69319.77,60,Self-employed,1.296,0.7436,0.6147,Low
C02215,26,21-30,109263.74,703.0,350398.85,16.3,22901.8,5000.0,0,1,43812.91,36,Self-employed,3.4165,0.5491,0.401,Low
C02216,38,31-45,56203.9,665.0,128267.34,21.4,34646.7,5000.0,0,2,30451.23,36,Salaried,2.8986,1.0675,0.5418,Medium
C02217,41,31-45,55529.53,714.0,50876.14,12.4,76463.33,5000.0,1,3,10525.77,60,Self-employed,2.2932,1.0805,0.1896,High
C02218,65,46-65,29252.04,653.0,71036.91,15.1,0.0,5000.0,0,2,12095.71,24,Salaried,2.4284,2.0511,0.4135,Low
C02219,33,31-45,99917.46,630.0,61713.25,4.4,106168.59,5000.0,0,1,64761.19,48,Salaried,1.6802,0.6005,0.6481,Low
C02220,29,21-30,85154.5,721.0,146393.37,14.4,114257.9,5000.0,0,4,46304.3,12,Self-employed,3.0609,0.7046,0.5438,Low
C02221,63,46-65,131852.76,724.0,415497.51,4.3,85160.51,7632.49,2,1,84503.21,24,Salaried,3.7971,0.6946,0.6409,High
C02222,27,21-30,57883.42,,148582.13,10.5,35415.23,5000.0,0,1,28272.91,24,Business,3.1788,1.0366,0.4884,Medium
C02223,22,21-30,60123.98,636.0,162983.85,5.5,75758.92,5000.0,0,2,11056.49,36,Salaried,3.9708,0.9979,0.1839,High
C02224,40,31-45,71372.48,666.0,124922.01,6.5,18415.68,5000.0,0,2,44676.41,60,Salaried,2.0083,0.8407,0.626,Low
C02225,39,31-45,106158.25,639.0,167389.64,23.1,0.0,5000.0,0,0,33688.8,24,Self-employed,1.5768,0.5652,0.3173,Low
C02226,48,46-65,28955.75,,7659.86,9.0,23671.34,5000.0,1,1,11158.88,48,Salaried,1.082,2.0721,0.3854,Low
C02227,60,46-65,97438.18,704.0,212381.32,10.4,54793.76,5000.0,1,1,51291.57,60,Salaried,2.742,0.6158,0.5264,Low
C02228,62,46-65,64271.4,681.0,152556.79,14.8,,5000.0,0,0,26861.64,36,Salaried,3.0213,0.9335,0.4179,Medium
C02229,34,31-45,36311.58,610.0,9901.85,9.9,36084.77,5000.0,0,2,21851.17,24,Salaried,1.2664,1.6524,0.6018,Medium
C02230,65,46-65,20652.87,735.0,5000.0,14.2,39342.62,5000.0,0,0,11869.21,36,,2.147,2.9052,0.5747,Low
C02231,49,46-65,60299.68,634.0,5000.0,15.1,56173.08,5000.0,0,1,1191.01,24,Salaried,1.0145,0.995,0.0198,Low
C02232,24,21-30,144117.57,631.0,143376.9,6.1,264340.86,7265.13,0,1,26998.03,36,Salaried,2.8291,0.6049,0.1873,Low
C02233,63,46-65,163279.56,738.0,13135.88,3.8,199902.75,6856.01,1,1,41153.99,48,Salaried,1.3047,0.5039,0.252,Low
C02234,27,21-30,79031.32,709.0,115201.7,9.8,0.0,5000.0,0,0,50535.66,60,Salaried,1.4577,0.7592,0.6394,Low
C02235,47,46-65,191232.58,492.0,331434.29,6.5,84471.34,10491.28,0,1,109660.23,36,Self-employed,2.1749,0.6583,0.5734,Medium
C02236,56,46-65,63482.84,668.0,98256.65,16.0,39006.67,5000.0,0,1,9066.09,36,Business,2.1622,0.9451,0.1428,High
C02237,32,31-45,109804.8,689.0,97084.33,6.7,135442.14,5000.0,0,0,75201.84,36,Self-employed,2.1176,0.5464,0.6849,Low
C02238,33,31-45,50714.42,655.0,89178.1,21.3,51012.78,5000.0,0,0,29878.47,36,Salaried,2.7643,1.1831,0.5892,Low
C02239,42,31-45,48977.35,692.0,116218.65,21.8,18345.96,5000.0,1,2,24618.55,12,Self-employed,2.7475,1.2251,0.5027,Medium
C02240,60,46-65,44779.8,544.0,33545.12,20.1,55640.99,5000.0,0,3,10728.52,48,Salaried,1.9917,1.3399,0.2396,Medium
C02241,31,31-45,20928.18,468.0,24875.52,13.5,18782.49,5000.0,0,2,9405.19,36,Salaried,2.0861,2.8669,0.4494,High
C02242,50,46-65,131932.18,607.0,253836.06,5.6,158657.26,5000.0,0,1,78672.79,36,Self-employed,3.1266,0.4548,0.5963,Medium
C02243,41,31-45,45672.18,701.0,30248.96,7.3,22758.06,5000.0,0,1,2852.16,36,Salaried,1.1606,1.3137,0.0624,Low
C02244,26,21-30,41829.25,438.0,73192.22,13.3,19981.22,5000.0,0,0,27305.35,36,Salaried,2.2275,1.4344,0.6528,High
C02245,52,46-65,33967.45,617.0,64865.89,8.4,26467.78,5000.0,0,3,301.14,36,Self-employed,2.6889,1.7664,0.0089,High
C02246,58,46-65,58089.77,536.0,83303.92,8.0,101805.06,5000.0,0,2,25524.65,24,Salaried,3.1866,1.0329,0.4394,High
C02247,46,46-65,171452.81,662.0,498016.44,20.8,219747.0,5968.49,0,0,87697.2,24,Self-employed,4.1864,0.4177,0.5115,Low
C02248,28,21-30,205606.81,827.0,500000.0,3.1,131588.69,11851.54,0,1,93165.51,60,Business,3.0718,0.6917,0.4531,Low
C02249,28,21-30,26073.27,664.0,26562.44,13.8,23443.49,5000.0,0,1,10962.12,12,Self-employed,1.9179,2.3012,0.4204,Low
C02250,40,31-45,53487.12,672.0,98565.49,12.7,34566.03,5000.0,0,1,44998.97,60,Salaried,2.489,1.1218,0.8413,Low
C02251,43,31-45,36799.73,743.0,131998.3,10.3,17120.7,5000.0,1,1,25154.63,36,Self-employed,4.0522,1.6304,0.6836,Medium
C02252,45,31-45,111941.12,682.0,185677.03,4.2,117413.46,6495.02,0,1,11780.9,36,Self-employed,2.7076,0.6963,0.1052,Low
C02253,31,31-45,76097.37,664.0,266828.81,7.4,21204.8,5000.0,0,2,32506.62,36,Salaried,3.7851,0.7885,0.4272,Medium
C02254,43,31-45,45799.54,,127273.92,10.1,53673.39,5000.0,1,1,15306.16,48,Salaried,3.9509,1.3101,0.3342,Medium
C02255,34,31-45,67646.96,715.0,66809.33,3.8,9972.2,5000.0,0,0,30334.88,24,Salaried,1.135,0.887,0.4484,Low
C02256,51,46-65,49989.2,702.0,66835.77,18.3,82229.2,5000.0,1,0,20376.28,48,Salaried,2.9819,1.2003,0.4076,Low
C02257,56,46-65,157941.17,670.0,127740.11,9.4,10396.71,8178.09,0,4,43266.47,48,Salaried,0.8746,0.6214,0.2739,Low
C02258,50,46-65,87813.48,654.0,246544.98,8.9,45725.49,5000.0,0,1,9948.1,36,Salaried,3.3283,0.6833,0.1133,Medium
C02259,21,21-30,93952.58,749.0,108446.8,14.4,66253.64,5000.0,0,2,32813.74,36,Self-employed,1.8595,0.6386,0.3493,Low
C02260,65,46-65,18000.0,655.0,40047.58,23.5,9729.67,5000.0,0,1,4933.46,12,Business,2.7654,3.3333,0.2741,Medium
C02261,22,21-30,62655.63,772.0,116657.63,7.3,99974.97,5000.0,0,1,34800.58,36,Business,3.4575,0.9576,0.5554,Low
C02262,65,46-65,204415.22,601.0,500000.0,3.5,89615.81,5492.82,0,0,15490.31,36,Business,2.8844,0.3225,0.0758,Medium
C02263,22,21-30,134795.42,788.0,364330.51,25.3,36437.3,5462.13,2,2,91006.4,36,Salaried,2.9732,0.4863,0.6751,Low
C02264,44,31-45,23534.98,715.0,28170.77,10.9,26419.53,5000.0,0,2,5711.73,60,Self-employed,2.3195,2.5494,0.2427,Low
C02265,25,21-30,54707.62,607.0,85730.77,31.4,25034.47,5000.0,0,3,25431.62,60,Salaried,2.0247,1.0967,0.4649,Low
C02266,25,21-30,33567.27,718.0,71412.15,21.5,0.0,5000.0,0,1,17857.36,36,Salaried,2.1274,1.7875,0.532,Low
C02267,51,46-65,166582.91,631.0,449389.21,5.1,57201.81,10859.61,0,0,104466.08,36,Self-employed,3.0411,0.7823,0.6271,Medium
C02268,53,46-65,74346.78,683.0,170343.44,8.2,38809.63,5000.0,0,1,25448.28,36,Salaried,2.8132,0.807,0.3423,High
C02269,26,21-30,42610.46,644.0,95457.89,0.9,38332.43,5000.0,0,3,7309.78,48,Salaried,3.1398,1.4081,0.1715,Medium
C02270,64,46-65,66232.69,670.0,205490.56,5.6,52831.45,5000.0,0,2,29104.96,60,Salaried,3.9002,0.9059,0.4394,Medium
C02271,35,31-45,18000.0,751.0,34463.53,3.1,18787.0,5000.0,0,1,3762.3,24,Business,2.9584,3.3333,0.209,Medium
C02272,35,31-45,35789.64,719.0,8985.96,6.0,8680.08,5000.0,0,2,8331.33,60,Salaried,0.4936,1.6765,0.2328,Low
C02273,34,31-45,66316.01,596.0,216867.43,2.2,27601.87,5000.0,0,0,10512.53,36,Salaried,3.6864,0.9048,0.1585,High
C02274,41,31-45,103493.49,600.0,205631.56,4.8,157019.22,5000.0,0,2,69499.64,12,Business,3.5041,0.5797,0.6715,High
C02275,29,21-30,22346.38,700.0,75243.78,5.8,23176.91,5000.0,0,2,11264.33,12,Salaried,4.4043,2.685,0.5041,Medium
C02276,40,31-45,52707.19,706.0,58569.9,8.9,77178.09,5000.0,0,1,22246.45,48,Business,2.5755,1.1384,0.4221,Low
C02277,30,21-30,113263.21,629.0,243738.3,2.6,195437.59,6699.13,0,0,62193.41,36,Salaried,3.8775,0.7098,0.5491,Medium
C02278,23,21-30,29256.1,799.0,54583.86,18.8,47159.54,5000.0,1,1,16452.8,36,Salaried,3.4777,2.0509,0.5624,Medium
C02279,37,31-45,73732.07,741.0,117500.31,5.6,123970.53,5000.0,0,0,14599.29,48,Salaried,3.275,0.8138,0.198,Low
C02280,51,46-65,67401.9,633.0,52874.72,11.3,31820.04,5000.0,1,0,26912.19,48,Salaried,1.2566,0.8902,0.3993,Low
C02281,55,46-65,166883.58,626.0,439997.15,5.5,77103.94,11729.71,0,2,48238.68,60,Salaried,3.0986,0.8434,0.2891,High
C02282,36,31-45,57272.03,663.0,63427.27,9.3,53445.72,5000.0,0,4,28843.63,36,Salaried,2.0407,1.0476,0.5036,Low
C02283,35,31-45,59145.88,655.0,82681.77,8.7,34621.55,5000.0,0,0,21320.32,48,Salaried,1.9833,1.0144,0.3605,Low
C02284,56,46-65,104023.32,774.0,132332.72,19.3,110035.41,6171.15,0,0,0.0,36,Salaried,2.3299,0.7119,0.0,Low
C02285,51,46-65,31340.01,754.0,42393.11,7.7,46234.15,5000.0,0,1,13463.12,48,Business,2.8279,1.9145,0.4296,Low
C02286,58,46-65,57564.24,683.0,114960.06,8.0,89552.4,5000.0,1,4,27462.05,60,Salaried,3.5528,1.0423,0.4771,High
C02287,61,46-65,50589.22,731.0,123540.74,4.0,61573.91,5000.0,0,0,10159.69,12,Salaried,3.6592,1.186,0.2008,Medium
C02288,57,46-65,60218.87,742.0,129240.96,2.1,88501.37,5000.0,0,1,7344.19,36,Salaried,3.6158,0.9964,0.122,Medium
C02289,63,46-65,103649.06,684.0,169970.29,10.8,113818.04,5044.43,0,1,56521.65,24,Self-employed,2.738,0.584,0.5453,Low
C02290,39,31-45,88162.0,710.0,153904.73,11.0,72142.71,5000.0,0,2,56934.4,36,Business,2.564,0.6806,0.6458,Low
C02291,38,31-45,43060.75,725.0,35237.74,10.2,25357.92,5000.0,0,3,0.0,48,Salaried,1.4072,1.3934,0.0,Low
C02292,35,31-45,70075.4,717.0,111745.52,16.3,70611.83,5000.0,0,0,9692.51,60,,2.6023,0.8562,0.1383,Low
C02293,31,31-45,147544.55,622.0,464213.45,8.8,90393.78,5000.0,1,1,15973.03,48,Self-employed,3.7589,0.4067,0.1083,High
C02294,54,46-65,41146.39,629.0,83009.5,6.7,65163.11,5000.0,0,0,8821.75,48,Self-employed,3.6011,1.4582,0.2144,High
C02295,53,46-65,70402.52,658.0,236174.89,10.0,14329.79,5000.0,0,1,8589.91,24,Salaried,3.5582,0.8522,0.122,High
C02296,57,46-65,58448.67,627.0,39570.38,7.9,77112.54,5000.0,0,1,0.0,48,Salaried,1.9963,1.0265,0.0,Medium
C02297,28,21-30,62786.15,570.0,173066.78,2.9,54138.29,5000.0,0,3,15283.34,36,Self-employed,3.6187,0.9556,0.2434,High
C02298,43,31-45,26510.09,731.0,79566.45,17.4,16395.59,5000.0,0,1,6003.4,36,Salaried,3.6198,2.2633,0.2265,Low
C02299,30,21-30,141218.29,706.0,348830.59,5.5,206742.32,5000.0,0,1,47701.97,48,Salaried,3.9341,0.4249,0.3378,Low
C02300,61,46-65,42457.08,580.0,106623.96,8.2,61302.28,5000.0,1,2,11415.62,36,Salaried,3.9552,1.4132,0.2689,High
C02301,33,31-45,114288.6,662.0,42253.81,5.9,145808.96,6767.4,0,1,20956.54,48,Business,1.6455,0.7106,0.1834,Low
C02302,27,21-30,46183.85,666.0,129357.25,19.2,5440.78,5000.0,0,1,9040.22,60,Salaried,2.9187,1.2992,0.1957,Low
C02303,46,46-65,46079.11,694.0,76043.05,6.1,38856.79,5000.0,0,0,27787.06,36,Salaried,2.4935,1.3021,0.603,Low
C02304,60,46-65,126672.51,599.0,254107.22,21.1,188307.97,5000.0,1,1,20901.74,24,Self-employed,3.4926,0.4737,0.165,High
C02305,62,46-65,112283.15,578.0,34740.93,5.1,96894.71,6654.84,0,2,13465.1,48,Salaried,1.1724,0.7112,0.1199,Low
C02306,25,21-30,72904.73,719.0,57277.02,13.9,53536.08,5000.0,1,2,9385.63,36,Business,1.52,0.823,0.1287,Low
C02307,35,31-45,98792.34,565.0,317389.34,8.0,76125.13,5000.0,0,1,59923.5,48,Business,3.9832,0.6073,0.6066,High
C02308,27,21-30,55461.18,663.0,76631.42,2.5,41928.71,5000.0,0,0,20563.52,60,Salaried,2.1377,1.0818,0.3708,Low
C02309,34,31-45,64701.54,656.0,112567.37,20.6,95030.18,5000.0,0,1,15837.33,60,Salaried,3.2085,0.9273,0.2448,Medium
C02310,45,31-45,45172.74,671.0,35652.05,4.8,18270.6,5000.0,0,0,11235.37,24,Self-employed,1.1937,1.3282,0.2487,Low
C02311,33,31-45,106871.05,699.0,259678.98,6.8,128910.5,6442.38,0,3,44260.5,36,Salaried,3.6361,0.7234,0.4141,Medium
C02312,24,21-30,44389.81,800.0,118450.92,10.7,0.0,5000.0,0,1,2623.02,36,Self-employed,2.6684,1.3517,0.0591,Low
C02313,43,31-45,147116.27,560.0,490123.37,3.6,48958.38,10388.46,0,1,89455.42,60,Self-employed,3.6643,0.8474,0.6081,High
C02314,23,21-30,54635.21,746.0,113052.96,5.4,62432.4,5000.0,0,5,22837.84,24,Salaried,3.2119,1.0982,0.418,Medium
C02315,31,31-45,65737.33,492.0,65635.77,7.6,6957.26,5000.0,1,2,22969.43,12,Business,1.1043,0.9127,0.3494,High
C02316,21,21-30,98660.8,785.0,57474.46,2.3,33971.97,6380.05,0,0,50261.04,48,Self-employed,0.9269,0.776,0.5094,Low
C02317,24,21-30,65858.78,527.0,62710.87,10.0,72650.51,5000.0,0,2,5798.02,60,Self-employed,2.0553,0.911,0.088,Medium
C02318,40,31-45,55176.53,850.0,116027.74,3.2,46051.01,5000.0,0,0,19463.77,24,Self-employed,2.9375,1.0874,0.3528,Low
C02319,59,46-65,63935.48,651.0,205667.16,13.7,82769.8,5000.0,0,1,37898.95,12,Salaried,4.5114,0.9384,0.5928,High
C02320,55,46-65,106270.46,777.0,56808.15,17.6,115078.7,6384.76,1,3,64088.66,48,Self-employed,1.6174,0.721,0.6031,Low
C02321,25,21-30,45142.25,761.0,80537.12,14.2,1155.17,5000.0,0,2,23412.4,60,Salaried,1.8097,1.3291,0.5186,Low
C02322,22,21-30,60640.13,647.0,148372.54,15.5,0.0,5000.0,0,2,15276.37,36,Salaried,2.4468,0.9894,0.2519,Medium
C02323,36,31-45,65368.79,653.0,125789.27,7.3,71381.86,5000.0,0,2,23386.1,36,Salaried,3.0163,0.9179,0.3578,Medium
C02324,50,46-65,104575.48,617.0,243924.61,3.0,49555.15,5000.0,0,1,50552.94,36,Salaried,2.8064,0.5737,0.4834,Medium
C02325,54,46-65,61526.77,739.0,101676.88,17.1,27039.0,5000.0,1,1,11398.08,48,Self-employed,2.092,0.9752,0.1853,Low
C02326,58,46-65,175730.54,648.0,173258.68,5.5,336737.05,8423.78,0,3,33213.62,48,Business,2.9021,0.5752,0.189,Medium
C02327,36,31-45,59637.89,619.0,100504.36,8.5,65738.18,5000.0,0,2,22513.92,12,Salaried,2.7875,1.0061,0.3775,Low
C02328,28,21-30,57034.78,720.0,86511.35,4.3,27365.57,5000.0,0,0,7673.6,36,Business,1.9966,1.052,0.1345,Low
C02329,22,21-30,59164.38,613.0,143406.21,3.9,0.0,5000.0,0,2,12031.55,24,Business,2.4239,1.0141,0.2034,Medium
C02330,27,21-30,31507.78,655.0,25758.69,10.5,55671.86,5000.0,2,2,6374.07,36,Salaried,2.5845,1.9043,0.2023,High
C02331,23,21-30,36751.81,688.0,48834.57,9.2,47904.99,5000.0,0,1,3017.1,36,,2.6322,1.6326,0.0821,Low
C02332,59,46-65,48546.42,632.0,180046.61,2.4,15308.48,5000.0,0,1,15241.85,36,Self-employed,4.0241,1.2359,0.314,Medium
C02333,33,31-45,121400.34,643.0,230571.83,5.7,135442.79,5000.0,0,0,33856.61,24,Salaried,3.0149,0.4942,0.2789,Medium
C02334,58,46-65,,795.0,68996.27,25.6,92431.2,5000.0,0,2,964.24,36,Salaried,2.5292,0.94,0.0151,Low
C02335,45,31-45,49790.94,665.0,165454.98,12.6,18264.77,5000.0,0,0,0.0,48,Business,3.6898,1.205,0.0,Medium
C02336,45,31-45,127610.34,653.0,127542.5,5.2,179370.23,5000.0,0,2,25180.16,36,Self-employed,2.4051,0.4702,0.1973,Low
C02337,41,31-45,152556.45,667.0,395464.83,6.7,242735.93,9337.25,0,3,31467.66,36,Salaried,4.1834,0.7345,0.2063,High
C02338,57,46-65,129651.18,714.0,59414.96,9.1,120626.03,5000.0,0,2,67755.57,48,Salaried,1.3887,0.4628,0.5226,Low
C02339,22,21-30,40657.68,602.0,114777.48,6.7,66670.55,5000.0,0,1,4719.15,60,Self-employed,4.4628,1.4757,0.1161,High
C02340,25,21-30,49501.38,712.0,37623.3,19.8,28319.66,5000.0,0,2,15487.92,36,Salaried,1.3321,1.2121,0.3129,Low
C02341,40,31-45,176256.82,699.0,272447.42,12.1,237588.55,7936.22,1,1,55761.27,48,Self-employed,2.8937,0.5403,0.3164,Medium
C02342,38,31-45,74218.55,546.0,255549.58,14.3,67407.63,5000.0,0,1,30938.24,12,Salaried,4.3514,0.8084,0.4169,High
C02343,45,31-45,56103.17,815.0,108306.78,15.2,48541.26,5000.0,1,1,15608.81,60,Salaried,2.7957,1.0695,0.2782,Low
C02344,54,46-65,96493.79,790.0,100685.2,12.1,116382.4,6588.38,0,2,11369.08,12,Self-employed,2.2495,0.8193,0.1178,Low
C02345,47,46-65,113114.63,620.0,16398.51,13.2,143255.92,6613.14,0,2,14437.5,60,Salaried,1.4114,0.7016,0.1276,Low
C02346,32,31-45,47469.62,596.0,5000.0,19.3,,5000.0,0,2,9950.14,36,Salaried,0.6462,1.264,0.2096,Low
C02347,35,31-45,73338.03,697.0,78307.9,13.6,52368.31,5000.0,0,2,23536.27,36,Salaried,1.7818,0.8181,0.3209,Low
C02348,54,46-65,108201.51,573.0,214839.06,3.6,89579.97,5300.92,2,2,27157.66,60,Self-employed,2.8134,0.5879,0.251,High
C02349,30,21-30,34337.2,782.0,53728.18,23.6,90700.06,5000.0,0,1,17136.66,48,Salaried,4.2062,1.7474,0.4991,Low
C02350,43,31-45,65442.85,645.0,208464.9,1.9,103892.29,5000.0,0,3,31668.85,48,Salaried,4.773,0.9168,0.4839,High
C02351,45,31-45,35215.03,802.0,105243.91,11.8,36494.72,5000.0,0,2,10679.04,48,Self-employed,4.0249,1.7038,0.3033,Low
C02352,54,46-65,37841.94,618.0,127595.11,9.7,31298.86,5000.0,0,3,13661.87,48,Salaried,4.1989,1.5855,0.361,High
C02353,53,46-65,47688.12,672.0,101703.56,6.3,76545.09,5000.0,0,2,11453.32,36,,3.7378,1.2582,0.2402,Medium
C02354,41,31-45,84504.35,775.0,153480.75,15.2,151513.07,5787.02,0,1,54075.75,48,Salaried,3.6092,0.8218,0.6399,Low
C02355,34,31-45,54449.56,656.0,97819.95,8.0,79583.02,5000.0,1,2,27866.54,24,Business,3.2581,1.1019,0.5118,High
C02356,37,31-45,45502.05,700.0,66435.2,12.2,55291.06,5000.0,0,0,21415.2,24,Salaried,2.6752,1.3186,0.4706,Low
C02357,39,31-45,66869.45,762.0,52175.3,3.3,6748.8,5000.0,0,2,24921.88,36,Business,0.8812,0.8973,0.3727,Low
C02358,30,21-30,34589.76,638.0,90149.91,17.0,10000.36,5000.0,0,3,7698.66,60,Salaried,2.8954,1.7346,0.2226,High
C02359,49,46-65,82288.31,585.0,192050.62,16.0,43091.18,5000.0,0,0,12708.23,36,Self-employed,2.8575,0.7291,0.1544,High
C02360,30,21-30,121104.04,571.0,147276.93,8.9,102041.17,5147.49,0,1,18507.97,36,Salaried,2.0587,0.5101,0.1528,Medium
C02361,50,46-65,62229.24,724.0,99424.52,4.5,62302.47,5000.0,1,1,21979.07,48,Self-employed,2.5989,0.9642,0.3532,Medium
C02362,54,46-65,58144.44,709.0,46566.39,17.7,53746.31,5000.0,0,2,19117.25,48,Salaried,1.7252,1.0319,0.3288,Low
C02363,64,46-65,79820.43,760.0,162338.93,2.0,151306.63,5000.0,1,2,37208.59,24,Salaried,3.9294,0.7517,0.4662,Medium
C02364,26,21-30,21300.47,659.0,53232.74,9.2,5088.94,5000.0,1,1,7132.19,24,Salaried,2.738,2.8168,0.3348,High
C02365,55,46-65,87325.01,573.0,251986.29,7.2,115027.0,5000.0,0,0,37796.09,36,Salaried,4.2028,0.6871,0.4328,High
C02366,24,21-30,350000.0,504.0,500000.0,11.6,350000.0,20665.72,1,0,209217.35,60,Self-employed,2.4286,0.7085,0.5978,High
C02367,36,31-45,60759.01,850.0,92734.86,7.1,33525.91,5000.0,0,2,51117.68,48,Business,2.0781,0.9875,0.8413,Low
C02368,28,21-30,60877.8,720.0,157630.8,15.5,19781.55,5000.0,0,0,0.0,48,Salaried,2.9142,0.9856,0.0,Low
C02369,28,21-30,97843.68,690.0,291165.23,3.6,170748.85,5000.0,2,0,31803.41,36,Salaried,4.7209,0.6132,0.325,High
C02370,28,21-30,160664.8,701.0,471684.46,17.8,52860.12,6283.36,0,0,28620.98,48,Self-employed,3.2648,0.4693,0.1781,Low
C02371,22,21-30,111120.99,573.0,186493.99,8.1,142309.33,5000.0,0,1,21617.37,48,Salaried,2.959,0.54,0.1945,Medium
C02372,58,46-65,19861.9,620.0,34975.03,6.1,29631.17,5000.0,0,0,4197.04,48,Self-employed,3.2528,3.0209,0.2113,High
C02373,23,21-30,88611.06,811.0,227256.1,11.4,57417.68,5000.0,0,0,5367.88,60,Self-employed,3.2126,0.6771,0.0606,Low
C02374,38,31-45,267454.34,,500000.0,15.0,350000.0,11227.59,0,0,177089.59,60,Self-employed,3.1781,0.5038,0.6621,Medium
C02375,52,46-65,91535.77,623.0,325508.74,7.6,42347.42,5000.0,0,1,52898.02,48,Salaried,4.0187,0.6555,0.5779,Medium
C02376,65,46-65,34444.74,588.0,58183.26,8.1,41911.15,5000.0,0,0,1874.46,36,Salaried,2.9059,1.7419,0.0544,Medium
C02377,59,46-65,75898.25,641.0,160348.84,4.9,0.0,5000.0,0,1,19702.75,60,Salaried,2.1127,0.7905,0.2596,Low
C02378,27,21-30,32137.04,656.0,24327.62,1.9,0.0,5000.0,0,2,11591.27,36,Salaried,0.757,1.867,0.3607,Low
C02379,65,46-65,128051.09,834.0,58509.16,5.8,71819.31,8144.85,0,0,46844.61,36,Salaried,1.0178,0.7633,0.3658,Low
C02380,50,46-65,38422.83,666.0,42347.96,9.0,49132.93,5000.0,0,1,18149.34,24,Salaried,2.3809,1.5616,0.4724,Low
C02381,29,21-30,67709.15,591.0,5000.0,6.9,38392.18,5000.0,0,0,31908.6,48,Business,0.6409,0.8861,0.4713,Low
C02382,41,31-45,40552.94,676.0,75606.93,6.9,24478.5,5000.0,0,2,21838.94,36,Salaried,2.468,1.4795,0.5385,Medium
C02383,62,46-65,48126.88,700.0,75616.7,3.6,31822.41,5000.0,0,0,25062.03,36,Salaried,2.2324,1.2467,0.5207,Low
C02384,38,31-45,147196.75,584.0,366528.76,4.1,220341.16,5000.0,0,1,51637.31,24,Salaried,3.987,0.4076,0.3508,Medium
C02385,29,21-30,68805.85,710.0,148022.15,3.5,29641.69,5000.0,1,1,28439.31,36,Business,2.5821,0.872,0.4133,Medium
C02386,60,46-65,47790.45,771.0,38428.34,9.2,75187.97,5000.0,0,1,27817.58,36,Salaried,2.3774,1.2555,0.5821,Low
C02387,63,46-65,34622.78,690.0,94071.86,11.7,54743.65,5000.0,0,2,27316.25,48,Business,4.2982,1.733,0.789,Low
C02388,64,46-65,23218.55,620.0,26583.73,9.4,33771.66,5000.0,0,0,475.52,60,Business,2.5994,2.5841,0.0205,High
C02389,64,46-65,32661.04,640.0,14464.89,12.1,24132.15,5000.0,0,3,2941.56,36,Self-employed,1.1817,1.8371,0.0901,Low
C02390,60,46-65,69128.35,556.0,236181.49,4.0,101170.17,5000.0,0,1,22053.41,36,Salaried,4.8801,0.868,0.319,High
C02391,41,31-45,111443.29,670.0,25845.78,8.7,49417.58,5000.0,0,3,29741.38,48,Salaried,0.6754,0.5384,0.2669,Low
C02392,29,21-30,47760.26,,64563.96,6.2,57759.16,5000.0,1,2,0.0,36,Salaried,2.5612,1.2563,0.0,High
C02393,48,46-65,154190.1,613.0,344788.86,7.8,278462.13,5000.0,0,2,3678.08,36,Business,4.0421,0.3891,0.0239,Medium
C02394,30,21-30,43805.62,825.0,72043.82,2.5,53624.41,5000.0,0,0,30506.97,48,Salaried,2.8688,1.3697,0.6964,Low
C02395,42,31-45,57024.49,739.0,66072.79,3.5,31308.69,5000.0,0,2,3751.6,12,Salaried,1.7077,1.0522,0.0658,Low
C02396,50,46-65,35895.79,546.0,87249.91,9.0,0.0,5000.0,1,1,23413.5,48,Business,2.4306,1.6715,0.6523,High
C02397,63,46-65,112090.46,547.0,242561.77,4.9,84897.3,6900.89,2,3,58646.86,60,Salaried,2.9214,0.7388,0.5232,High
C02398,34,31-45,206029.24,606.0,393384.24,5.1,76646.56,5381.67,0,1,78138.91,24,Self-employed,2.2814,0.3135,0.3793,Low
C02399,32,31-45,24665.07,798.0,83509.6,7.3,28705.4,5000.0,0,0,18631.78,48,Salaried,4.5496,2.4326,0.7554,Low
C02400,54,46-65,53731.43,747.0,42410.06,11.8,29517.9,5000.0,0,1,26854.1,36,Self-employed,1.3387,1.1167,0.4998,Low
C02401,21,21-30,130323.03,802.0,225418.09,14.7,147293.38,9043.67,0,1,52500.47,24,Business,2.8599,0.8327,0.4028,Low
C02402,46,46-65,29328.72,681.0,20708.05,2.0,48277.05,5000.0,0,0,0.0,24,Salaried,2.3521,2.0458,0.0,Medium
C02403,54,46-65,88771.3,664.0,22811.39,5.9,0.0,5849.36,0,1,2611.41,24,Self-employed,0.257,0.7907,0.0294,Low
C02404,45,31-45,127255.51,586.0,433262.26,9.7,153582.52,5000.0,0,0,63717.8,12,Salaried,4.6115,0.4715,0.5007,Medium
C02405,38,31-45,67857.72,706.0,182239.43,11.5,99443.13,5000.0,0,1,37806.17,36,Salaried,4.1511,0.8842,0.5571,Low
C02406,58,46-65,87973.18,665.0,66238.05,13.9,74736.22,5000.0,0,1,40418.82,36,Salaried,1.6025,0.682,0.4594,Low
C02407,37,31-45,171208.75,662.0,254742.91,10.7,192192.6,7722.26,0,1,80073.36,36,Self-employed,2.6105,0.5413,0.4677,Low
C02408,52,46-65,,801.0,188418.39,5.3,41661.93,11761.73,1,0,77729.14,60,Salaried,1.2122,0.7436,0.4095,Low
C02409,41,31-45,62822.0,671.0,155352.15,9.6,45513.94,5000.0,0,1,22817.66,24,Salaried,3.1974,0.9551,0.3632,Low
C02410,22,21-30,48500.76,780.0,53685.57,8.8,82939.41,5000.0,0,1,6799.03,48,Self-employed,2.817,1.2371,0.1402,Low
C02411,44,31-45,39189.08,561.0,123243.23,3.3,71074.02,5000.0,0,4,15351.3,60,Self-employed,4.9585,1.531,0.3917,High
C02412,23,21-30,111243.06,850.0,71705.04,4.8,6052.99,5320.22,0,1,5678.14,48,Self-employed,0.699,0.5739,0.051,Low
C02413,62,46-65,30566.69,652.0,39818.04,10.3,22831.74,5000.0,0,1,18481.34,36,Business,2.0496,1.9629,0.6046,Low
C02414,48,46-65,56569.59,733.0,201548.67,14.0,96309.88,5000.0,0,0,16010.43,36,Self-employed,5.2653,1.0606,0.283,Low
C02415,37,31-45,68776.81,745.0,202282.99,5.7,92814.46,5000.0,1,1,35985.49,36,Salaried,4.2907,0.8724,0.5232,Medium
C02416,42,31-45,49290.72,643.0,41242.54,25.6,26939.57,5000.0,0,2,8587.97,48,Salaried,1.3833,1.2173,0.1742,Low
C02417,48,46-65,75814.41,741.0,127528.51,0.8,82571.55,5000.0,0,0,25917.77,24,Salaried,2.7712,0.7914,0.3419,Low
C02418,32,31-45,266365.55,745.0,500000.0,8.3,109093.67,11631.54,0,0,156354.0,36,Business,2.2867,0.524,0.587,Low
C02419,33,31-45,60795.03,627.0,162749.31,9.0,115142.35,5000.0,0,0,37109.3,36,Business,4.571,0.9869,0.6104,High
C02420,39,31-45,51157.76,627.0,121371.82,15.7,29169.93,5000.0,0,2,32371.16,36,Business,2.9427,1.1728,0.6328,Low
C02421,32,31-45,113615.48,683.0,255599.65,5.2,35886.2,5000.0,0,0,59671.69,48,Salaried,2.5655,0.5281,0.5252,Low
C02422,55,46-65,74155.06,671.0,239690.63,5.8,6277.22,5000.0,0,0,20991.6,36,Salaried,3.3169,0.8091,0.2831,Medium
C02423,25,21-30,143455.08,784.0,287953.08,5.9,2467.81,9391.62,0,0,9303.72,48,Business,2.0245,0.7856,0.0649,Low
C02424,58,46-65,71162.46,733.0,50900.64,15.2,77263.0,5000.0,1,0,19423.09,12,Salaried,1.801,0.8431,0.2729,Low
C02425,36,31-45,56698.88,675.0,99699.3,16.9,68991.04,5000.0,0,2,11571.52,36,Salaried,2.9752,1.0582,0.2041,Medium
C02426,46,46-65,24369.65,725.0,65566.27,6.6,20022.32,5000.0,0,0,1646.07,48,Self-employed,3.5121,2.4621,0.0675,Medium
C02427,28,21-30,26669.84,527.0,32511.07,4.3,22131.89,5000.0,0,0,19962.99,24,Salaried,2.0489,2.2497,0.7485,High
C02428,38,31-45,23682.89,634.0,38385.44,4.4,13947.57,5000.0,0,2,1094.41,48,Business,2.2097,2.5335,0.0462,Medium
C02429,54,46-65,80079.81,702.0,199304.17,2.9,107548.28,5000.0,0,0,38554.31,48,Salaried,3.8318,0.7493,0.4814,Low
C02430,33,31-45,30727.26,764.0,31018.67,18.1,41874.75,5000.0,0,0,17356.86,48,Salaried,2.3723,1.9527,0.5649,Low
C02431,26,21-30,129665.08,695.0,424371.2,8.4,168958.96,5216.35,1,2,6169.31,60,Business,4.5759,0.4828,0.0476,Medium
C02432,44,31-45,66090.36,789.0,78181.42,14.7,28596.8,5000.0,0,3,41165.12,60,Self-employed,1.6156,0.9078,0.6229,Low
C02433,28,21-30,56831.14,745.0,152606.43,7.1,78172.25,5000.0,0,3,48127.13,60,Business,4.0608,1.0558,0.8468,Low
C02434,35,31-45,40864.72,643.0,74606.16,28.0,0.0,5000.0,1,1,8310.31,12,Salaried,1.8257,1.4683,0.2034,Medium
C02435,41,31-45,91526.59,669.0,41524.95,13.2,128584.28,5000.0,0,2,33022.26,60,Self-employed,1.8586,0.6555,0.3608,Low
C02436,46,46-65,41758.94,711.0,70161.67,10.4,47881.14,5000.0,0,0,7427.87,60,Self-employed,2.8268,1.4368,0.1779,Low
C02437,49,46-65,37804.55,646.0,10075.85,11.8,14553.9,5000.0,0,3,14086.92,36,Salaried,0.6515,1.5871,0.3726,Low
C02438,51,46-65,124958.26,795.0,354334.67,4.1,4830.41,7741.81,0,1,63065.91,48,Business,2.8743,0.7435,0.5047,Low
C02439,58,46-65,78998.5,597.0,208962.82,6.0,144953.55,5000.0,2,0,21740.35,48,Self-employed,4.48,0.7595,0.2752,High
C02440,23,21-30,57121.24,704.0,18044.22,14.6,76954.76,5000.0,1,1,12357.35,48,Salaried,1.6631,1.0504,0.2163,Low
C02441,37,31-45,92496.93,735.0,171983.1,8.6,90728.67,6532.09,0,2,52716.55,48,Business,2.8402,0.8474,0.5699,Low
C02442,21,21-30,65320.1,656.0,222374.05,12.3,125018.25,5000.0,0,1,5232.16,36,Business,5.3183,0.9186,0.0801,High
C02443,21,21-30,80241.79,640.0,86453.35,6.9,78635.84,5000.0,0,0,50668.43,36,Salaried,2.0574,0.7477,0.6314,Low
C02444,30,21-30,41476.25,674.0,127557.89,7.8,48164.93,5000.0,0,2,17965.78,48,Self-employed,4.2367,1.4466,0.4332,High
C02445,47,46-65,202979.81,741.0,151991.74,17.2,303703.01,6197.51,0,1,87958.92,48,Salaried,2.245,0.3664,0.4333,Low
C02446,61,46-65,47256.79,643.0,5000.0,9.6,85267.27,5000.0,1,2,24922.68,36,Business,1.9101,1.2697,0.5274,High
C02447,55,46-65,152963.03,600.0,308467.43,9.8,29027.85,10279.33,0,1,87612.66,36,Salaried,2.2064,0.8064,0.5728,Low
C02448,50,46-65,58586.8,766.0,48892.0,8.1,78048.16,5000.0,0,1,0.0,60,Salaried,2.1667,1.0241,0.0,Low
C02449,56,46-65,101320.69,,321729.93,6.4,123571.72,6992.57,0,1,13694.13,36,Salaried,4.395,0.8282,0.1352,Medium
C02450,28,21-30,97340.02,756.0,252197.18,7.2,87198.0,5576.38,0,2,33286.48,12,Salaried,3.4867,0.6875,0.342,Low
C02451,58,46-65,122138.51,737.0,295996.52,8.6,168963.17,5000.0,1,1,57905.72,24,Salaried,3.8068,0.4912,0.4741,Low
C02452,61,46-65,40937.41,843.0,91800.57,17.8,13940.49,5000.0,0,4,11000.35,36,Business,2.583,1.4657,0.2687,Low
C02453,25,21-30,117446.95,764.0,280458.8,8.7,32618.35,6272.45,0,1,25511.27,24,Salaried,2.6657,0.6409,0.2172,Low
C02454,42,31-45,179455.84,626.0,475873.03,15.7,216205.95,5000.0,0,1,44430.52,60,Business,3.8565,0.3343,0.2476,Medium
C02455,58,46-65,56379.53,715.0,138198.28,4.5,43227.13,5000.0,1,0,35324.95,48,Salaried,3.2179,1.0642,0.6266,Medium
C02456,42,31-45,66252.66,638.0,194702.33,11.3,51229.7,5000.0,0,5,18222.69,36,Salaried,3.712,0.9056,0.275,High
C02457,58,46-65,48739.59,646.0,94239.95,1.8,77217.22,5000.0,1,5,31027.1,36,Business,3.5178,1.231,0.6366,High
C02458,63,46-65,53723.33,574.0,90718.38,5.0,52214.16,5000.0,0,0,16545.0,36,Salaried,2.6605,1.1168,0.308,Medium
C02459,42,31-45,166612.34,659.0,283558.84,5.2,41674.84,9090.79,0,0,21425.6,12,Salaried,1.952,0.6548,0.1286,Low
C02460,23,21-30,37414.5,721.0,54589.59,6.1,17913.24,5000.0,0,0,5.87,24,Salaried,1.9378,1.6037,0.0002,Low
C02461,36,31-45,38714.8,675.0,57236.6,15.7,28950.95,5000.0,0,0,12151.1,12,Salaried,2.2262,1.5498,0.3139,Low
C02462,30,21-30,157650.85,598.0,251533.31,2.0,240299.68,8426.85,0,1,78098.64,48,Salaried,3.1198,0.6414,0.4954,Medium
C02463,42,31-45,91641.93,566.0,146062.29,16.9,25444.24,6373.72,0,0,45216.91,12,Business,1.8715,0.8346,0.4934,Low
C02464,47,46-65,208635.96,838.0,128253.36,1.8,137656.01,5575.65,0,1,57300.98,24,Business,1.2745,0.3207,0.2746,Low
C02465,41,31-45,50736.52,704.0,152239.97,6.7,87829.45,5000.0,0,2,11055.49,48,Self-employed,4.7317,1.1826,0.2179,Medium
C02466,29,21-30,69675.02,618.0,184136.38,6.9,85066.71,5000.0,0,2,1131.09,36,Salaried,3.8637,0.8611,0.0162,High
C02467,34,31-45,45196.29,715.0,38862.99,20.4,0.0,5000.0,1,1,12518.48,36,Self-employed,0.8599,1.3275,0.277,Low
C02468,51,46-65,70330.31,844.0,223850.33,12.8,117632.48,5000.0,0,0,2153.76,48,Salaried,4.8554,0.8531,0.0306,Low
C02469,22,21-30,24499.04,727.0,83676.36,24.5,0.0,5000.0,0,1,6147.34,60,Self-employed,3.4155,2.4491,0.2509,Medium
C02470,30,21-30,94737.72,471.0,274299.56,26.8,96824.73,6522.94,0,3,0.0,24,Salaried,3.9174,0.8262,0.0,High
C02471,61,46-65,77656.71,850.0,5000.0,15.6,33834.48,5000.0,0,0,48428.39,36,Salaried,0.5001,0.7726,0.6236,Low
C02472,25,21-30,62974.65,541.0,88418.5,4.9,93766.95,5000.0,0,2,27382.42,36,Salaried,2.893,0.9528,0.4348,High
C02473,39,31-45,52440.9,665.0,95977.26,11.0,20683.39,5000.0,0,2,31117.1,36,Salaried,2.2246,1.1441,0.5934,Low
C02474,30,21-30,39736.6,595.0,99169.49,9.1,52025.81,5000.0,0,0,9284.91,12,Salaried,3.8049,1.5099,0.2337,High
C02475,25,21-30,96992.08,624.0,229782.12,5.7,94397.63,5000.0,0,1,38174.64,12,Salaried,3.3423,0.6186,0.3936,Medium
C02476,40,31-45,34133.79,701.0,88857.27,15.1,,5000.0,1,0,13022.09,48,Salaried,3.1329,1.7578,0.3815,Medium
C02477,44,31-45,,525.0,245797.06,2.9,144890.07,5000.0,0,0,3440.71,24,Salaried,4.5357,0.6966,0.0399,High
C02478,28,21-30,203432.76,673.0,500000.0,4.4,281566.74,5496.13,0,1,19539.14,48,Self-employed,3.8419,0.3242,0.096,Medium
C02479,24,21-30,147145.82,766.0,320071.85,2.0,129597.45,6458.2,0,2,90536.3,48,Business,3.0559,0.5267,0.6153,Low
C02480,27,21-30,28405.05,617.0,97603.36,4.0,30122.74,5000.0,0,1,14891.63,60,Salaried,4.4966,2.1123,0.5243,High
C02481,50,46-65,48384.59,576.0,134731.85,4.7,30679.74,5000.0,1,1,28786.39,36,Salaried,3.4187,1.2401,0.5949,High
C02482,59,46-65,81956.22,670.0,105690.02,7.6,89125.24,5461.08,1,2,0.0,48,Salaried,2.3771,0.7996,0.0,Medium
C02483,29,21-30,62535.36,655.0,195571.5,15.8,92506.57,5000.0,0,0,33136.35,36,Salaried,4.6066,0.9595,0.5299,Medium
C02484,35,31-45,30105.69,635.0,7418.35,5.9,0.0,5000.0,1,2,17734.5,60,Salaried,0.2464,1.993,0.5891,Low
C02485,36,31-45,80343.49,591.0,69258.4,16.1,36560.91,5000.0,0,3,45878.03,24,Salaried,1.3171,0.7468,0.571,Low
C02486,37,31-45,64642.88,719.0,222900.37,26.5,74865.41,5000.0,0,0,35243.1,36,Salaried,4.6063,0.9282,0.5452,Low
C02487,31,31-45,186282.86,725.0,297735.77,17.4,321112.68,9157.26,0,0,56305.36,60,Salaried,3.3221,0.5899,0.3023,Low
C02488,23,21-30,56549.22,600.0,87664.94,4.2,16875.18,5000.0,0,1,37444.62,36,Self-employed,1.8487,1.061,0.6622,Medium
C02489,44,31-45,123567.69,610.0,398978.82,5.3,12168.43,6312.63,0,0,52212.68,48,Salaried,3.3273,0.613,0.4225,High
C02490,37,31-45,32378.31,690.0,41316.18,16.1,29479.16,5000.0,0,1,9645.19,36,Salaried,2.1865,1.8531,0.2979,Low
C02491,36,31-45,36928.45,608.0,47884.59,5.2,62017.25,5000.0,1,0,21615.95,36,Self-employed,2.9761,1.6248,0.5853,High
C02492,32,31-45,96669.83,693.0,32682.97,8.9,107102.56,6187.49,0,1,57703.3,36,Business,1.446,0.7681,0.5969,Low
C02493,62,46-65,117971.04,790.0,240361.78,11.5,105042.86,8240.74,0,1,57778.49,60,Self-employed,2.9279,0.8382,0.4898,Low
C02494,48,46-65,38390.93,676.0,25711.85,13.4,30620.32,5000.0,1,1,14124.11,60,Self-employed,1.4673,1.5629,0.3679,Low
C02495,39,31-45,65866.49,589.0,13497.33,9.8,112138.33,5000.0,0,1,43553.56,48,Self-employed,1.9074,0.9109,0.6612,Medium
C02496,30,21-30,30402.31,709.0,89906.01,3.4,45011.69,5000.0,0,1,28855.93,36,Salaried,4.4377,1.9735,0.9491,High
C02497,57,46-65,58833.79,667.0,80380.01,6.4,91209.3,5000.0,0,1,19694.21,36,Salaried,2.9165,1.0198,0.3347,Medium
C02498,60,46-65,102996.48,669.0,217242.1,17.4,163044.48,5000.0,0,0,17552.75,36,Salaried,3.6922,0.5825,0.1704,Low
C02499,22,21-30,51170.34,716.0,27123.51,8.5,92115.76,5000.0,0,1,18448.09,60,Self-employed,2.3302,1.1726,0.3605,Low
C02500,62,46-65,56679.82,732.0,120530.28,23.0,15098.37,5000.0,0,1,27858.88,48,Self-employed,2.3929,1.0586,0.4915,Low
C02501,52,46-65,34917.91,683.0,80096.32,10.1,0.0,5000.0,0,2,1429.78,36,Business,2.2938,1.7183,0.0409,Medium
C02502,25,21-30,45503.54,675.0,70697.26,4.6,17886.53,5000.0,0,1,6910.59,60,Salaried,1.9467,1.3186,0.1519,Low
C02503,54,46-65,170946.1,835.0,207577.73,12.3,271459.22,5000.0,0,0,90974.64,12,Salaried,2.8023,0.351,0.5322,Low
C02504,25,21-30,67660.05,770.0,93366.8,18.0,73513.94,5000.0,0,0,38113.54,24,Salaried,2.4665,0.8868,0.5633,Low
C02505,23,21-30,37454.17,743.0,15085.88,9.3,55886.42,5000.0,0,1,7557.42,48,Salaried,1.8949,1.602,0.2018,Low
C02506,26,21-30,54667.13,690.0,26106.14,9.4,19031.6,5000.0,0,2,20200.98,36,Salaried,0.8257,1.0976,0.3695,Low
C02507,41,31-45,26999.06,605.0,59402.81,10.9,10476.11,5000.0,0,1,1178.53,36,Salaried,2.5882,2.2223,0.0437,High
C02508,48,46-65,37210.81,765.0,43429.03,11.7,16708.07,5000.0,0,3,13056.74,36,Salaried,1.6161,1.6124,0.3509,Low
C02509,39,31-45,137355.73,691.0,125935.73,5.4,222721.56,7178.76,0,3,85128.73,36,Salaried,2.5384,0.6272,0.6198,Low
C02510,26,21-30,60100.73,637.0,40829.09,2.0,43131.42,5000.0,0,1,6814.3,48,Self-employed,1.397,0.9983,0.1134,Low
C02511,29,21-30,183881.01,662.0,500000.0,12.7,282134.81,5856.16,2,1,94247.48,24,Salaried,4.2535,0.3822,0.5125,High
C02512,59,46-65,61679.15,608.0,97619.35,8.5,34891.82,5000.0,0,1,16173.25,48,Business,2.1484,0.9728,0.2622,Medium
C02513,64,46-65,63726.4,759.0,123969.21,11.0,32098.19,5000.0,0,0,19416.3,36,Self-employed,2.449,0.9415,0.3047,Low
C02514,54,46-65,92469.52,731.0,190950.16,7.5,26959.5,5027.37,1,1,64523.62,12,Salaried,2.3566,0.6524,0.6978,Low
C02515,25,21-30,,694.0,35709.29,11.2,14205.56,5000.0,0,0,3752.24,36,Salaried,2.773,3.3333,0.2085,Low
C02516,57,46-65,72755.46,677.0,82768.44,4.3,87614.82,5000.0,0,2,23187.64,12,Business,2.3419,0.8247,0.3187,Low
C02517,52,46-65,63272.11,629.0,104147.7,6.6,0.0,5000.0,0,2,45365.78,36,Salaried,1.646,0.9483,0.717,Low
C02518,44,31-45,147187.7,520.0,284625.37,4.2,134654.09,9391.81,2,0,25290.96,36,Self-employed,2.8486,0.7657,0.1718,High
C02519,27,21-30,110493.97,574.0,145632.9,6.7,1508.14,5000.0,0,2,2280.83,36,Self-employed,1.3317,0.543,0.0206,Low
C02520,65,46-65,34843.16,624.0,33951.66,3.0,70586.42,5000.0,0,1,9044.2,36,Salaried,3.0002,1.722,0.2596,Medium
C02521,40,31-45,128710.22,613.0,413484.87,13.5,27332.66,5000.0,1,2,44783.36,36,Salaried,3.4249,0.4662,0.3479,High
C02522,22,21-30,56267.34,702.0,145231.11,19.9,63919.15,5000.0,0,0,21608.22,36,Self-employed,3.7171,1.0663,0.384,Medium
C02523,30,21-30,39525.18,741.0,15039.13,3.2,52408.55,5000.0,0,2,2457.85,48,Salaried,1.7064,1.518,0.0622,Low
C02524,39,31-45,72442.57,670.0,245330.5,8.6,139816.68,5000.0,1,1,26049.83,36,Salaried,5.3166,0.8282,0.3596,Medium
C02525,23,21-30,58140.59,786.0,44983.54,7.5,63050.89,5000.0,0,1,12670.61,36,Salaried,1.8582,1.032,0.2179,Low
C02526,35,31-45,151493.57,621.0,84817.28,20.4,172208.81,6175.51,0,1,37853.98,48,Salaried,1.6966,0.4892,0.2499,Low
C02527,42,31-45,78392.59,670.0,54902.03,9.0,77651.89,5000.0,1,5,34010.81,48,Salaried,1.6909,0.7654,0.4339,Low
C02528,63,46-65,72784.26,676.0,249310.78,16.9,100937.06,5000.0,0,1,15655.61,24,Self-employed,4.8121,0.8244,0.2151,Medium
C02529,24,21-30,106670.34,762.0,97455.95,13.0,162425.74,5000.0,1,2,13195.06,48,Salaried,2.4363,0.5625,0.1237,Low
C02530,46,46-65,118565.63,688.0,339199.75,10.3,128340.26,8284.03,1,3,62287.16,48,Salaried,3.9433,0.8384,0.5253,Medium
C02531,62,46-65,100019.99,690.0,240130.33,5.8,111954.11,5688.79,0,3,45755.31,36,Salaried,3.5201,0.6825,0.4575,Medium
C02532,57,46-65,141895.69,556.0,258205.78,10.3,240832.84,5000.0,1,1,20286.91,36,Salaried,3.5169,0.4228,0.143,High
C02533,62,46-65,90845.71,613.0,125608.69,4.1,34126.29,5000.0,0,1,514.17,36,Self-employed,1.7583,0.6605,0.0057,Low
C02534,28,21-30,71278.56,762.0,42454.86,6.6,74077.97,5000.0,0,0,16420.3,36,Salaried,1.6349,0.8418,0.2304,Low
C02535,57,46-65,128500.39,524.0,336359.94,1.8,19690.19,5000.0,0,1,88022.22,24,Salaried,2.7708,0.4669,0.685,Medium
C02536,65,46-65,61830.35,781.0,103580.65,18.6,61169.0,5000.0,0,3,15033.55,36,Salaried,2.6645,0.9704,0.2431,Low
C02537,35,31-45,66199.5,717.0,129620.18,9.5,92409.55,5000.0,0,1,48717.94,24,Business,3.3539,0.9064,0.7359,Low
C02538,43,31-45,167545.44,624.0,69586.64,18.3,129434.63,5894.01,0,1,84768.42,60,Salaried,1.1879,0.4221,0.5059,Low
C02539,44,31-45,158609.55,618.0,429507.73,9.2,49476.18,5241.03,1,0,112261.87,60,Self-employed,3.0199,0.3965,0.7078,High
C02540,43,31-45,64708.37,822.0,144824.41,9.7,79282.61,5000.0,0,0,48817.46,48,Salaried,3.4633,0.9272,0.7544,Low
C02541,34,31-45,50649.73,786.0,94631.24,12.5,18050.99,5000.0,0,2,22426.55,48,Salaried,2.2247,1.1846,0.4428,Low
C02542,64,46-65,145348.27,671.0,275421.03,8.2,124526.99,6528.85,1,0,12216.57,24,Salaried,2.7517,0.539,0.0841,Medium
C02543,64,46-65,100949.19,690.0,118257.3,7.5,34750.66,5000.0,0,1,22136.53,36,Salaried,1.5157,0.5944,0.2193,Low
C02544,38,31-45,77320.33,632.0,85589.99,6.8,149544.19,5000.0,0,1,37002.12,36,Salaried,3.041,0.776,0.4786,Medium
C02545,57,46-65,54454.05,690.0,5000.0,4.3,8510.04,5000.0,0,2,10665.66,36,Self-employed,0.2481,1.1018,0.1959,Low
C02546,38,31-45,78008.7,629.0,198519.03,6.8,96389.63,5000.0,0,1,34374.77,36,Salaried,3.7805,0.7691,0.4407,Medium
C02547,56,46-65,64228.54,674.0,5000.0,15.9,20862.71,5000.0,1,2,3746.55,24,Self-employed,0.4027,0.9342,0.0583,Low
C02548,47,46-65,45105.37,816.0,12470.49,6.4,18768.01,5000.0,1,1,11931.5,36,Business,0.6926,1.3302,0.2645,Low
C02549,42,31-45,69780.92,673.0,14428.62,25.9,32460.32,5000.0,0,2,38028.02,48,Salaried,0.6719,0.8598,0.545,Low
C02550,26,21-30,75216.49,601.0,54840.22,2.0,75482.94,5000.0,0,1,44826.67,24,Self-employed,1.7326,0.7977,0.596,Low
C02551,50,46-65,52874.44,578.0,98942.35,16.3,66946.09,5000.0,1,1,15996.29,60,Self-employed,3.1374,1.1348,0.3025,High
C02552,35,31-45,106856.99,690.0,261926.64,7.3,156777.68,5387.18,1,1,64402.64,36,Self-employed,3.9184,0.605,0.6027,Medium
C02553,30,21-30,132058.51,623.0,198400.18,11.6,24120.19,8775.62,0,0,51193.28,48,Salaried,1.685,0.7974,0.3877,Low
C02554,29,21-30,110811.55,698.0,168266.33,4.5,116154.17,5000.0,0,1,23496.75,36,Salaried,2.5667,0.5415,0.212,Low
C02555,65,46-65,55837.78,559.0,120281.31,2.4,58940.97,5000.0,1,2,4862.96,36,Salaried,3.2097,1.0745,0.0871,High
C02556,25,21-30,98503.21,732.0,217846.68,14.4,105296.32,5000.0,1,0,0.0,48,Salaried,3.2805,0.6091,0.0,Medium
C02557,56,46-65,67847.74,600.0,211579.8,18.3,84886.86,5000.0,0,0,18355.86,36,Salaried,4.3696,0.8843,0.2705,Medium
C02558,59,46-65,32941.29,683.0,96977.59,8.7,20885.03,5000.0,0,0,26811.76,24,Business,3.578,1.8214,0.8139,Medium
C02559,22,21-30,94102.86,655.0,263226.7,6.4,155562.84,5000.0,0,1,15543.81,60,Salaried,4.4503,0.6376,0.1652,High
C02560,47,46-65,70439.89,809.0,214425.77,8.3,70639.15,5000.0,0,2,12370.51,36,Salaried,4.0469,0.8518,0.1756,Low
C02561,46,46-65,270653.3,693.0,500000.0,8.3,169884.62,10865.6,1,2,21317.19,36,Salaried,2.4751,0.4817,0.0788,Medium
C02562,37,31-45,144877.16,826.0,289432.6,7.2,93471.89,5360.27,1,2,72073.44,36,Salaried,2.643,0.444,0.4975,Low
C02563,51,46-65,96112.55,722.0,203168.01,9.4,165155.9,5000.0,0,0,7394.37,36,Salaried,3.8322,0.6243,0.0769,Medium
C02564,39,31-45,74547.09,787.0,217545.99,12.0,29113.96,5000.0,0,1,36453.64,48,Self-employed,3.3088,0.8049,0.489,Low
C02565,40,31-45,71124.69,664.0,45155.27,11.4,6884.01,5000.0,0,3,39090.33,60,Salaried,0.7317,0.8436,0.5496,Low
C02566,40,31-45,37425.72,706.0,55743.82,5.6,55708.55,5000.0,0,2,13397.31,36,Self-employed,2.978,1.6032,0.358,Medium
C02567,57,46-65,24976.72,771.0,90570.34,7.3,17970.97,5000.0,0,2,8005.58,36,Salaried,4.3457,2.4022,0.3205,Low
C02568,49,46-65,40224.64,748.0,73064.61,3.9,33600.8,5000.0,1,1,26527.98,24,Salaried,2.6517,1.4916,0.6595,Medium
C02569,38,31-45,63316.31,720.0,18796.93,11.1,97563.82,5000.0,0,0,6128.89,48,Salaried,1.8378,0.9476,0.0968,Low
C02570,62,46-65,20416.44,655.0,26786.1,4.8,9704.9,5000.0,0,2,15297.98,36,Salaried,1.7873,2.9388,0.7493,Low
C02571,57,46-65,48183.19,668.0,33183.28,1.1,73504.99,5000.0,0,3,18093.08,36,Self-employed,2.2142,1.2452,0.3755,Medium
C02572,62,46-65,56724.15,765.0,85207.28,6.0,40923.18,5000.0,0,1,8456.89,48,Salaried,2.2236,1.0578,0.1491,Low
C02573,53,46-65,57737.26,781.0,112087.66,11.5,83167.25,5000.0,0,0,43671.82,48,Business,3.3818,1.0392,0.7564,Low
C02574,38,31-45,45170.28,636.0,114318.92,11.9,70651.65,5000.0,0,2,6389.73,12,Self-employed,4.095,1.3283,0.1415,High
C02575,55,46-65,53868.97,624.0,92063.53,16.2,12384.89,5000.0,0,1,26689.31,48,Salaried,1.9389,1.1138,0.4954,Low
C02576,35,31-45,167759.08,612.0,49245.37,28.5,234926.49,8086.22,0,1,22833.63,36,Business,1.6939,0.5784,0.1361,Low
C02577,33,31-45,93556.65,742.0,158975.2,8.5,102610.72,5000.0,0,0,42161.19,48,Self-employed,2.796,0.6413,0.4506,Low
C02578,41,31-45,47761.59,610.0,12883.21,7.5,48916.64,5000.0,0,3,22171.85,36,Salaried,1.2939,1.2562,0.4642,Low
C02579,64,46-65,62601.92,741.0,109003.86,9.2,0.0,5000.0,0,0,10665.83,24,Business,1.7412,0.9584,0.1704,Low
C02580,46,46-65,63995.64,721.0,132305.91,6.6,82024.36,5000.0,1,2,33768.72,60,Salaried,3.3491,0.9376,0.5277,High
C02581,38,31-45,42606.71,639.0,28613.45,3.6,90021.84,5000.0,1,1,2500.38,36,Self-employed,2.7844,1.4082,0.0587,High
C02582,41,31-45,42579.19,797.0,129991.81,3.4,51492.54,5000.0,0,0,0.0,60,Salaried,4.2623,1.4091,0.0,Low
C02583,34,31-45,113315.45,570.0,251983.85,7.9,207522.94,7329.05,0,2,61736.65,60,Salaried,4.0551,0.7761,0.5448,High
C02584,50,46-65,51599.18,804.0,40523.36,19.3,44498.71,5000.0,1,1,11450.86,36,Salaried,1.6477,1.1628,0.2219,Low
C02585,36,31-45,35598.53,704.0,42698.49,6.3,24741.84,5000.0,0,4,30578.9,48,Salaried,1.8945,1.6855,0.859,Low
C02586,45,31-45,63475.89,524.0,13602.35,13.2,78761.74,5000.0,0,0,40512.34,48,Salaried,1.4551,0.9452,0.6382,Medium
C02587,37,31-45,69358.77,799.0,19418.1,17.2,55489.54,5000.0,0,2,12413.68,24,Self-employed,1.08,0.8651,0.179,Low
C02588,35,31-45,21963.89,753.0,70024.1,13.1,3743.66,5000.0,1,1,10187.77,36,Salaried,3.3586,2.7318,0.4638,High
C02589,64,46-65,63559.52,648.0,150291.17,14.0,50847.34,5000.0,0,4,21448.83,36,Self-employed,3.1646,0.944,0.3375,High
C02590,36,31-45,104770.92,608.0,296949.58,3.6,195461.13,5000.0,1,1,12547.36,24,Salaried,4.6999,0.5727,0.1198,High
C02591,24,21-30,83309.57,562.0,190656.17,7.1,93565.28,5000.0,0,0,51155.56,48,Business,3.4116,0.7202,0.614,High
C02592,38,31-45,221577.98,850.0,500000.0,2.6,334670.89,14840.79,0,1,49313.14,36,Self-employed,3.7669,0.8037,0.2226,Low
C02593,44,31-45,129346.84,611.0,438123.56,5.5,160602.56,5000.0,0,1,15364.72,60,Salaried,4.6288,0.4639,0.1188,High
C02594,25,21-30,144214.39,585.0,59909.5,3.3,216041.53,6902.5,0,1,103529.09,36,Self-employed,1.9135,0.5744,0.7179,Low
C02595,34,31-45,303212.7,700.0,262386.42,11.6,226460.54,7476.33,0,0,51003.0,12,Salaried,1.6122,0.2959,0.1682,Low
C02596,28,21-30,98629.78,557.0,141417.76,3.3,129382.04,5000.0,0,1,22847.55,36,Salaried,2.7456,0.6083,0.2316,Medium
C02597,43,31-45,71099.19,606.0,94403.35,3.4,54027.23,5000.0,2,1,20567.51,48,Self-employed,2.0877,0.8439,0.2893,High
C02598,53,46-65,111045.99,755.0,199789.32,8.1,134085.18,5074.47,0,3,24774.36,36,Salaried,3.0066,0.5484,0.2231,Low
C02599,64,46-65,47789.56,715.0,46534.07,1.9,0.0,5000.0,0,1,30252.51,12,Self-employed,0.9737,1.2555,0.633,Low
C02600,38,31-45,68966.08,651.0,188747.37,26.9,94324.23,5000.0,2,0,24397.15,48,Business,4.1045,0.87,0.3538,High
C02601,59,46-65,45519.33,681.0,37925.69,7.0,58225.94,5000.0,0,1,21687.14,48,Salaried,2.1123,1.3181,0.4764,Low
C02602,30,21-30,80905.25,647.0,219736.87,17.0,138158.83,5000.0,0,1,40397.8,24,Self-employed,4.4236,0.7416,0.4993,High
C02603,56,46-65,45414.76,675.0,64319.02,3.5,82615.81,5000.0,0,2,27545.97,48,Salaried,3.2354,1.3212,0.6065,Medium
C02604,46,46-65,44548.42,623.0,5000.0,10.4,46752.51,5000.0,0,0,18413.7,12,Salaried,1.1617,1.3468,0.4133,Low
C02605,55,46-65,81597.41,636.0,249123.0,11.8,31854.13,5000.0,1,1,11854.42,48,Salaried,3.4435,0.7353,0.1453,High
C02606,54,46-65,60258.64,634.0,90221.28,4.1,56597.17,5000.0,0,2,30429.1,36,Salaried,2.4365,0.9957,0.505,Low
C02607,44,31-45,22516.55,626.0,67229.39,13.6,36586.42,5000.0,0,1,7349.57,36,Salaried,4.6106,2.6647,0.3264,Medium
C02608,32,31-45,29190.14,758.0,72396.11,5.4,40239.01,5000.0,0,1,17966.71,36,Salaried,3.8587,2.0555,0.6155,Low
C02609,44,31-45,34583.98,738.0,7946.71,6.2,42468.28,5000.0,1,2,23084.92,36,Salaried,1.4578,1.7349,0.6675,Low
C02610,58,46-65,39994.93,610.0,22666.5,4.1,65395.8,5000.0,0,1,23730.2,48,Salaried,2.2018,1.5002,0.5933,Low
C02611,64,46-65,81640.06,590.0,39857.04,14.1,8915.41,5556.62,1,3,40146.77,12,Salaried,0.5974,0.8167,0.4918,Low
C02612,62,46-65,73317.82,,32198.28,10.3,66778.47,5163.39,0,1,36046.07,60,Salaried,1.35,0.8451,0.4916,Low
C02613,29,21-30,116779.9,842.0,381473.43,9.9,183969.56,5000.0,1,1,35899.97,36,Self-employed,4.842,0.5138,0.3074,Low
C02614,47,46-65,98339.75,603.0,275134.08,9.7,60690.71,5000.0,0,0,53195.17,36,Self-employed,3.4149,0.6101,0.5409,Medium
C02615,25,21-30,117206.1,668.0,170498.44,10.1,191424.15,5783.79,1,1,1833.47,36,Salaried,3.0879,0.5922,0.0156,Medium
C02616,51,46-65,90831.41,687.0,244502.38,5.2,84022.48,6066.34,2,1,34550.61,60,Salaried,3.6169,0.8014,0.3804,High
C02617,65,46-65,72945.38,672.0,239016.97,13.0,49192.14,5000.0,1,1,38012.02,48,Salaried,3.951,0.8225,0.5211,Medium
C02618,23,21-30,118988.96,646.0,97267.04,4.6,220728.36,5000.0,0,3,85361.13,60,Salaried,2.6725,0.5042,0.7174,Medium
C02619,50,46-65,107777.0,767.0,21916.49,9.8,54134.2,5000.0,0,1,67646.7,36,Salaried,0.7056,0.5567,0.6277,Low
C02620,63,46-65,79937.07,714.0,229135.17,7.7,69747.37,5000.0,1,4,2670.3,60,Salaried,3.739,0.7506,0.0334,High
C02621,59,46-65,130774.81,743.0,345121.11,6.0,54175.57,8810.09,0,1,65342.61,36,Salaried,3.0533,0.8084,0.4997,Low
C02622,38,31-45,18000.0,724.0,15242.13,7.8,37493.35,5000.0,0,1,1672.05,60,Salaried,2.9297,3.3333,0.0929,Low
C02623,25,21-30,55402.93,747.0,83410.67,9.8,24002.17,5000.0,0,2,3191.65,24,Salaried,1.9388,1.083,0.0576,Low
C02624,62,46-65,54937.85,799.0,48746.57,13.0,20816.42,5000.0,0,0,3532.74,60,Salaried,1.2662,1.0921,0.0643,Low
C02625,62,46-65,122530.85,,275407.98,8.8,63307.64,5000.0,0,0,12098.51,24,Salaried,2.7643,0.4897,0.0987,Low
C02626,47,46-65,154262.32,850.0,372740.03,15.1,186629.49,9257.51,0,2,54615.79,36,Self-employed,3.6261,0.7201,0.354,Low
C02627,65,46-65,29276.6,771.0,26363.18,5.4,6747.9,5000.0,1,1,17865.48,24,Salaried,1.131,2.0494,0.6102,Low
C02628,21,21-30,141249.7,630.0,393678.76,7.0,73305.07,5000.0,1,0,66183.2,48,Salaried,3.3061,0.4248,0.4686,High
C02629,48,46-65,34127.12,744.0,47415.61,11.7,36934.01,5000.0,1,2,3311.04,24,Salaried,2.4716,1.7581,0.097,Low
C02630,22,21-30,34699.28,733.0,86801.31,3.5,35710.11,5000.0,0,0,13112.67,36,Self-employed,3.5307,1.7291,0.3779,Medium
C02631,63,46-65,57141.47,824.0,135016.24,31.0,82928.26,5000.0,0,0,16648.63,24,Salaried,3.8141,1.05,0.2914,Low
C02632,51,46-65,54563.97,607.0,84217.94,13.9,54955.67,5000.0,0,0,23163.37,60,Salaried,2.5507,1.0996,0.4245,Low
C02633,62,46-65,27584.6,722.0,34610.63,3.7,45265.71,5000.0,0,2,11013.72,48,Salaried,2.8957,2.1751,0.3993,Low
C02634,46,46-65,92927.55,629.0,79220.58,23.0,152085.97,5955.31,0,0,52417.91,36,Self-employed,2.4891,0.769,0.5641,Low
C02635,24,21-30,94448.87,718.0,245688.42,5.5,98610.48,5000.0,0,2,1744.18,48,Salaried,3.6453,0.6353,0.0185,Medium
C02636,22,21-30,116060.33,664.0,280972.74,21.8,158452.76,5474.12,1,1,29109.3,24,Salaried,3.7862,0.566,0.2508,High
C02637,36,31-45,51212.66,716.0,53536.55,13.3,29378.1,5000.0,0,1,31218.21,36,Salaried,1.619,1.1716,0.6096,Low
C02638,54,46-65,63600.21,574.0,216919.35,3.0,136255.55,5000.0,0,3,25385.58,36,Salaried,5.553,0.9434,0.3991,High
C02639,27,21-30,63921.28,739.0,168442.13,4.5,83242.35,5000.0,0,1,41324.51,36,Self-employed,3.9374,0.9387,0.6465,Medium
C02640,59,46-65,164479.31,695.0,99732.57,3.3,164001.63,5000.0,0,0,44728.7,36,Salaried,1.6034,0.3648,0.2719,Low
C02641,31,31-45,18000.0,691.0,7733.64,6.9,,5000.0,0,1,6469.52,24,Salaried,0.4296,3.3333,0.3594,Low
C02642,43,31-45,38400.4,826.0,85319.21,15.0,0.0,5000.0,0,1,5671.33,24,Salaried,2.2218,1.5625,0.1477,Low
C02643,30,21-30,65198.39,651.0,19029.48,20.2,123642.56,5000.0,1,1,0.0,48,Salaried,2.1883,0.9203,0.0,Low
C02644,41,31-45,35777.66,706.0,125254.5,4.0,0.0,5000.0,1,0,8307.37,36,Salaried,3.5009,1.677,0.2322,Medium
C02645,41,31-45,56391.08,688.0,107167.19,3.6,58346.95,5000.0,0,0,25807.1,12,Self-employed,2.9351,1.064,0.4576,Medium
C02646,21,21-30,60645.52,695.0,28699.59,10.8,41515.65,5000.0,0,1,17207.65,36,Business,1.1578,0.9894,0.2837,Low
C02647,46,46-65,45270.69,847.0,72300.22,3.1,15499.1,5000.0,0,0,1682.68,36,Self-employed,1.9394,1.3254,0.0372,Low
C02648,56,46-65,67346.11,685.0,64173.64,14.8,50487.33,5000.0,0,0,28642.68,24,Salaried,1.7026,0.8909,0.4253,Low
C02649,63,46-65,91823.6,637.0,158639.01,12.6,84392.0,5000.0,3,1,39041.93,60,Self-employed,2.6467,0.6534,0.4252,High
C02650,35,31-45,57079.25,820.0,46304.0,8.9,13272.62,5000.0,0,3,38034.65,48,Self-employed,1.0438,1.0512,0.6663,Low
C02651,60,46-65,50659.67,657.0,144417.96,14.5,0.0,5000.0,0,3,7645.91,60,Salaried,2.8507,1.1844,0.1509,Medium
C02652,60,46-65,59336.02,560.0,154157.5,14.2,74596.6,5000.0,0,0,28377.81,60,Business,3.8552,1.0112,0.4783,Medium
C02653,65,46-65,64734.69,624.0,212077.56,4.4,77443.35,5000.0,0,3,36134.76,12,Salaried,4.4724,0.9269,0.5582,High
C02654,37,31-45,24958.43,587.0,23333.58,3.6,31244.78,5000.0,0,2,16216.17,60,Salaried,2.1868,2.404,0.6497,Medium
C02655,59,46-65,83783.99,545.0,111370.48,8.2,154192.36,5000.0,0,1,4630.88,36,Salaried,3.1696,0.7161,0.0553,High
C02656,46,46-65,50720.83,653.0,162845.58,14.7,7577.81,5000.0,0,0,23651.6,36,Salaried,3.36,1.1829,0.4663,Medium
C02657,23,21-30,130090.66,675.0,185765.47,4.3,147646.31,7709.37,0,2,12339.29,60,Salaried,2.5629,0.7111,0.0949,Low
C02658,33,31-45,89969.14,769.0,121527.68,3.7,64486.49,5000.0,0,0,28238.52,60,Salaried,2.0675,0.6669,0.3139,Low
C02659,51,46-65,123707.98,727.0,431434.16,3.9,31937.36,7396.9,0,1,45360.97,36,Salaried,3.7457,0.7175,0.3667,Low
C02660,28,21-30,37275.46,724.0,104411.03,6.3,85138.17,5000.0,0,0,3914.55,36,Salaried,5.0851,1.6096,0.105,Medium
C02661,40,31-45,52991.13,613.0,159007.92,0.8,19528.21,5000.0,0,0,13924.06,36,Self-employed,3.3692,1.1323,0.2628,Medium
C02662,55,46-65,32819.9,,46740.41,4.7,31584.89,5000.0,0,2,12237.2,36,Salaried,2.3865,1.8282,0.3729,Low
C02663,27,21-30,44103.19,784.0,103031.12,11.3,43068.53,5000.0,0,1,11962.24,36,Self-employed,3.3127,1.3604,0.2712,Low
C02664,43,31-45,129417.71,710.0,232028.33,14.6,88783.29,5000.0,0,2,52626.27,36,Salaried,2.4789,0.4636,0.4066,Low
C02665,30,21-30,147305.27,712.0,223943.32,27.0,209322.34,9004.56,0,2,66673.86,36,Salaried,2.9413,0.7335,0.4526,Low
C02666,45,31-45,34567.5,585.0,32278.18,8.0,30268.85,5000.0,0,1,27231.93,36,Self-employed,1.8094,1.7357,0.7878,Low
C02667,31,31-45,50518.24,759.0,150296.33,5.7,62333.44,5000.0,0,1,26445.77,60,Business,4.209,1.1877,0.5235,Low
C02668,64,46-65,,814.0,93267.16,23.7,8606.09,5000.0,0,0,38539.81,36,Salaried,1.6344,0.9626,0.6183,Low
C02669,24,21-30,89699.96,704.0,201806.67,8.6,8376.53,5000.0,0,0,46130.35,36,Salaried,2.3432,0.6689,0.5143,Low
C02670,64,46-65,24692.3,635.0,48052.07,8.8,31788.94,5000.0,0,0,0.0,60,Salaried,3.2334,2.4299,0.0,Medium
C02671,56,46-65,26916.44,668.0,81929.86,17.8,5173.85,5000.0,0,0,0.0,48,Self-employed,3.2361,2.2291,0.0,High
C02672,59,46-65,85087.63,648.0,82094.57,2.4,34380.88,5000.0,0,3,34677.9,48,Self-employed,1.3689,0.7052,0.4076,Low
C02673,59,46-65,22251.65,653.0,42557.28,9.1,42451.88,5000.0,1,0,1542.06,12,Salaried,3.8204,2.6964,0.0693,High
C02674,29,21-30,50838.23,729.0,78113.22,3.3,35476.65,5000.0,0,0,24572.09,36,Salaried,2.2343,1.1802,0.4833,Low
C02675,62,46-65,71060.94,701.0,88988.72,1.9,92252.73,5000.0,0,5,31042.44,36,Salaried,2.5505,0.8443,0.4368,Low
C02676,47,46-65,81695.88,755.0,5872.5,4.5,,5000.0,1,3,7408.66,24,Salaried,1.7206,0.7344,0.0907,Low
C02677,64,46-65,60126.0,708.0,140059.28,21.1,90332.07,5000.0,0,1,3705.26,12,Salaried,3.8318,0.9979,0.0616,Medium
C02678,60,46-65,53155.47,615.0,157073.82,2.4,12362.28,5000.0,0,0,16232.31,36,Salaried,3.1876,1.1288,0.3054,High
C02679,47,46-65,103430.64,642.0,345779.09,6.3,146589.71,5000.0,0,2,57056.88,36,Salaried,4.7604,0.5801,0.5516,Low
C02680,37,31-45,76039.32,638.0,107477.84,13.8,83654.42,5000.0,0,2,63628.02,36,Salaried,2.5136,0.7891,0.8368,Low
C02681,26,21-30,45537.13,666.0,65080.71,4.7,53998.92,5000.0,0,1,25322.84,60,Salaried,2.615,1.3176,0.5561,Medium
C02682,25,21-30,66362.68,815.0,50820.2,26.8,33639.7,5000.0,0,2,32604.36,48,Self-employed,1.2727,0.9041,0.4913,Low
C02683,38,31-45,80248.67,827.0,269649.95,8.4,147914.0,5324.79,0,2,24202.19,48,Salaried,5.2034,0.7962,0.3016,Low
C02684,57,46-65,167237.97,743.0,495274.98,2.2,244029.74,5719.16,0,3,78253.88,24,Salaried,4.4207,0.4104,0.4679,Low
C02685,43,31-45,100169.65,689.0,336722.4,4.4,86100.91,5000.0,0,3,28003.72,60,Salaried,4.2211,0.599,0.2796,Low
C02686,42,31-45,126772.42,578.0,213985.22,2.4,70047.89,5000.0,1,2,71049.17,60,Business,2.2405,0.4733,0.5604,High
C02687,32,31-45,46458.21,697.0,45388.46,4.8,31137.12,5000.0,1,4,2262.22,36,Business,1.6472,1.2915,0.0487,Low
C02688,46,46-65,48719.86,621.0,76050.92,6.9,13540.74,5000.0,0,3,14626.75,36,Self-employed,1.8389,1.2315,0.3002,Low
C02689,49,46-65,57107.09,802.0,83378.66,14.0,26333.57,5000.0,1,0,10937.0,36,Self-employed,1.9212,1.0507,0.1915,Low
C02690,65,46-65,60064.7,560.0,83574.57,30.1,44672.39,5000.0,0,3,20726.39,24,Salaried,2.1351,0.9989,0.3451,Low
C02691,53,46-65,37336.58,709.0,7957.21,7.1,41374.24,5000.0,1,0,24903.0,24,Salaried,1.3213,1.607,0.667,Low
C02692,48,46-65,130405.75,614.0,39177.11,12.6,148686.66,8901.87,0,2,57696.23,36,Salaried,1.4406,0.8192,0.4424,Low
C02693,61,46-65,105660.45,679.0,145847.86,7.8,49090.68,5000.0,1,0,44934.92,36,Salaried,1.845,0.5679,0.4253,Low
C02694,40,31-45,54941.25,730.0,185107.76,4.2,23982.01,5000.0,0,1,6724.8,24,Salaried,3.8057,1.0921,0.1224,Medium
C02695,63,46-65,92511.05,757.0,241407.39,5.3,0.0,5000.0,1,1,61816.47,24,Self-employed,2.6095,0.6486,0.6682,Low
C02696,37,31-45,73477.69,675.0,187118.01,19.9,48776.1,5000.0,0,1,3512.93,36,Salaried,3.2104,0.8166,0.0478,Medium
C02697,26,21-30,96572.37,737.0,91339.78,6.1,88296.91,5369.99,0,3,17997.23,36,Self-employed,1.8601,0.6673,0.1864,Low
C02698,39,31-45,31031.98,630.0,83633.96,22.2,9397.71,5000.0,0,1,8809.81,24,Self-employed,2.9979,1.9335,0.2839,Medium
C02699,26,21-30,59995.75,698.0,92859.42,8.9,9788.66,5000.0,1,4,37656.97,24,Salaried,1.7109,1.0001,0.6277,Low
C02700,26,21-30,62957.89,755.0,12103.78,9.4,61586.99,5000.0,0,0,5914.39,36,,1.1705,0.953,0.0939,Low
C02701,60,46-65,91596.26,705.0,136444.01,17.4,103267.75,6124.29,0,1,28996.84,48,Salaried,2.617,0.8023,0.3166,Low
C02702,56,46-65,46004.84,640.0,36306.51,9.9,67065.44,5000.0,0,1,33316.05,60,Self-employed,2.247,1.3042,0.7242,Low
C02703,30,21-30,18000.0,659.0,59547.69,0.7,13292.01,5000.0,0,0,9698.6,60,Salaried,4.0467,3.3333,0.5388,High
C02704,58,46-65,35853.9,756.0,110421.09,4.9,42703.5,5000.0,0,0,27101.15,36,Business,4.2708,1.6735,0.7559,Medium
C02705,24,21-30,62853.77,598.0,86384.38,9.3,77093.07,5000.0,1,0,21433.35,36,Salaried,2.6009,0.9546,0.341,High
C02706,33,31-45,67324.46,609.0,149787.66,10.1,87058.78,5000.0,0,1,38271.8,36,Salaried,3.518,0.8912,0.5685,Medium
C02707,52,46-65,164095.53,725.0,216161.24,9.9,101396.87,9728.35,0,1,105419.4,60,Self-employed,1.9352,0.7114,0.6424,Low
C02708,34,31-45,89559.02,647.0,51317.79,8.0,136848.33,5000.0,0,0,17432.67,24,Self-employed,2.101,0.6699,0.1947,Low
C02709,53,46-65,67981.05,571.0,159851.18,9.1,16752.28,5000.0,0,2,42879.37,48,Salaried,2.5978,0.8826,0.6308,Medium
C02710,60,46-65,63852.27,781.0,157793.09,18.5,52645.01,5000.0,0,2,21195.83,36,Business,3.2957,0.9397,0.332,Low
C02711,23,21-30,119305.58,598.0,324422.32,6.5,187647.32,5525.56,0,1,20835.53,36,Self-employed,4.2921,0.5558,0.1746,High
C02712,22,21-30,46984.91,665.0,35176.71,8.0,21424.46,5000.0,0,1,25367.94,36,Salaried,1.2047,1.277,0.5399,Low
C02713,63,46-65,60173.45,634.0,124063.58,15.1,67913.11,5000.0,0,0,31550.27,48,Salaried,3.1904,0.9971,0.5243,Low
C02714,44,31-45,35705.16,658.0,5000.0,15.5,54311.93,5000.0,0,1,22819.0,48,Self-employed,1.6612,1.6804,0.6391,Low
C02715,43,31-45,141852.19,614.0,65117.59,3.5,98290.57,5000.0,0,1,46201.79,36,Self-employed,1.152,0.423,0.3257,Low
C02716,41,31-45,80661.52,734.0,33318.19,1.6,138489.68,5000.0,1,1,33540.34,36,Salaried,2.13,0.7438,0.4158,Low
C02717,40,31-45,44046.66,688.0,15420.92,13.5,24470.42,5000.0,0,2,27519.82,36,Salaried,0.9057,1.3622,0.6248,Low
C02718,52,46-65,61034.36,754.0,78815.0,11.1,60378.2,5000.0,0,0,25283.6,48,Salaried,2.2806,0.9831,0.4143,Low
C02719,47,46-65,86029.92,634.0,115671.17,8.5,1496.4,5000.0,0,6,58141.4,36,Salaried,1.3619,0.6974,0.6758,Low
C02720,28,21-30,56627.34,840.0,154803.3,14.3,61496.48,5000.0,1,1,37394.5,36,Salaried,3.8197,1.0596,0.6604,Low
C02721,49,46-65,48444.97,537.0,73243.1,7.3,36245.13,5000.0,0,3,21017.08,36,Salaried,2.2601,1.2385,0.4338,High
C02722,51,46-65,45355.74,561.0,49568.23,10.8,57747.67,5000.0,0,1,24278.35,60,Salaried,2.3661,1.3229,0.5353,High
C02723,26,21-30,78321.04,811.0,260079.4,6.1,88643.96,5000.0,0,0,48498.55,48,Salaried,4.4525,0.7661,0.6192,Low
C02724,37,31-45,53381.14,716.0,160458.92,4.8,59601.43,5000.0,0,3,8610.89,48,Salaried,4.1224,1.124,0.1613,Medium
C02725,56,46-65,50643.99,706.0,18994.79,7.2,81880.15,5000.0,0,0,17346.6,24,Salaried,1.9918,1.1847,0.3425,High
C02726,48,46-65,31173.03,712.0,37366.43,2.5,40628.56,5000.0,0,1,14157.27,48,Self-employed,2.502,1.9247,0.4542,Low
C02727,27,21-30,67835.77,723.0,55518.28,4.5,90725.92,5000.0,0,1,15086.81,24,Salaried,2.1559,0.8845,0.2224,Low
C02728,22,21-30,58833.67,702.0,206544.27,8.3,81509.4,5000.0,0,0,22305.01,12,Salaried,4.8961,1.0198,0.3791,Low
C02729,47,46-65,54460.77,608.0,79870.09,11.0,0.0,5000.0,0,2,31231.72,36,Salaried,1.4666,1.1017,0.5735,Low
C02730,41,31-45,72509.03,741.0,28064.92,17.2,46230.86,5000.0,0,1,32023.86,48,Self-employed,1.0246,0.8275,0.4417,Low
C02731,64,46-65,98080.49,730.0,246940.2,8.0,19083.56,5042.69,0,0,63388.58,48,Salaried,2.7123,0.617,0.6463,Low
C02732,44,31-45,95607.21,787.0,261857.57,4.7,66183.06,5000.0,0,1,42365.68,24,Salaried,3.4311,0.6276,0.4431,Low
C02733,62,46-65,88092.55,812.0,76025.64,3.3,19355.03,5754.04,1,0,30255.2,24,Salaried,1.0827,0.7838,0.3434,Low
C02734,30,21-30,56941.17,705.0,84026.21,16.4,34174.14,5000.0,1,2,31679.8,48,Salaried,2.0758,1.0537,0.5564,Low
C02735,41,31-45,47585.98,588.0,77343.08,9.4,26427.49,5000.0,0,0,15471.78,48,Self-employed,2.1807,1.2609,0.3251,Medium
C02736,27,21-30,36606.79,813.0,30993.81,7.7,13682.91,5000.0,0,3,13187.29,48,Self-employed,1.2204,1.639,0.3602,Low
C02737,46,46-65,46906.26,604.0,40585.74,9.6,21513.39,5000.0,1,0,27302.89,24,Salaried,1.3239,1.2791,0.5821,Low
C02738,29,21-30,65706.3,705.0,179409.71,14.4,101440.86,5000.0,0,1,52517.36,60,Self-employed,4.2743,0.9132,0.7993,Low
C02739,43,31-45,42179.31,661.0,116740.23,20.4,37770.81,5000.0,0,0,2456.24,60,Salaried,3.6632,1.4225,0.0582,High
C02740,36,31-45,68526.37,648.0,160184.96,2.9,61078.72,5000.0,0,0,39657.6,36,Self-employed,3.2289,0.8756,0.5787,High
C02741,29,21-30,38221.04,737.0,109212.07,7.3,87734.29,5000.0,0,1,15349.62,48,Self-employed,5.1528,1.5698,0.4016,Low
C02742,25,21-30,26071.47,698.0,47412.99,13.6,9453.95,5000.0,2,0,12313.76,60,Business,2.1812,2.3014,0.4723,High
C02743,44,31-45,102008.96,718.0,142226.14,3.1,13956.78,5000.0,0,2,5621.37,48,Salaried,1.5311,0.5882,0.0551,Low
C02744,63,46-65,50071.86,619.0,134572.63,25.0,71536.23,5000.0,0,0,17855.56,36,Salaried,4.1163,1.1983,0.3566,Medium
C02745,29,21-30,41018.32,667.0,38362.01,7.2,64988.74,5000.0,0,0,11463.45,24,Self-employed,2.5196,1.4628,0.2795,Medium
C02746,39,31-45,35615.16,622.0,17793.8,27.2,47532.71,5000.0,0,3,2658.74,24,Self-employed,1.8342,1.6847,0.0747,Medium
C02747,31,31-45,82027.7,665.0,48061.75,2.7,52898.71,5000.0,0,3,0.0,36,Salaried,1.2308,0.7315,0.0,Low
C02748,57,46-65,138460.7,671.0,346621.55,16.1,177612.23,8730.42,0,1,44501.13,24,Business,3.7862,0.7566,0.3214,Medium
C02749,39,31-45,52075.61,818.0,112039.07,5.3,44004.07,5000.0,0,3,39173.27,48,Salaried,2.9965,1.1522,0.7522,Low
C02750,64,46-65,57732.91,661.0,107123.44,8.7,25532.53,5000.0,1,3,37440.75,24,Self-employed,2.2978,1.0393,0.6485,Medium
C02751,32,31-45,117188.62,521.0,206732.81,12.6,132984.72,7643.65,0,1,43355.17,24,Salaried,2.8989,0.7827,0.37,High
C02752,24,21-30,24014.12,785.0,93303.74,15.2,12504.07,5000.0,0,1,5331.95,36,Salaried,4.4061,2.4985,0.222,Low
C02753,47,46-65,191744.74,714.0,112119.19,11.4,227870.9,10104.16,1,2,13921.17,12,Self-employed,1.7731,0.6324,0.0726,Low
C02754,50,46-65,249296.37,670.0,352054.05,8.4,350000.0,6077.33,0,5,145650.27,48,Salaried,2.8161,0.2925,0.5842,Low
C02755,65,46-65,18000.0,647.0,53095.67,9.5,32379.72,5000.0,0,1,8423.0,48,Salaried,4.7486,3.3333,0.4679,High
C02756,60,46-65,61606.08,609.0,130372.08,35.0,19611.8,5000.0,0,0,12620.48,48,Salaried,2.4346,0.9739,0.2049,Low
C02757,60,46-65,43770.78,825.0,62382.29,16.8,38233.61,5000.0,0,0,7828.78,12,Salaried,2.2987,1.3708,0.1789,Low
C02758,49,46-65,56191.35,684.0,38488.83,4.2,95331.69,5000.0,0,4,0.0,24,Salaried,2.3815,1.0678,0.0,Medium
C02759,37,31-45,51638.91,550.0,171632.14,9.4,33351.55,5000.0,0,0,5916.53,60,Salaried,3.9696,1.1619,0.1146,High
C02760,40,31-45,101580.82,705.0,153445.12,11.8,119346.42,5000.0,1,2,41616.69,36,Salaried,2.6855,0.5907,0.4097,Medium
C02761,27,21-30,61097.68,770.0,200888.57,1.0,39607.86,5000.0,0,1,34331.89,36,Self-employed,3.9363,0.982,0.5619,Low
C02762,40,31-45,39385.13,692.0,107544.18,18.1,61318.31,5000.0,2,2,17897.99,48,Salaried,4.2875,1.5234,0.4544,High
C02763,37,31-45,59126.87,612.0,169491.4,4.5,27594.05,5000.0,0,2,18529.89,12,Self-employed,3.3333,1.0148,0.3134,High
C02764,22,21-30,86273.17,606.0,33424.86,5.6,89179.37,5000.0,0,0,19477.16,48,Salaried,1.4211,0.6955,0.2258,Low
C02765,30,21-30,33897.48,611.0,29849.13,3.5,61065.72,5000.0,0,0,13512.93,60,Salaried,2.6821,1.77,0.3986,Medium
C02766,45,31-45,26283.96,794.0,27170.72,16.2,6008.85,5000.0,0,1,11604.56,24,Self-employed,1.2624,2.2828,0.4415,Low
C02767,37,31-45,194492.93,675.0,209888.99,13.0,,11105.2,0,0,134717.29,36,Salaried,2.7047,0.6852,0.6927,Low
C02768,65,46-65,45652.24,554.0,48012.99,16.7,70014.02,5000.0,0,1,14634.95,36,Business,2.5853,1.3143,0.3206,High
C02769,42,31-45,60270.52,709.0,92646.36,21.4,22873.01,5000.0,0,0,27221.02,24,Salaried,1.9167,0.9955,0.4516,Low
C02770,64,46-65,52227.01,691.0,80798.03,10.2,45083.92,5000.0,0,2,19952.07,36,Salaried,2.4103,1.1488,0.382,Low
C02771,50,46-65,87867.98,646.0,204811.46,6.2,111075.93,5000.0,0,1,39499.1,60,Salaried,3.595,0.6828,0.4495,Medium
C02772,22,21-30,172331.81,603.0,193231.5,10.3,97191.36,5000.0,0,1,63015.9,36,Salaried,1.6853,0.3482,0.3657,Low
C02773,30,21-30,89420.58,600.0,80535.4,5.6,44486.7,5150.04,0,3,19249.35,12,Self-employed,1.3981,0.6911,0.2153,Low
C02774,52,46-65,28199.0,761.0,37831.76,12.5,9185.95,5000.0,0,0,0.0,48,Business,1.6674,2.1277,0.0,Low
C02775,45,31-45,30359.8,699.0,64110.91,18.5,3375.77,5000.0,0,2,12760.89,48,Salaried,2.2229,1.9763,0.4203,Low
C02776,34,31-45,52193.43,716.0,5000.0,4.7,68485.94,5000.0,1,0,17398.37,48,Self-employed,1.408,1.1496,0.3333,Low
C02777,44,31-45,56084.47,698.0,160362.54,10.4,51523.99,5000.0,0,0,0.0,60,Self-employed,3.778,1.0698,0.0,Medium
C02778,61,46-65,25211.85,705.0,47990.95,8.2,0.0,5000.0,0,2,3768.09,60,Salaried,1.9035,2.3798,0.1495,Low
C02779,38,31-45,102005.3,645.0,223639.22,8.6,183176.3,5000.0,0,1,55987.38,36,Salaried,3.9882,0.5882,0.5489,Medium
C02780,23,21-30,35762.9,665.0,106172.97,16.0,48776.35,5000.0,0,1,9168.6,36,,4.3327,1.6777,0.2564,Medium
C02781,34,31-45,147776.82,767.0,275656.17,11.9,82115.77,6235.27,1,1,106349.31,12,Business,2.421,0.5063,0.7197,Low
C02782,63,46-65,176926.64,786.0,420262.73,7.3,179848.24,9036.84,0,2,19639.4,48,Salaried,3.3919,0.6129,0.111,Low
C02783,55,46-65,56704.17,588.0,186812.82,8.0,99949.93,5000.0,0,0,16678.78,36,Salaried,5.0572,1.0581,0.2941,High
C02784,58,46-65,82749.85,664.0,40166.67,9.4,120308.59,5000.0,0,3,1936.85,48,Salaried,1.9393,0.7251,0.0234,Low
C02785,62,46-65,33010.19,743.0,34422.86,9.0,22158.68,5000.0,0,1,24036.52,36,Salaried,1.7141,1.8176,0.7282,Low
C02786,26,21-30,91597.98,821.0,304873.99,9.4,121745.58,5000.0,0,0,8224.59,36,Salaried,4.6575,0.655,0.0898,Low
C02787,33,31-45,49421.3,814.0,133416.28,14.3,42112.99,5000.0,0,2,28726.67,36,Salaried,3.5517,1.2141,0.5813,Low
C02788,23,21-30,35744.91,620.0,86007.56,3.5,50885.51,5000.0,1,2,16274.47,36,Self-employed,3.8297,1.6786,0.4553,High
C02789,21,21-30,55437.32,776.0,33709.54,12.0,43090.17,5000.0,1,0,18734.13,36,Salaried,1.3853,1.0823,0.3379,Low
C02790,58,46-65,50311.11,684.0,51120.01,12.9,0.0,5000.0,0,2,21653.02,36,Salaried,1.0161,1.1926,0.4304,Low
C02791,63,46-65,54355.71,758.0,151553.78,26.3,86020.99,5000.0,0,1,45520.44,48,Salaried,4.3707,1.1038,0.8375,Low
C02792,28,21-30,109586.17,739.0,275304.25,8.4,109494.8,6562.3,0,0,17349.76,24,Self-employed,3.5114,0.7186,0.1583,Low
C02793,53,46-65,42202.02,585.0,50259.86,11.9,40105.96,5000.0,1,0,20397.61,48,Salaried,2.1413,1.4217,0.4833,Medium
C02794,45,31-45,168789.09,721.0,124600.5,15.9,203003.18,10734.66,0,3,24654.32,24,Salaried,1.9409,0.7632,0.1461,Low
C02795,24,21-30,31362.24,755.0,85821.88,11.8,4255.57,5000.0,0,1,7169.66,36,Self-employed,2.8722,1.9131,0.2286,Medium
C02796,62,46-65,158044.07,678.0,336512.8,1.7,231054.02,5000.0,0,1,92845.86,36,Salaried,3.5912,0.3796,0.5875,Medium
C02797,60,46-65,37162.73,662.0,127126.49,1.9,0.0,5000.0,1,0,3287.2,60,Salaried,3.4208,1.6145,0.0885,High
C02798,46,46-65,64963.79,562.0,105097.69,7.8,0.0,5000.0,1,4,31779.63,36,Salaried,1.6178,0.9236,0.4892,Medium
C02799,52,46-65,49639.13,731.0,66922.58,8.9,45192.37,5000.0,1,1,34735.32,36,Self-employed,2.2586,1.2087,0.6998,Low
C02800,38,31-45,53803.39,696.0,71472.96,11.0,35600.43,5000.0,0,3,26719.15,48,Self-employed,1.9901,1.1152,0.4966,Low
C02801,56,46-65,101001.34,611.0,167669.77,3.3,9369.71,6836.02,0,0,34360.03,36,Self-employed,1.7528,0.8122,0.3402,Low
C02802,41,31-45,148308.12,656.0,158113.97,13.1,25883.36,5000.0,0,0,4732.02,24,Salaried,1.2406,0.4046,0.0319,Low
C02803,65,46-65,125107.81,692.0,53615.2,3.3,159684.36,7649.81,0,1,17894.41,36,Salaried,1.7049,0.7337,0.143,Low
C02804,23,21-30,52024.58,638.0,44151.5,11.6,85411.45,5000.0,0,2,19108.43,48,Self-employed,2.4904,1.1533,0.3673,Low
C02805,28,21-30,71932.46,680.0,76653.02,4.2,80680.63,5000.0,1,3,18283.94,60,Salaried,2.1872,0.8341,0.2542,Low
C02806,64,46-65,42277.05,549.0,116341.82,12.7,55680.26,5000.0,0,0,19334.06,24,Salaried,4.0689,1.4192,0.4573,High
C02807,33,31-45,37676.43,781.0,25004.65,15.9,64629.87,5000.0,0,1,4444.27,24,Salaried,2.3791,1.5925,0.118,Low
C02808,34,31-45,34602.36,681.0,85386.98,5.0,49201.09,5000.0,1,0,11995.04,60,Business,3.8896,1.734,0.3467,Medium
C02809,56,46-65,51096.8,598.0,122635.51,11.5,29890.74,5000.0,0,3,16440.53,24,Salaried,2.985,1.1742,0.3218,High
C02810,29,21-30,74564.94,496.0,46359.44,9.9,0.0,5000.0,0,3,43292.49,12,Salaried,0.6217,0.8047,0.5806,Low
C02811,44,31-45,22711.9,757.0,51309.09,4.8,30910.18,5000.0,2,4,5573.03,36,Salaried,3.6201,2.6418,0.2454,High
C02812,33,31-45,63363.8,722.0,197490.51,3.2,130786.31,5000.0,0,1,881.78,36,Salaried,5.1808,0.9469,0.0139,Medium
C02813,29,21-30,149635.31,696.0,326623.57,13.3,233987.34,5765.68,0,1,6923.4,60,Salaried,3.7465,0.4624,0.0463,Low
C02814,64,46-65,120474.53,745.0,199427.63,24.1,14952.02,5761.31,1,0,51382.51,12,Self-employed,1.7795,0.5739,0.4265,Low
C02815,29,21-30,47112.39,745.0,144825.25,7.3,67018.68,5000.0,0,0,6759.05,36,Business,4.4966,1.2736,0.1435,Medium
C02816,25,21-30,30147.66,695.0,97257.66,1.8,13905.08,5000.0,0,1,7982.83,24,Business,3.6873,1.9902,0.2648,Medium
C02817,51,46-65,83704.6,661.0,233558.26,1.0,88253.79,5826.63,1,1,37490.93,48,Self-employed,3.8446,0.8353,0.4479,Medium
C02818,60,46-65,18170.54,649.0,28067.13,9.4,23622.63,5000.0,0,0,0.0,60,Business,2.8447,3.302,0.0,High
C02819,26,21-30,119698.02,712.0,245124.08,2.5,,5431.63,0,0,44452.86,48,Salaried,2.7826,0.5445,0.3714,Low
C02820,52,46-65,57795.69,785.0,119864.69,2.1,79800.41,5000.0,0,0,33000.32,24,Salaried,3.4547,1.0381,0.571,Low
C02821,45,31-45,177967.77,672.0,204618.59,4.8,81797.38,9521.29,0,0,95627.25,12,Salaried,1.6094,0.642,0.5373,Low
C02822,58,46-65,25142.41,791.0,35662.1,13.1,29165.63,5000.0,0,2,7716.24,12,Salaried,2.5784,2.3864,0.3069,Low
C02823,26,21-30,107701.95,708.0,313979.23,12.4,0.0,5000.0,0,0,12930.98,48,Salaried,2.9153,0.5571,0.1201,Low
C02824,64,46-65,61504.32,709.0,69461.19,13.6,78187.08,5000.0,0,4,42241.57,48,Self-employed,2.4006,0.9755,0.6868,Low
C02825,48,46-65,54179.87,850.0,180990.69,6.1,0.0,5000.0,0,3,34344.17,48,Business,3.3406,1.1074,0.6339,Low
C02826,58,46-65,30599.18,804.0,95261.46,6.4,4192.31,5000.0,0,1,11545.66,60,Business,3.2502,1.9608,0.3773,Low
C02827,37,31-45,90201.73,,102405.85,16.6,54238.05,5000.0,0,0,52448.38,24,Salaried,1.7366,0.6652,0.5815,Low
C02828,63,46-65,94279.41,620.0,50741.44,7.0,0.0,5574.08,0,1,4794.35,48,Salaried,0.5382,0.7095,0.0509,Low
C02829,49,46-65,173505.2,844.0,500000.0,3.1,59458.6,6783.01,0,1,23809.4,48,Salaried,3.2244,0.4691,0.1372,Low
C02830,26,21-30,113161.38,674.0,83416.54,5.0,55616.68,6294.89,0,2,51607.79,36,Self-employed,1.2286,0.6675,0.4561,Low
C02831,62,46-65,46887.21,663.0,120969.82,13.8,72221.73,5000.0,0,0,15509.67,12,Salaried,4.1203,1.2797,0.3308,Medium
C02832,56,46-65,37422.15,518.0,5000.0,11.4,16813.36,5000.0,0,2,12097.94,36,Salaried,0.5829,1.6033,0.3233,Medium
C02833,34,31-45,30621.95,704.0,34020.66,7.8,64404.09,5000.0,1,1,10694.28,24,Self-employed,3.2142,1.9594,0.3492,High
C02834,45,31-45,146153.97,599.0,164772.0,2.4,181682.0,5532.15,0,1,37762.26,48,Salaried,2.3705,0.4542,0.2584,Low
C02835,38,31-45,42367.92,711.0,49026.71,11.3,52648.03,5000.0,1,2,3715.41,48,Self-employed,2.3998,1.4162,0.0877,Medium
C02836,45,31-45,146718.19,593.0,472818.14,6.8,103185.69,9093.73,0,0,59238.38,36,Self-employed,3.9259,0.7438,0.4038,High
C02837,64,46-65,86762.71,815.0,62724.31,3.1,29649.21,5000.0,2,0,55118.16,48,Salaried,1.0647,0.6915,0.6353,Low
C02838,61,46-65,77931.78,721.0,51862.44,13.5,21313.23,5000.0,0,1,23934.72,36,Salaried,0.939,0.7699,0.3071,Low
C02839,30,21-30,54905.29,850.0,147158.42,7.1,25045.15,5000.0,0,1,2040.85,36,Salaried,3.1364,1.0928,0.0372,Low
C02840,64,46-65,93480.92,603.0,313191.3,9.1,100377.97,5000.0,0,2,52069.6,24,Salaried,4.4241,0.6418,0.557,Medium
C02841,40,31-45,64449.27,796.0,71929.44,18.2,46476.04,5000.0,0,0,24518.69,36,Self-employed,1.8372,0.931,0.3804,Low
C02842,52,46-65,53054.51,545.0,157357.9,10.6,90133.69,5000.0,0,1,9941.99,60,Salaried,4.6649,1.1309,0.1874,High
C02843,55,46-65,95315.26,696.0,33745.59,12.9,142234.7,5000.0,0,2,1876.31,60,Business,1.8463,0.6295,0.0197,Low
C02844,42,31-45,60051.5,633.0,180802.73,8.7,84687.67,5000.0,0,3,42153.31,36,Salaried,4.421,0.9991,0.702,High
C02845,41,31-45,41900.73,646.0,80272.4,14.6,22613.69,5000.0,0,1,27236.07,36,Salaried,2.4555,1.432,0.65,Low
C02846,41,31-45,90404.31,641.0,285075.21,3.7,109828.59,5000.0,0,0,48631.35,24,Business,4.3682,0.6637,0.5379,Medium
C02847,59,46-65,62752.3,611.0,152352.88,2.4,0.0,5000.0,0,2,16841.7,48,Self-employed,2.4278,0.9561,0.2684,Medium
C02848,38,31-45,85054.12,586.0,284769.39,3.3,148026.63,5000.0,0,1,41952.99,24,Salaried,5.0885,0.7054,0.4933,Medium
C02849,33,31-45,50641.14,647.0,75786.15,6.4,49894.68,5000.0,0,2,22100.24,60,Salaried,2.4818,1.1848,0.4364,Medium
C02850,37,31-45,33427.22,689.0,95998.95,12.9,58011.59,5000.0,0,1,4112.15,48,Salaried,4.6073,1.7949,0.123,High
C02851,29,21-30,168793.82,767.0,436989.17,5.9,183284.53,9030.05,1,3,101726.01,36,Salaried,3.6747,0.642,0.6027,Medium
C02852,38,31-45,152173.84,702.0,171793.87,12.7,159696.83,5984.3,0,0,80312.75,48,Salaried,2.1784,0.4719,0.5278,Low
C02853,26,21-30,105685.64,767.0,343398.73,9.4,106726.68,5000.0,0,2,65039.65,60,Self-employed,4.2591,0.5677,0.6154,Low
C02854,25,21-30,52514.61,569.0,145774.88,26.6,92238.53,5000.0,1,1,30873.62,48,Self-employed,4.5323,1.1425,0.5879,High
C02855,53,46-65,55103.45,648.0,177115.22,9.6,,5000.0,0,2,22528.59,24,Salaried,4.0091,1.0889,0.4088,Medium
C02856,24,21-30,139026.89,733.0,185741.33,5.4,201945.06,8033.38,0,0,69876.27,36,Self-employed,2.7886,0.6934,0.5026,Low
C02857,46,46-65,53505.3,706.0,147842.2,11.9,36796.73,5000.0,0,1,6393.47,36,Self-employed,3.4509,1.1214,0.1195,Medium
C02858,56,46-65,45900.75,615.0,55356.27,9.0,0.0,5000.0,0,0,0.0,36,Salaried,1.206,1.3072,0.0,Low
C02859,53,46-65,182019.96,750.0,500000.0,3.7,139879.21,8525.25,0,0,35848.46,24,Salaried,3.5154,0.562,0.1969,Low
C02860,41,31-45,63317.68,640.0,23830.8,7.7,0.0,5000.0,0,0,5080.92,12,Self-employed,0.3764,0.9476,0.0802,Low
C02861,29,21-30,171918.62,622.0,391703.84,7.6,126344.53,9324.73,0,2,27605.41,60,Salaried,3.0133,0.6509,0.1606,Medium
C02862,62,46-65,30122.48,717.0,15158.01,7.9,0.0,5000.0,0,1,6177.0,24,Salaried,0.5032,1.9919,0.2051,Low
C02863,58,46-65,86434.68,680.0,219365.13,3.9,133967.32,5000.0,0,1,57963.66,24,Salaried,4.0879,0.6942,0.6706,Low
C02864,48,46-65,203056.18,641.0,271931.95,24.3,217445.01,7885.32,0,2,115407.04,36,Salaried,2.4101,0.466,0.5684,Medium
C02865,24,21-30,66072.34,638.0,205119.23,2.6,30180.66,5000.0,0,1,12607.27,48,Business,3.5612,0.9081,0.1908,Medium
C02866,22,21-30,56215.07,600.0,156368.77,18.4,49673.2,5000.0,0,1,0.0,36,Salaried,3.6652,1.0673,0.0,Medium
C02867,35,31-45,34196.51,650.0,47524.83,8.4,45643.29,5000.0,0,2,20236.49,24,Salaried,2.7245,1.7546,0.5918,Medium
C02868,28,21-30,117881.04,763.0,366041.96,4.4,0.0,5000.0,0,2,20069.62,60,Salaried,3.1052,0.509,0.1703,Low
C02869,59,46-65,42555.83,698.0,88448.99,22.0,14931.91,5000.0,0,0,24523.28,60,Salaried,2.4293,1.4099,0.5763,Low
C02870,30,21-30,61697.45,752.0,98988.58,0.7,92101.59,5000.0,0,1,48073.31,12,Salaried,3.0972,0.9725,0.7792,Low
C02871,33,31-45,32963.83,719.0,46626.14,4.4,21156.41,5000.0,0,1,16957.69,36,Salaried,2.0563,1.8202,0.5144,Low
C02872,64,46-65,153036.94,634.0,135838.01,7.3,266214.32,5000.0,0,3,34663.85,36,Self-employed,2.6272,0.3921,0.2265,Low
C02873,57,46-65,122679.37,556.0,34712.62,4.8,221268.44,7351.75,0,2,73067.13,36,Self-employed,2.0866,0.7191,0.5956,Low
C02874,30,21-30,63880.6,610.0,125452.86,7.9,43054.89,5000.0,0,1,9068.29,36,Salaried,2.6379,0.9393,0.142,Low
C02875,38,31-45,34453.32,630.0,62153.67,12.3,38935.43,5000.0,0,4,19382.53,48,Salaried,2.9341,1.7415,0.5626,High
C02876,44,31-45,151280.56,624.0,233440.42,3.2,284446.39,5000.0,0,0,12050.51,36,Business,3.4234,0.3966,0.0797,Low
C02877,50,46-65,53150.36,754.0,186749.47,9.9,468.1,5000.0,0,2,15926.34,48,Business,3.5224,1.1289,0.2996,Low
C02878,63,46-65,35393.37,753.0,13578.36,13.0,14907.97,5000.0,0,2,5030.68,12,Salaried,0.8048,1.6952,0.1421,Low
C02879,60,46-65,24660.98,846.0,64280.87,3.4,0.0,5000.0,0,0,13755.63,36,Salaried,2.6066,2.433,0.5578,Low
C02880,64,46-65,45563.48,623.0,123632.05,9.4,40973.78,5000.0,0,4,24433.37,36,Salaried,3.6127,1.3168,0.5362,High
C02881,22,21-30,29204.89,800.0,72814.21,7.5,49273.68,5000.0,0,0,5634.96,12,Salaried,4.1804,2.0545,0.1929,Low
C02882,31,31-45,46147.18,799.0,71634.49,4.0,,5000.0,0,1,17264.21,24,Salaried,2.9616,1.3002,0.3741,Low
C02883,46,46-65,97886.84,663.0,84728.83,4.3,34013.29,6812.1,1,1,25357.43,48,Salaried,1.2131,0.8351,0.259,Low
C02884,23,21-30,52874.29,716.0,168771.17,4.3,70554.06,5000.0,1,1,2027.32,24,Salaried,4.5263,1.1348,0.0383,High
C02885,36,31-45,79045.1,773.0,205700.15,6.0,96107.84,5000.0,0,0,19419.69,48,Self-employed,3.8182,0.7591,0.2457,Low
C02886,27,21-30,43665.28,676.0,128092.52,6.1,38913.62,5000.0,0,2,20360.69,60,Salaried,3.8247,1.3741,0.4663,Medium
C02887,62,46-65,67372.05,670.0,64469.19,18.8,87283.02,5000.0,0,1,394.77,36,Salaried,2.2525,0.8906,0.0059,Low
C02888,23,21-30,186957.76,633.0,377697.36,10.4,80828.12,6433.2,2,0,71899.21,24,Self-employed,2.4526,0.4129,0.3846,High
C02889,27,21-30,53662.79,503.0,69351.27,10.6,8438.19,5000.0,0,2,26155.93,36,Salaried,1.4496,1.1181,0.4874,Medium
C02890,29,21-30,80304.32,685.0,189014.17,9.1,24549.83,5000.0,0,1,62067.13,36,Salaried,2.6594,0.7472,0.7729,Low
C02891,27,21-30,27476.95,627.0,61642.33,9.6,26103.14,5000.0,0,0,16142.37,12,Salaried,3.1934,2.1836,0.5875,Medium
C02892,46,46-65,149971.55,599.0,116584.9,11.1,196618.24,5000.0,0,1,65104.77,36,Salaried,2.0884,0.4001,0.4341,Low
C02893,37,31-45,49995.03,,25998.96,3.6,68949.27,5000.0,0,0,8924.58,36,Salaried,1.8992,1.2001,0.1785,Low
C02894,62,46-65,115836.62,571.0,21296.17,7.8,135419.77,6917.02,0,2,44588.04,24,Self-employed,1.3529,0.7166,0.3849,Low
C02895,32,31-45,60742.17,740.0,40815.93,4.4,91693.25,5000.0,1,3,2880.34,36,Salaried,2.1815,0.9878,0.0474,Low
C02896,45,31-45,90990.57,716.0,86352.76,15.1,71612.53,5000.0,0,2,9459.44,36,Salaried,1.7361,0.6594,0.104,Low
C02897,50,46-65,94014.04,650.0,37979.08,5.7,167429.11,5000.0,0,2,42682.2,36,Business,2.1849,0.6382,0.454,Low
C02898,49,46-65,50680.7,675.0,59064.07,11.1,83244.26,5000.0,0,4,12133.11,48,Salaried,2.8079,1.1839,0.2394,Medium
C02899,56,46-65,118502.71,591.0,287833.85,12.4,82471.27,5000.0,0,2,24186.35,12,Salaried,3.1249,0.5063,0.2041,Medium
C02900,30,21-30,42817.44,736.0,123149.7,10.0,10462.33,5000.0,2,1,15739.22,36,Self-employed,3.1205,1.4013,0.3676,High
C02901,43,31-45,99708.52,694.0,142124.18,9.3,178457.59,6278.95,0,2,24058.24,60,Salaried,3.2152,0.7557,0.2413,Low
C02902,57,46-65,52445.49,700.0,24444.55,8.4,43066.31,5000.0,2,4,7659.55,48,Self-employed,1.2873,1.144,0.146,Low
C02903,59,46-65,78778.82,718.0,206228.12,12.8,101385.14,5000.0,0,1,51237.72,48,Business,3.9048,0.7616,0.6504,Medium
C02904,48,46-65,50415.12,,60158.91,4.7,58508.95,5000.0,0,0,2053.33,24,Self-employed,2.3538,1.1901,0.0407,Low
C02905,50,46-65,66811.42,566.0,50993.19,10.5,49504.27,5000.0,0,3,26265.73,24,Self-employed,1.5042,0.8981,0.3931,Low
C02906,59,46-65,35992.33,752.0,65381.86,2.0,41033.16,5000.0,0,2,11958.52,48,Salaried,2.9566,1.667,0.3323,Low
C02907,49,46-65,74480.97,732.0,261096.17,5.5,55746.27,5000.0,0,2,40462.53,48,Salaried,4.254,0.8056,0.5433,Medium
C02908,63,46-65,66599.07,640.0,84226.17,6.0,73680.18,5000.0,0,1,11382.21,24,Self-employed,2.371,0.9009,0.1709,Medium
C02909,26,21-30,48293.78,711.0,165021.02,2.8,61595.7,5000.0,1,1,5266.3,36,Salaried,4.6925,1.2424,0.109,Medium
C02910,36,31-45,63062.22,774.0,61201.27,9.3,67845.9,5000.0,0,1,38818.07,48,Salaried,2.0463,0.9514,0.6156,Low
C02911,26,21-30,69971.62,765.0,42418.63,4.9,80158.69,5000.0,0,0,25426.77,36,Salaried,1.7518,0.8575,0.3634,Low
C02912,25,21-30,46311.53,638.0,39992.79,17.0,28141.52,5000.0,0,1,1141.96,48,Salaried,1.4712,1.2956,0.0247,Low
C02913,42,31-45,60556.09,568.0,143392.9,7.1,75310.98,5000.0,0,0,27688.01,36,Self-employed,3.6116,0.9908,0.4572,High
C02914,31,31-45,37387.4,581.0,83264.31,12.2,25867.15,5000.0,0,1,9402.14,60,Business,2.9189,1.6048,0.2515,Medium
C02915,39,31-45,236167.3,657.0,498340.93,15.3,305199.36,6772.78,0,1,130428.59,48,Salaried,3.4024,0.3441,0.5523,Medium
C02916,40,31-45,116384.87,790.0,389443.33,11.3,159512.92,5000.0,1,1,6721.99,48,Self-employed,4.7167,0.5155,0.0578,Medium
C02917,48,46-65,75534.46,625.0,134039.82,6.4,43382.6,5000.0,0,1,25717.94,12,Business,2.3489,0.7943,0.3405,Medium
C02918,63,46-65,123847.3,635.0,67445.19,8.4,110758.26,5000.0,0,0,45296.25,60,Salaried,1.4389,0.4845,0.3657,Low
C02919,59,46-65,21884.93,634.0,50922.86,2.8,10604.15,5000.0,0,2,13272.93,36,Self-employed,2.8114,2.7416,0.6065,Medium
C02920,38,31-45,18000.0,640.0,5863.4,12.4,20496.31,5000.0,0,1,24751.94,24,Self-employed,1.4644,3.3333,1.3751,Low
C02921,35,31-45,52184.07,679.0,102412.14,27.3,30388.07,5000.0,0,2,10585.9,36,Business,2.5448,1.1498,0.2029,Low
C02922,55,46-65,30452.77,584.0,81327.27,14.5,36474.24,5000.0,0,1,5364.27,48,Salaried,3.8683,1.9703,0.1762,High
C02923,26,21-30,57068.61,761.0,113234.26,6.2,85435.54,5000.0,0,2,24625.97,60,Self-employed,3.4812,1.0514,0.4315,Low
C02924,45,31-45,72784.17,669.0,88107.85,6.6,120519.96,5000.0,0,0,18441.6,36,Salaried,2.8664,0.8244,0.2534,Low
C02925,40,31-45,107836.4,850.0,246621.21,14.9,149140.63,5000.0,0,2,33650.02,36,Salaried,3.67,0.5564,0.312,Low
C02926,29,21-30,34755.65,592.0,23705.23,3.2,20866.47,5000.0,1,1,27675.95,48,Salaried,1.2824,1.7263,0.7963,Medium
C02927,48,46-65,80978.54,799.0,101471.26,5.1,65643.91,5000.0,0,1,56269.73,60,Self-employed,2.0637,0.7409,0.6949,Low
C02928,35,31-45,65516.47,784.0,109860.77,5.4,41938.57,5000.0,0,1,33921.73,60,Salaried,2.317,0.9158,0.5178,Low
C02929,29,21-30,78690.1,649.0,76618.68,1.9,18426.16,5000.0,0,1,998.48,36,Salaried,1.2078,0.7625,0.0127,Low
C02930,50,46-65,48838.2,650.0,14475.58,10.8,78352.71,5000.0,0,4,16326.69,36,Salaried,1.9007,1.2285,0.3343,Low
C02931,28,21-30,139088.66,611.0,287135.51,6.3,144070.42,5000.0,0,1,60395.98,24,Self-employed,3.1002,0.4314,0.4342,Medium
C02932,51,46-65,61402.93,612.0,87098.93,6.3,70365.64,5000.0,0,3,38666.78,12,Salaried,2.5644,0.9772,0.6297,Medium
C02933,28,21-30,172463.82,680.0,255747.62,9.0,54126.01,8942.59,1,5,16296.5,60,Salaried,1.7967,0.6222,0.0945,Medium
C02934,40,31-45,42084.25,682.0,151243.13,2.5,19515.84,5000.0,0,0,0.0,60,Self-employed,4.0576,1.4257,0.0,High
C02935,57,46-65,97801.73,560.0,37925.26,7.9,44614.2,6921.34,0,0,15222.84,48,Salaried,0.8439,0.8492,0.1557,Low
C02936,31,31-45,62901.47,850.0,44760.51,2.4,4045.41,5000.0,0,2,41893.1,48,Business,0.7759,0.9539,0.666,Low
C02937,55,46-65,54278.54,661.0,173005.34,10.8,70824.89,5000.0,2,4,18600.91,36,Salaried,4.4922,1.1054,0.3427,High
C02938,53,46-65,92034.24,685.0,48063.95,16.1,41760.23,5000.0,0,0,17319.77,60,Self-employed,0.976,0.6519,0.1882,Low
C02939,61,46-65,55138.15,633.0,170848.27,12.3,49388.34,5000.0,0,1,19982.05,36,Self-employed,3.9943,1.0882,0.3624,Medium
C02940,28,21-30,18000.0,660.0,47633.93,5.5,9588.33,5000.0,0,1,0.0,36,Business,3.179,3.3333,0.0,Medium
C02941,53,46-65,18000.0,653.0,8817.35,11.5,19699.5,5000.0,0,1,9075.47,24,Self-employed,1.5843,3.3333,0.5042,Low
C02942,63,46-65,130871.96,680.0,141708.36,6.9,157562.13,7601.03,1,4,45099.88,48,Self-employed,2.2867,0.697,0.3446,Medium
C02943,55,46-65,,679.0,189513.11,8.7,133181.17,5000.0,1,1,46233.34,60,Self-employed,2.5236,0.4692,0.3616,Medium
C02944,29,21-30,183538.56,740.0,500000.0,11.1,137353.99,5463.81,0,1,109960.01,12,Salaried,3.4726,0.3572,0.5991,Low
C02945,57,46-65,64376.38,697.0,30286.69,0.6,117135.27,5000.0,1,1,4882.09,24,Business,2.29,0.932,0.0758,Medium
C02946,25,21-30,31926.56,733.0,92432.53,2.0,22732.69,5000.0,1,2,11032.31,48,Business,3.6072,1.8793,0.3456,High
C02947,47,46-65,51604.88,679.0,136470.33,7.3,72288.57,5000.0,0,1,18577.13,24,Salaried,4.0453,1.1627,0.36,High
C02948,43,31-45,65409.71,697.0,169709.6,4.6,105602.33,5000.0,1,2,9606.76,36,Self-employed,4.209,0.9173,0.1469,High
C02949,44,31-45,37356.85,662.0,22438.74,8.0,35132.17,5000.0,0,0,1260.18,12,Self-employed,1.5411,1.6061,0.0337,Low
C02950,44,31-45,160951.55,755.0,412806.94,8.9,109292.58,5000.0,0,2,84883.98,36,Business,3.2438,0.3728,0.5274,Low
C02951,22,21-30,222764.21,704.0,500000.0,5.5,3413.78,6533.31,0,1,137949.61,60,Salaried,2.2599,0.3519,0.6193,Low
C02952,43,31-45,84558.34,668.0,16653.93,6.5,55088.97,5000.0,0,0,13658.04,36,,0.8484,0.7096,0.1615,Low
C02953,63,46-65,64612.78,666.0,212605.86,3.9,37082.2,5000.0,0,0,0.0,36,Salaried,3.8644,0.9286,0.0,Medium
C02954,40,31-45,31885.63,672.0,13492.4,9.6,26056.73,5000.0,1,3,6060.7,60,Salaried,1.2403,1.8817,0.1901,Low
C02955,33,31-45,152158.98,682.0,500000.0,13.3,56996.02,7220.63,0,3,99228.76,36,Salaried,3.6606,0.5695,0.6521,Low
C02956,65,46-65,67786.02,676.0,19589.77,2.5,27071.4,5000.0,0,0,17303.84,24,Salaried,0.6884,0.8851,0.2553,Low
C02957,25,21-30,55442.52,638.0,52775.46,12.9,818.26,5000.0,0,0,35585.73,60,Salaried,0.9667,1.0822,0.6418,Low
C02958,42,31-45,84693.01,737.0,219007.33,10.5,119950.74,5000.0,0,0,14258.6,48,Salaried,4.0022,0.7084,0.1684,Low
C02959,44,31-45,47098.72,742.0,29777.81,12.3,35661.94,5000.0,1,1,10897.87,48,Salaried,1.3894,1.2739,0.2314,Low
C02960,42,31-45,70468.7,814.0,50661.03,16.4,84076.72,5000.0,2,2,21342.55,48,Salaried,1.912,0.8514,0.3029,Low
C02961,62,46-65,29401.05,635.0,5182.93,5.5,21289.29,5000.0,0,2,14448.72,36,Self-employed,0.9004,2.0407,0.4914,Low
C02962,39,31-45,118189.02,730.0,336953.02,14.9,58600.31,6319.01,0,1,41517.62,60,Self-employed,3.3468,0.6416,0.3513,Low
C02963,64,46-65,61372.46,537.0,6995.98,16.5,85650.01,5000.0,0,2,13344.57,48,Self-employed,1.5096,0.9776,0.2174,Medium
C02964,24,21-30,122943.85,742.0,291008.48,2.8,148171.96,6039.47,0,3,7427.54,24,Self-employed,3.5722,0.5895,0.0604,Low
C02965,54,46-65,58192.84,571.0,138624.52,8.9,83743.59,5000.0,1,2,10626.37,36,Salaried,3.8212,1.0311,0.1826,High
C02966,47,46-65,60308.76,606.0,94419.3,8.7,100931.43,5000.0,0,0,30839.41,12,Salaried,3.2392,0.9949,0.5114,Medium
C02967,31,31-45,33368.51,705.0,52763.4,17.2,40377.94,5000.0,0,1,6384.9,12,Salaried,2.7913,1.7981,0.1913,Medium
C02968,31,31-45,98716.65,633.0,122462.4,31.7,164216.38,5000.0,0,0,73436.17,48,Salaried,2.9041,0.6078,0.7439,Low
C02969,53,46-65,40152.12,623.0,122624.6,12.4,0.0,5000.0,0,3,0.0,36,Self-employed,3.054,1.4943,0.0,High
C02970,49,46-65,49742.26,644.0,133613.21,24.6,35874.78,5000.0,0,1,29431.78,36,Salaried,3.4073,1.2062,0.5917,Medium
C02971,48,46-65,65037.45,735.0,205025.93,4.8,112790.14,5000.0,0,1,31798.14,48,Self-employed,4.8867,0.9225,0.4889,Medium
C02972,23,21-30,69481.5,610.0,200256.01,11.6,73671.2,5000.0,0,1,22574.68,36,Salaried,3.9424,0.8635,0.3249,Low
C02973,47,46-65,25432.65,676.0,90970.46,7.9,26720.07,5000.0,0,1,4507.45,48,Salaried,4.6275,2.3592,0.1772,Medium
C02974,65,46-65,57250.94,652.0,184295.7,11.0,69495.88,5000.0,0,3,7026.18,48,Salaried,4.433,1.048,0.1227,Medium
C02975,21,21-30,100661.55,741.0,153483.04,12.5,136739.27,7028.77,0,0,6887.41,48,Business,2.8831,0.8379,0.0684,Low
C02976,42,31-45,52788.92,744.0,176026.26,13.8,57301.73,5000.0,0,3,13772.21,36,Salaried,4.42,1.1366,0.2609,Medium
C02977,43,31-45,57442.52,542.0,22344.72,6.6,6511.85,5000.0,0,1,10067.29,36,Business,0.5024,1.0445,0.1753,Low
C02978,61,46-65,71073.22,758.0,48784.76,7.4,7733.38,5000.0,0,1,33035.1,36,Salaried,0.7952,0.8442,0.4648,Low
C02979,33,31-45,60649.36,634.0,98138.63,13.1,42878.32,5000.0,1,1,31814.37,36,Salaried,2.3251,0.9893,0.5246,Medium
C02980,42,31-45,36877.58,698.0,68850.85,10.0,60665.28,5000.0,0,0,14604.32,12,Business,3.5121,1.627,0.396,High
C02981,53,46-65,63713.53,610.0,95771.78,5.2,68278.84,5000.0,0,0,23096.42,24,Salaried,2.5748,0.9417,0.3625,Medium
C02982,23,21-30,112294.8,708.0,225160.67,7.6,167253.05,5000.0,0,0,75127.08,12,Self-employed,3.4945,0.5343,0.669,Medium
C02983,57,46-65,36460.9,850.0,70856.96,15.6,24523.21,5000.0,1,0,3909.23,36,Self-employed,2.616,1.6456,0.1072,Low
C02984,57,46-65,52901.0,690.0,181221.37,4.2,92294.16,5000.0,0,1,36514.33,36,Salaried,5.1703,1.1342,0.6902,Medium
C02985,53,46-65,30401.44,646.0,44263.59,8.1,47549.42,5000.0,0,1,11031.85,48,Self-employed,3.02,1.9736,0.3629,Medium
C02986,50,46-65,109087.18,663.0,128790.87,3.1,62845.05,7716.48,0,2,37893.34,24,Salaried,1.7567,0.8488,0.3474,Low
C02987,54,46-65,61780.65,570.0,155914.31,16.4,56449.18,5000.0,0,2,4643.47,36,Business,3.4374,0.9712,0.0752,Medium
C02988,56,46-65,40722.37,789.0,93568.35,32.7,61070.75,5000.0,0,1,13572.51,60,Salaried,3.7974,1.4734,0.3333,Low
C02989,61,46-65,68383.62,703.0,188818.79,19.1,0.0,5000.0,0,0,7617.86,36,Salaried,2.7612,0.8774,0.1114,Low
C02990,40,31-45,33528.88,601.0,59016.91,5.8,0.0,5000.0,1,1,0.0,36,Salaried,1.7602,1.7895,0.0,High
C02991,41,31-45,36817.19,604.0,22298.42,5.8,40138.73,5000.0,0,0,16729.79,48,Salaried,1.6959,1.6297,0.4544,Low
C02992,49,46-65,29116.76,681.0,94689.52,15.9,39563.13,5000.0,0,1,12201.69,48,Salaried,4.6108,2.0607,0.4191,High
C02993,29,21-30,36149.34,750.0,17776.92,14.7,30533.2,5000.0,0,3,22444.88,36,Salaried,1.3364,1.6598,0.6209,Low
C02994,59,46-65,137129.12,594.0,353469.74,20.8,94748.03,5065.41,1,1,74683.28,36,Self-employed,3.2686,0.4433,0.5446,High
C02995,55,46-65,43430.94,764.0,65708.12,8.4,88208.22,5000.0,0,0,31867.42,36,Salaried,3.5439,1.3815,0.7337,Low
C02996,49,46-65,83999.52,673.0,128707.54,3.7,30812.52,5000.0,0,1,21797.16,36,Salaried,1.8991,0.7143,0.2595,Low
C02997,34,31-45,41034.84,610.0,120477.27,8.5,72932.73,5000.0,0,1,11091.59,60,Salaried,4.7133,1.4622,0.2703,Medium
C02998,36,31-45,98704.53,645.0,136368.56,7.7,28827.4,5000.0,0,2,25052.21,24,Salaried,1.6736,0.6079,0.2538,Low
C02999,40,31-45,36967.61,811.0,31172.05,28.6,18195.49,5000.0,0,0,16230.01,60,Salaried,1.3354,1.623,0.439,Low
C03000,50,46-65,66417.64,576.0,190252.21,12.6,0.0,5000.0,0,1,53612.0,48,Self-employed,2.8645,0.9034,0.8072,Medium
C03001,56,46-65,66917.16,625.0,27065.5,2.0,1125.73,5000.0,0,2,23926.14,60,Salaried,0.4213,0.8966,0.3575,Low
C03002,51,46-65,233850.08,751.0,257313.12,12.9,114079.87,16176.71,0,2,120973.41,36,Self-employed,1.5882,0.8301,0.5173,High
C03003,62,46-65,91938.62,696.0,183037.91,16.5,86370.14,5000.0,0,0,64874.91,48,Self-employed,2.9303,0.6526,0.7056,Medium
C03004,64,46-65,46912.78,621.0,65856.77,15.0,0.0,5000.0,0,3,14145.49,48,Business,1.4038,1.279,0.3015,Low
C03005,52,46-65,94742.64,752.0,214261.43,14.4,145657.53,5000.0,1,1,54750.8,36,Salaried,3.7989,0.6333,0.5779,Low
C03006,37,31-45,210689.02,756.0,294445.07,9.9,143137.19,8441.98,0,0,144328.91,48,Salaried,2.0769,0.4808,0.685,Low
C03007,47,46-65,26524.99,705.0,43937.4,7.4,31128.57,5000.0,0,3,20133.77,48,Self-employed,2.83,2.262,0.759,Low
C03008,40,31-45,40895.59,634.0,46261.8,3.5,34951.11,5000.0,0,0,25612.37,48,Salaried,1.9859,1.4672,0.6263,Low
C03009,49,46-65,57059.44,646.0,183348.06,21.6,14051.89,5000.0,0,0,10646.29,36,Business,3.4595,1.0515,0.1866,Medium
C03010,57,46-65,51675.76,701.0,23976.86,11.9,69859.03,5000.0,0,2,27704.07,36,Self-employed,1.8159,1.1611,0.5361,Low
C03011,37,31-45,54129.05,582.0,182278.34,5.9,30028.14,5000.0,0,1,41198.52,60,Self-employed,3.9222,1.1085,0.7611,High
C03012,43,31-45,31723.56,780.0,46112.74,9.2,62892.32,5000.0,0,1,0.0,60,Salaried,3.4361,1.8913,0.0,Low
C03013,23,21-30,140690.59,808.0,202208.02,3.6,138138.77,9548.68,0,1,18201.13,24,Self-employed,2.4191,0.8144,0.1294,Low
C03014,54,46-65,29723.93,662.0,94442.84,9.2,0.0,5000.0,0,2,20854.01,36,Self-employed,3.1773,2.0186,0.7016,Medium
C03015,43,31-45,58222.4,707.0,83391.98,18.0,74420.24,5000.0,0,2,3845.38,24,Business,2.7105,1.0305,0.066,Medium
C03016,41,31-45,115537.38,769.0,261213.34,12.9,22115.69,6977.94,1,3,63361.63,24,Salaried,2.4523,0.7247,0.5484,Low
C03017,44,31-45,63929.8,827.0,218227.7,16.2,,5000.0,1,0,37838.48,12,Business,5.1283,0.9385,0.5919,Low
C03018,30,21-30,37929.17,797.0,119902.49,15.4,15487.4,5000.0,0,3,22642.44,36,Self-employed,3.5695,1.5819,0.597,Medium
C03019,47,46-65,30957.51,550.0,38067.33,11.3,39585.67,5000.0,0,0,6288.72,48,Self-employed,2.5084,1.9381,0.2031,High
C03020,54,46-65,57276.35,656.0,138943.44,7.8,39588.57,5000.0,0,1,1064.14,24,Salaried,3.117,1.0476,0.0186,Low
C03021,36,31-45,42863.52,718.0,70290.74,6.7,46332.16,5000.0,0,1,18249.21,48,Business,2.7208,1.3998,0.4258,Low
C03022,26,21-30,72767.13,643.0,196089.54,20.7,111039.62,5000.0,0,1,17993.02,36,Salaried,4.2207,0.8245,0.2473,High
C03023,38,31-45,30071.84,814.0,36058.71,12.2,23675.98,5000.0,0,0,16960.22,36,,1.9864,1.9952,0.564,Low
C03024,29,21-30,101652.17,802.0,49366.27,11.6,101534.2,6962.9,1,0,38833.58,12,Salaried,1.4845,0.822,0.382,Low
C03025,37,31-45,69264.98,619.0,129957.66,12.1,19429.04,5000.0,0,4,12506.27,36,Salaried,2.1567,0.8662,0.1806,Medium
C03026,49,46-65,72153.61,668.0,52548.52,7.1,119385.19,5000.0,0,0,12783.79,48,Salaried,2.3829,0.8316,0.1772,Low
C03027,26,21-30,143592.51,624.0,368469.67,11.1,143436.51,9902.08,0,1,36578.27,36,Business,3.565,0.8275,0.2547,High
C03028,54,46-65,51090.56,665.0,20816.27,5.5,75224.32,5000.0,0,1,29463.95,36,Salaried,1.8798,1.1744,0.5767,Low
C03029,31,31-45,43605.71,663.0,23142.7,6.3,14642.02,5000.0,1,0,13962.89,36,Salaried,0.8665,1.376,0.3202,Low
C03030,61,46-65,48092.07,752.0,105721.97,13.3,5132.63,5000.0,0,2,0.0,36,Business,2.305,1.2476,0.0,Low
C03031,53,46-65,58469.06,613.0,114286.92,11.9,39789.96,5000.0,0,0,14807.69,24,Business,2.6352,1.0262,0.2533,Medium
C03032,33,31-45,61828.01,484.0,220337.68,13.5,85684.94,5000.0,1,2,49623.7,12,,4.9496,0.9704,0.8026,High
C03033,46,46-65,41161.51,560.0,48492.48,14.7,38645.43,5000.0,0,1,6704.81,36,Salaried,2.117,1.4577,0.1629,Medium
C03034,25,21-30,21363.64,603.0,16390.32,7.2,23314.38,5000.0,0,0,13607.0,48,Salaried,1.8585,2.8085,0.6369,Low
C03035,25,21-30,47745.09,631.0,9235.4,8.7,44172.67,5000.0,0,1,0.0,60,Salaried,1.1186,1.2567,0.0,Low
C03036,64,46-65,79224.96,694.0,148278.36,12.9,45714.29,5406.46,0,0,27792.7,36,Business,2.4486,0.8189,0.3508,Low
C03037,57,46-65,70058.41,599.0,31717.49,5.0,37858.9,5000.0,0,1,37459.72,36,Salaried,0.9931,0.8564,0.5347,Low
C03038,27,21-30,125730.69,589.0,355041.76,0.7,153245.93,8820.25,0,1,82011.45,24,Salaried,4.0427,0.8418,0.6523,High
C03039,33,31-45,190548.14,610.0,72946.01,2.5,64315.69,13125.1,0,3,58300.32,36,Salaried,0.7204,0.8266,0.306,Low
C03040,29,21-30,98693.67,596.0,300810.48,6.1,104338.63,5152.74,0,1,69793.27,36,Self-employed,4.1051,0.6265,0.7072,Medium
C03041,38,31-45,139041.66,638.0,270083.94,7.3,192992.35,7068.53,0,1,101438.68,36,Salaried,3.3305,0.61,0.7296,Medium
C03042,34,31-45,99098.38,635.0,244483.19,10.9,25284.6,6508.45,0,2,16270.89,36,Salaried,2.7222,0.7881,0.1642,Medium
C03043,35,31-45,166472.79,732.0,96547.32,16.7,209088.12,9880.33,0,1,6506.33,60,Business,1.8359,0.7122,0.0391,Low
C03044,44,31-45,179892.02,606.0,74320.04,7.6,11568.94,9125.39,0,2,86815.92,36,Salaried,0.4774,0.6087,0.4826,Low
C03045,29,21-30,109675.73,653.0,152657.33,5.8,160874.27,6200.08,0,1,42469.51,36,Salaried,2.8587,0.6784,0.3872,Medium
C03046,60,46-65,95860.72,639.0,188878.93,3.6,47752.08,5000.0,0,1,40207.5,36,Salaried,2.4685,0.6259,0.4194,Low
C03047,53,46-65,58061.89,741.0,117590.45,5.3,34021.15,5000.0,0,2,3024.25,36,Salaried,2.6112,1.0334,0.0521,Low
C03048,55,46-65,63538.86,668.0,76585.86,5.3,23692.99,5000.0,0,2,575.73,60,Business,1.5782,0.9443,0.0091,Low
C03049,28,21-30,53978.01,759.0,46894.34,9.5,59050.79,5000.0,1,3,12308.96,24,Business,1.9627,1.1116,0.228,Low
C03050,52,46-65,91475.91,594.0,317012.67,5.3,40178.75,5000.0,0,0,17213.17,60,Salaried,3.9048,0.6559,0.1882,High
C03051,58,46-65,43737.06,676.0,60289.95,7.0,53082.09,5000.0,0,1,13804.18,24,Salaried,2.5921,1.3718,0.3156,Medium
C03052,28,21-30,58514.75,637.0,49600.03,6.5,90945.63,5000.0,0,0,14626.64,60,Salaried,2.4019,1.0254,0.25,Low
C03053,54,46-65,18000.0,588.0,18383.93,8.9,12416.86,5000.0,0,0,3164.14,36,Salaried,1.7112,3.3333,0.1758,Low
C03054,37,31-45,167684.91,675.0,215762.68,12.5,61928.32,5000.0,0,1,52748.31,12,Self-employed,1.656,0.3578,0.3146,Low
C03055,56,46-65,57577.18,810.0,86360.64,11.1,33812.79,5000.0,0,2,31135.98,48,Salaried,2.0872,1.0421,0.5408,Low
C03056,42,31-45,83509.18,616.0,176854.48,4.6,102565.77,5000.0,0,2,5272.93,60,Self-employed,3.346,0.7185,0.0631,Medium
C03057,57,46-65,144918.27,670.0,300933.25,6.0,187623.85,9281.81,0,2,19192.91,48,Salaried,3.3713,0.7686,0.1324,Medium
C03058,27,21-30,76672.93,582.0,180097.02,14.0,131023.83,5000.0,0,1,34391.83,24,Salaried,4.0578,0.7825,0.4486,Medium
C03059,38,31-45,143850.75,571.0,100421.65,16.0,166275.33,10077.36,0,1,85226.58,36,Salaried,1.854,0.8407,0.5925,Low
C03060,33,31-45,32832.91,621.0,7403.73,3.2,60089.75,5000.0,0,0,12845.33,12,Salaried,2.0557,1.8274,0.3912,Low
C03061,32,31-45,242971.56,646.0,500000.0,2.8,82641.76,11711.02,0,2,41058.52,60,Salaried,2.398,0.5784,0.169,Medium
C03062,34,31-45,118190.52,650.0,95233.66,21.1,183046.33,8234.12,1,1,66558.3,24,Self-employed,2.3545,0.836,0.5631,Medium
C03063,38,31-45,72926.25,663.0,77195.65,3.6,11081.97,5000.0,0,4,30021.09,60,Salaried,1.2105,0.8227,0.4117,Low
C03064,26,21-30,142334.64,556.0,229729.18,5.0,184011.62,6579.24,1,3,56122.06,24,Salaried,2.9068,0.5547,0.3943,High
C03065,52,46-65,34179.91,633.0,97299.94,7.2,45578.79,5000.0,0,1,0.0,12,Salaried,4.1802,1.7554,0.0,High
C03066,45,31-45,55459.28,718.0,56744.38,4.8,33232.54,5000.0,0,0,17757.4,48,Salaried,1.6224,1.0819,0.3202,Low
C03067,58,46-65,143843.37,578.0,475073.46,5.0,75691.48,9687.36,0,0,98952.4,36,Business,3.8289,0.8082,0.6879,High
C03068,52,46-65,23277.89,653.0,35435.56,5.1,11365.19,5000.0,0,2,12126.38,36,Business,2.0105,2.5776,0.5209,Medium
C03069,27,21-30,88467.84,702.0,299576.45,9.5,148123.82,5880.84,0,0,21441.7,48,Business,5.0606,0.7977,0.2424,Medium
C03070,24,21-30,87102.38,621.0,89668.6,2.4,53874.62,5000.0,0,1,19639.14,24,Business,1.648,0.6888,0.2255,Low
C03071,40,31-45,191993.49,706.0,500000.0,14.0,129332.14,10478.75,0,2,5148.51,36,Salaried,3.2779,0.6549,0.0268,Medium
C03072,42,31-45,27214.82,566.0,35959.44,2.8,39298.66,5000.0,0,2,7155.52,24,Business,2.7653,2.2047,0.2629,High
C03073,31,31-45,157540.78,747.0,469269.18,19.7,199465.82,5000.0,2,0,70937.75,24,Salaried,4.2448,0.3809,0.4503,Low
C03074,56,46-65,47783.4,707.0,100491.35,6.2,34722.34,5000.0,1,2,8337.4,48,Business,2.8297,1.2557,0.1745,High
C03075,47,46-65,50832.3,684.0,158034.46,5.8,41718.45,5000.0,1,4,299.97,36,Salaried,3.9296,1.1804,0.0059,High
C03076,54,46-65,33191.2,764.0,111588.03,2.0,51049.86,5000.0,0,2,17853.66,24,Salaried,4.9,1.8077,0.5379,Low
C03077,25,21-30,35732.79,655.0,64241.63,1.8,37951.02,5000.0,0,1,10518.98,36,Self-employed,2.8599,1.6791,0.2944,Medium
C03078,57,46-65,81152.05,634.0,84609.14,8.2,24287.2,5000.0,1,3,3565.19,24,Salaried,1.3419,0.7394,0.0439,Low
C03079,30,21-30,35254.91,783.0,39117.0,1.9,,5000.0,0,1,26032.37,36,Salaried,2.1988,1.7019,0.7384,Low
C03080,41,31-45,97665.04,818.0,329180.32,4.9,30483.2,5654.24,0,0,58770.35,36,Salaried,3.6826,0.6947,0.6018,Low
C03081,40,31-45,45139.42,628.0,154721.92,12.1,66360.12,5000.0,2,0,24537.76,12,Salaried,4.8978,1.3292,0.5436,High
C03082,57,46-65,33355.37,671.0,35778.34,9.3,67756.61,5000.0,0,2,12467.8,36,Salaried,3.104,1.7988,0.3738,Medium
C03083,33,31-45,48622.78,758.0,62559.44,6.7,39599.99,5000.0,0,2,21989.61,12,Salaried,2.1011,1.234,0.4522,Low
C03084,31,31-45,78223.98,674.0,43837.24,8.7,40496.46,5000.0,0,0,19293.75,24,Salaried,1.0781,0.767,0.2466,Low
C03085,36,31-45,55803.86,725.0,27008.19,12.3,112677.98,5000.0,1,0,8840.19,36,Salaried,2.5032,1.0752,0.1584,Low
C03086,37,31-45,66234.59,739.0,79104.71,6.0,27951.38,5000.0,0,2,40229.79,12,Salaried,1.6163,0.9059,0.6074,Low
C03087,29,21-30,95325.88,638.0,289207.69,13.7,19240.64,5865.07,0,0,65759.38,60,Salaried,3.2357,0.7383,0.6898,Low
C03088,28,21-30,117886.12,711.0,52920.29,8.2,77331.65,6622.52,0,0,36638.49,36,Salaried,1.1049,0.6741,0.3108,Low
C03089,31,31-45,54807.93,680.0,172335.5,15.6,2429.06,5000.0,0,2,40535.59,24,Salaried,3.1887,1.0947,0.7396,Medium
C03090,42,31-45,36600.62,589.0,119826.2,8.7,14960.01,5000.0,0,4,10571.55,60,Salaried,3.6826,1.6393,0.2888,High
C03091,36,31-45,67778.11,606.0,72800.72,2.9,0.0,5000.0,0,3,4856.07,24,Salaried,1.0741,0.8852,0.0716,Low
C03092,38,31-45,84204.18,631.0,151501.76,4.8,98855.04,5756.01,0,1,49796.64,24,Salaried,2.9732,0.8203,0.5914,Medium
C03093,53,46-65,29107.28,750.0,69870.82,8.0,32744.44,5000.0,1,2,7035.49,48,Salaried,3.5254,2.0613,0.2417,High
C03094,31,31-45,39827.3,752.0,20710.38,31.8,46094.07,5000.0,1,0,7982.23,12,Self-employed,1.6774,1.5065,0.2004,Low
C03095,61,46-65,43765.0,736.0,108709.96,4.6,42286.36,5000.0,0,1,0.0,12,Business,3.4502,1.371,0.0,High
C03096,54,46-65,57979.24,713.0,105465.78,27.2,74715.24,5000.0,0,2,26003.73,48,Salaried,3.1077,1.0349,0.4485,Low
C03097,28,21-30,42769.22,711.0,40871.05,14.6,49776.8,5000.0,0,2,6427.28,60,Salaried,2.1195,1.4029,0.1503,Low
C03098,35,31-45,95895.56,701.0,310926.56,15.0,28853.03,6574.26,0,2,46513.4,36,Salaried,3.5432,0.8227,0.485,Low
C03099,29,21-30,26884.88,711.0,11239.48,12.3,18988.26,5000.0,0,0,10744.64,36,Salaried,1.1243,2.2317,0.3997,Low
C03100,33,31-45,27263.31,716.0,17714.55,25.8,18180.26,5000.0,0,0,17207.84,60,Self-employed,1.3166,2.2008,0.6312,Low
C03101,37,31-45,54095.36,575.0,183210.84,5.1,18446.01,5000.0,0,3,38120.22,36,Salaried,3.7278,1.1092,0.7047,High
C03102,26,21-30,59014.21,621.0,21637.6,14.3,41399.89,5000.0,0,1,29496.25,60,Salaried,1.0682,1.0167,0.4998,Low
C03103,21,21-30,29204.8,603.0,20583.98,3.3,7084.07,5000.0,1,0,29934.58,12,Salaried,0.9474,2.0545,1.025,Low
C03104,40,31-45,46556.91,763.0,54167.51,5.2,40591.0,5000.0,1,2,20842.72,24,Salaried,2.0353,1.2887,0.4477,Low
C03105,52,46-65,52133.78,804.0,66273.62,12.9,52926.42,5000.0,1,0,19032.94,36,Salaried,2.2864,1.1509,0.3651,Low
C03106,34,31-45,52356.36,517.0,77523.23,15.2,93280.44,5000.0,0,0,34165.3,24,Self-employed,3.2623,1.146,0.6526,High
C03107,59,46-65,70663.0,797.0,166461.18,10.8,80793.4,5000.0,0,1,10948.43,12,Business,3.4991,0.8491,0.1549,Low
C03108,37,31-45,45173.87,687.0,62559.66,1.7,40196.66,5000.0,0,0,8919.06,12,Self-employed,2.2747,1.3282,0.1974,Low
C03109,61,46-65,146525.17,756.0,291961.53,4.5,153542.74,5000.0,0,0,68622.97,60,Salaried,3.0405,0.4095,0.4683,Low
C03110,31,31-45,85021.13,718.0,14350.17,2.9,95723.62,5000.0,0,2,65220.13,36,Salaried,1.2947,0.7057,0.7671,Low
C03111,45,31-45,41698.9,788.0,65602.79,7.7,13630.33,5000.0,0,1,11963.42,60,Self-employed,1.9001,1.4389,0.2869,Low
C03112,55,46-65,68468.14,696.0,211680.78,2.8,93990.01,5000.0,0,0,37732.62,24,Salaried,4.4644,0.8763,0.5511,Medium
C03113,23,21-30,69588.25,578.0,183489.15,5.3,48536.93,5000.0,0,0,47476.58,36,Self-employed,3.3343,0.8622,0.6822,High
C03114,62,46-65,126783.9,672.0,333317.97,5.2,,8249.8,0,1,60932.16,12,Self-employed,3.9673,0.7808,0.4806,Medium
C03115,37,31-45,46720.21,719.0,70322.1,17.5,8617.59,5000.0,0,0,26878.21,36,Salaried,1.6896,1.2842,0.5753,Low
C03116,43,31-45,99129.15,664.0,185437.55,5.6,7350.42,5000.0,0,1,42309.63,48,Salaried,1.9448,0.6053,0.4268,Low
C03117,49,46-65,66513.65,729.0,198118.56,26.7,61871.13,5000.0,0,0,35549.95,48,Salaried,3.9088,0.9021,0.5345,Low
C03118,49,46-65,147635.86,675.0,461475.98,6.2,197821.51,9833.95,0,2,4196.44,48,Salaried,4.4657,0.7993,0.0284,Medium
C03119,22,21-30,132208.15,635.0,333513.77,11.8,96936.6,5567.64,0,0,86593.65,60,Salaried,3.2559,0.5054,0.655,Low
C03120,60,46-65,72437.63,599.0,132424.99,9.8,121215.98,5000.0,0,1,29057.33,36,Salaried,3.5015,0.8283,0.4011,Medium
C03121,49,46-65,56268.33,651.0,26569.31,8.9,93691.39,5000.0,0,1,9866.03,60,Salaried,2.1373,1.0663,0.1753,Low
C03122,65,46-65,85885.97,695.0,60010.99,14.4,74550.03,5000.0,1,1,27005.84,24,Salaried,1.5667,0.6986,0.3144,Low
C03123,42,31-45,58858.71,533.0,5000.0,8.0,76586.62,5000.0,0,1,19769.41,36,Salaried,1.3861,1.0194,0.3359,Medium
C03124,48,46-65,163785.26,621.0,213591.84,5.3,193819.78,10899.93,0,0,51994.5,48,Salaried,2.4875,0.7986,0.3175,Medium
C03125,40,31-45,67866.72,530.0,18242.15,13.0,49171.85,5000.0,1,0,36907.53,36,Self-employed,0.9933,0.8841,0.5438,Medium
C03126,61,46-65,52002.09,634.0,88519.26,3.9,0.0,5000.0,0,1,20531.31,36,Salaried,1.7022,1.1538,0.3948,Low
C03127,58,46-65,50481.1,770.0,132626.82,6.4,71770.38,5000.0,0,1,6593.32,36,Salaried,4.049,1.1886,0.1306,Low
C03128,61,46-65,33355.33,591.0,53509.7,14.4,15858.78,5000.0,0,1,13935.56,60,Self-employed,2.0797,1.7988,0.4178,Medium
C03129,43,31-45,88278.34,733.0,177130.49,7.5,142524.83,5000.0,0,2,5747.57,48,Salaried,3.621,0.6797,0.0651,Low
C03130,56,46-65,41404.15,850.0,36802.18,11.1,30051.04,5000.0,0,1,623.09,36,Self-employed,1.6147,1.4491,0.015,Low
C03131,37,31-45,118910.23,789.0,227033.43,10.0,29457.98,7082.11,2,0,31577.27,36,Salaried,2.157,0.7147,0.2656,Low
C03132,41,31-45,31921.28,690.0,126900.83,5.6,4697.61,5000.0,0,0,29450.86,24,Business,4.1226,1.8796,0.9226,Medium
C03133,55,46-65,69711.83,744.0,123053.19,7.7,23541.03,5000.0,0,1,7421.56,36,,2.1029,0.8607,0.1065,Low
C03134,24,21-30,122365.24,577.0,360789.38,3.7,161170.49,7674.99,0,4,46699.76,36,Salaried,4.2656,0.7527,0.3816,High
C03135,52,46-65,19898.64,562.0,43747.05,15.9,10736.24,5000.0,0,1,709.97,60,Salaried,2.738,3.0153,0.0357,High
C03136,21,21-30,197242.38,682.0,456329.06,6.6,281012.19,13369.95,0,2,25514.93,36,Self-employed,3.7382,0.8134,0.1294,Medium
C03137,47,46-65,51443.31,710.0,93384.99,16.6,52749.52,5000.0,0,0,9038.15,48,Salaried,2.8407,1.1663,0.1757,Medium
C03138,42,31-45,70245.04,762.0,156406.36,7.2,36500.44,5000.0,0,2,37099.79,36,Salaried,2.7462,0.8542,0.5281,Low
C03139,42,31-45,89004.27,637.0,279400.49,11.6,92767.94,5043.09,0,2,45701.25,36,Business,4.1815,0.6799,0.5135,High
C03140,43,31-45,96907.63,695.0,162357.69,3.8,175400.27,5000.0,2,4,24670.65,12,Business,3.4854,0.6191,0.2546,High
C03141,43,31-45,75567.28,692.0,213036.58,15.1,11885.01,5000.0,0,2,2806.78,60,Business,2.9764,0.794,0.0371,Medium
C03142,39,31-45,112499.5,670.0,331776.1,7.5,84257.94,5000.0,0,1,18356.82,36,Self-employed,3.6981,0.5333,0.1632,High
C03143,41,31-45,86476.8,675.0,234009.38,5.9,69591.42,5000.0,1,1,10344.65,36,Business,3.5108,0.6938,0.1196,High
C03144,46,46-65,171206.75,616.0,50745.09,3.4,296446.12,6260.69,1,0,111426.1,60,Salaried,2.0279,0.4388,0.6508,Low
C03145,55,46-65,86631.84,701.0,28067.47,35.0,151206.12,5845.48,0,1,25354.33,36,Self-employed,2.0694,0.8097,0.2927,Low
C03146,45,31-45,,695.0,500000.0,2.9,300699.12,13451.86,0,0,10796.19,12,Business,4.181,0.8429,0.0564,Medium
C03147,49,46-65,106695.68,647.0,288168.34,26.3,99647.63,5096.95,0,2,72526.75,24,Salaried,3.6348,0.5733,0.6798,Medium
C03148,58,46-65,24076.22,730.0,85442.71,21.4,50533.41,5000.0,0,1,4676.78,48,Salaried,5.6477,2.4921,0.1942,Medium
C03149,65,46-65,273279.13,757.0,318385.99,2.8,259597.07,13076.05,2,0,162218.87,36,Self-employed,2.115,0.5742,0.5936,Medium
C03150,25,21-30,47394.11,731.0,133666.28,8.0,80256.88,5000.0,1,0,7450.02,36,Salaried,4.5137,1.266,0.1572,Medium
C03151,53,46-65,147959.19,602.0,424278.42,7.5,239280.99,5000.0,0,0,30669.08,60,Salaried,4.4847,0.4055,0.2073,Medium
C03152,31,31-45,65964.96,687.0,187131.2,8.1,40353.31,5000.0,0,0,45739.12,60,Salaried,3.4486,0.9096,0.6934,Low
C03153,29,21-30,116511.14,612.0,294805.07,9.9,198809.11,5991.64,0,2,37272.47,24,Business,4.2366,0.6171,0.3199,High
C03154,56,46-65,44510.44,687.0,14776.14,16.8,44594.48,5000.0,0,0,22907.83,36,Self-employed,1.3339,1.348,0.5147,Low
C03155,24,21-30,91702.24,612.0,230152.8,3.3,137211.48,5000.0,0,0,16799.62,48,Self-employed,4.0061,0.6543,0.1832,Medium
C03156,59,46-65,56550.41,776.0,118608.47,7.5,47539.3,5000.0,0,1,34722.47,24,Business,2.938,1.061,0.614,Low
C03157,55,46-65,154909.18,739.0,200093.97,5.9,94384.46,9179.27,0,1,103619.94,36,Salaried,1.901,0.7111,0.6689,Low
C03158,65,46-65,82736.0,766.0,60702.91,5.4,119963.67,5000.0,0,2,45100.81,24,Self-employed,2.1837,0.7252,0.5451,Low
C03159,51,46-65,108761.32,759.0,333764.64,8.4,31021.93,5000.0,0,3,50011.64,36,Salaried,3.354,0.5517,0.4598,Low
C03160,60,46-65,19769.59,660.0,16046.0,7.0,6182.48,5000.0,0,1,5433.76,48,Self-employed,1.1244,3.035,0.2749,Low
C03161,26,21-30,62011.65,648.0,104552.05,1.0,37300.59,5000.0,0,4,14048.8,48,Salaried,2.2875,0.9676,0.2266,Medium
C03162,61,46-65,81466.4,811.0,193127.34,10.0,135566.08,5000.0,0,0,11796.0,12,Self-employed,4.0347,0.7365,0.1448,Low
C03163,28,21-30,73506.62,668.0,238827.38,1.7,113517.71,5201.5,0,3,0.0,24,Salaried,4.7934,0.8491,0.0,High
C03164,35,31-45,110280.13,578.0,249415.14,15.7,126958.38,7352.78,1,0,31905.83,48,Salaried,3.4129,0.8001,0.2893,High
C03165,26,21-30,53151.16,756.0,52505.12,9.0,30781.78,5000.0,1,0,13888.79,24,Self-employed,1.567,1.1289,0.2613,Low
C03166,39,31-45,,691.0,12927.45,6.6,59861.24,5000.0,1,2,38110.85,48,Self-employed,1.0902,0.8986,0.5708,Low
C03167,54,46-65,124469.66,793.0,166812.48,2.7,62490.84,5000.0,0,2,1881.61,36,Self-employed,1.8422,0.482,0.0151,Low
C03168,33,31-45,18561.85,698.0,34392.47,10.2,15888.45,5000.0,1,1,6052.39,12,Business,2.7088,3.2324,0.3261,Medium
C03169,57,46-65,89884.91,678.0,250153.23,8.0,115858.8,5000.0,0,1,23352.91,36,Business,4.072,0.6675,0.2598,Medium
C03170,48,46-65,54095.48,794.0,93462.01,8.3,27293.83,5000.0,1,2,18869.96,48,Self-employed,2.2323,1.1091,0.3488,Low
C03171,49,46-65,39354.58,565.0,31687.39,9.2,25152.12,5000.0,0,1,26610.06,48,Salaried,1.4443,1.5246,0.6762,Medium
C03172,63,46-65,78216.97,636.0,223393.96,12.3,13326.7,5000.0,0,0,25317.04,36,Salaried,3.0265,0.7671,0.3237,Medium
C03173,40,31-45,127674.68,613.0,16570.87,10.0,237165.22,5000.0,0,0,14019.53,36,Business,1.9874,0.4699,0.1098,Low
C03174,36,31-45,115113.24,515.0,5000.0,20.4,86375.84,5000.0,0,3,38195.53,60,Business,0.7938,0.5212,0.3318,Low
C03175,65,46-65,60344.82,745.0,104159.72,12.2,82959.26,5000.0,0,0,12423.11,12,Salaried,3.1008,0.9943,0.2059,Low
C03176,46,46-65,105219.1,638.0,40356.03,9.8,22512.71,5000.0,0,1,61461.4,36,Salaried,0.5975,0.5702,0.5841,Low
C03177,48,46-65,104775.99,748.0,78034.48,8.6,86123.05,5000.0,0,2,64443.37,36,Salaried,1.5667,0.5727,0.6151,Low
C03178,34,31-45,61950.34,709.0,193504.97,4.1,95991.37,5000.0,2,3,37038.7,36,Self-employed,4.673,0.9685,0.5979,High
C03179,30,21-30,44397.94,726.0,117972.31,2.4,13233.77,5000.0,0,1,9304.62,48,Salaried,2.9552,1.3514,0.2096,Medium
C03180,28,21-30,45833.19,646.0,126787.78,0.8,20892.44,5000.0,1,1,30721.51,36,Salaried,3.2221,1.3091,0.6703,High
C03181,31,31-45,103049.21,623.0,253247.32,11.8,82706.21,5000.0,1,0,14832.19,36,Self-employed,3.2601,0.5822,0.1439,High
C03182,29,21-30,63510.58,687.0,5000.0,8.1,79053.89,5000.0,0,1,37109.71,36,Salaried,1.3235,0.9447,0.5843,Low
C03183,54,46-65,36561.18,749.0,95054.92,12.5,37035.98,5000.0,0,1,17613.22,24,Self-employed,3.6129,1.6411,0.4817,Low
C03184,23,21-30,,676.0,54700.39,19.6,57694.9,5000.0,0,2,3198.49,36,Self-employed,4.368,2.3318,0.1243,High
C03185,49,46-65,102708.47,627.0,36992.02,7.5,84743.65,5000.0,0,2,45646.47,48,Salaried,1.1853,0.5842,0.4444,Low
C03186,63,46-65,48118.14,590.0,55550.51,2.9,45731.51,5000.0,0,2,10929.99,36,Business,2.1049,1.2469,0.2271,Medium
C03187,55,46-65,77952.57,695.0,129581.96,14.8,65981.12,5000.0,1,1,39707.11,36,Self-employed,2.5087,0.7697,0.5094,Low
C03188,39,31-45,128538.19,638.0,33492.48,7.1,66591.59,8516.58,0,0,29572.7,36,Salaried,0.7786,0.7951,0.2301,Low
C03189,23,21-30,31641.79,675.0,11332.91,5.3,29673.47,5000.0,0,1,26610.24,48,Salaried,1.296,1.8962,0.841,Low
C03190,58,46-65,63406.2,662.0,77820.14,5.0,26230.57,5000.0,0,3,42249.44,36,Salaried,1.641,0.9463,0.6663,Low
C03191,21,21-30,59175.37,647.0,110220.21,11.7,4803.22,5000.0,0,0,24193.05,24,Self-employed,1.9438,1.0139,0.4088,Low
C03192,51,46-65,80097.6,702.0,18646.64,11.6,142026.15,5153.37,1,1,30826.77,60,Salaried,2.006,0.7721,0.3849,Low
C03193,51,46-65,128499.53,722.0,258041.83,17.1,219204.74,9016.89,1,1,72911.2,36,Salaried,3.714,0.842,0.5674,Medium
C03194,29,21-30,31286.56,827.0,18420.15,3.5,42758.83,5000.0,0,0,13630.43,12,Salaried,1.9554,1.9178,0.4357,Low
C03195,54,46-65,88923.47,737.0,188926.69,3.5,19018.0,5097.97,0,1,33758.62,48,Salaried,2.3385,0.688,0.3796,Low
C03196,28,21-30,114631.81,800.0,96138.94,9.3,10986.59,5658.22,0,0,53947.95,12,Salaried,0.9345,0.5923,0.4706,Low
C03197,31,31-45,58667.15,619.0,86948.24,10.0,24022.96,5000.0,0,0,16423.95,36,Salaried,1.8915,1.0227,0.28,Low
C03198,57,46-65,60267.41,560.0,134119.68,15.7,85219.04,5000.0,0,2,5995.96,36,Self-employed,3.6394,0.9956,0.0995,High
C03199,65,46-65,81821.04,679.0,188060.53,16.4,30938.04,5166.28,1,2,5221.78,48,Salaried,2.6766,0.7577,0.0638,Medium
C03200,32,31-45,78573.67,744.0,29842.98,9.0,51692.45,5000.0,1,0,34426.35,60,Salaried,1.0377,0.7636,0.4381,Low
C03201,62,46-65,89539.62,733.0,163225.85,17.0,115078.78,5000.0,1,2,9735.9,24,Salaried,3.1082,0.6701,0.1087,Medium
C03202,62,46-65,88507.88,771.0,238367.7,7.8,85050.64,5000.0,0,2,54622.9,24,Business,3.6541,0.6779,0.6172,Low
C03203,55,46-65,37875.43,490.0,26619.63,7.9,58611.7,5000.0,0,3,8072.53,48,Salaried,2.2503,1.5841,0.2131,High
C03204,27,21-30,112059.93,774.0,217757.91,6.9,117125.53,7015.13,1,0,51427.09,48,Salaried,2.9884,0.7512,0.4589,Low
C03205,34,31-45,123484.79,705.0,202622.0,3.4,142112.1,5000.0,0,0,64156.02,12,Salaried,2.7917,0.4859,0.5195,Low
C03206,51,46-65,72004.81,564.0,214307.08,2.3,87448.72,5000.0,0,0,52388.63,36,Salaried,4.1908,0.8333,0.7276,High
C03207,65,46-65,28576.99,734.0,35026.97,9.1,5336.72,5000.0,0,1,16322.87,36,Salaried,1.4125,2.0996,0.5712,Low
C03208,57,46-65,61024.6,693.0,192279.89,15.0,6209.0,5000.0,0,2,26630.41,24,Salaried,3.2526,0.9832,0.4364,Medium
C03209,39,31-45,72335.17,709.0,164065.12,5.1,73304.76,5000.0,0,1,25415.01,36,Business,3.2815,0.8295,0.3514,Medium
C03210,31,31-45,34634.74,755.0,64658.49,16.2,43226.66,5000.0,0,0,4085.45,36,Salaried,3.1149,1.7324,0.118,Low
C03211,64,46-65,53319.99,712.0,71122.1,19.1,35427.83,5000.0,0,1,22576.46,24,Self-employed,1.9983,1.1253,0.4234,Low
C03212,33,31-45,29941.16,570.0,66963.57,6.4,19577.35,5000.0,1,0,7080.98,60,Salaried,2.8904,2.0039,0.2365,High
C03213,36,31-45,90776.28,669.0,48202.91,1.8,66820.77,5041.06,0,1,20674.6,36,Business,1.2671,0.6664,0.2278,Low
C03214,64,46-65,71212.1,559.0,120931.35,6.9,73528.08,5000.0,0,2,30256.4,12,Salaried,2.7307,0.8426,0.4249,Medium
C03215,46,46-65,26290.47,729.0,33456.8,3.7,48017.43,5000.0,1,0,4388.42,48,Salaried,3.099,2.2822,0.1669,High
C03216,32,31-45,78861.48,785.0,175331.44,15.1,7255.72,5000.0,0,0,30796.15,48,Business,2.3153,0.7608,0.3905,Low
C03217,21,21-30,63010.88,587.0,138304.09,9.4,97964.33,5000.0,0,1,26958.01,60,Salaried,3.7496,0.9522,0.4278,Medium
C03218,40,31-45,86350.55,630.0,268318.72,1.8,94176.92,6059.42,0,1,3747.36,24,Business,4.198,0.8421,0.0434,High
C03219,65,46-65,52407.22,614.0,52803.37,11.1,39426.96,5000.0,0,1,6433.38,60,Salaried,1.7599,1.1449,0.1228,Medium
C03220,40,31-45,41828.32,646.0,139164.67,15.7,2895.97,5000.0,0,2,17608.09,36,Salaried,3.3963,1.4344,0.421,High
C03221,52,46-65,42539.06,711.0,110331.59,8.7,59892.71,5000.0,0,1,0.0,36,Salaried,4.0016,1.4105,0.0,High
C03222,32,31-45,48346.49,647.0,153518.48,5.9,58617.55,5000.0,0,0,6096.74,36,Salaried,4.3878,1.241,0.1261,High
C03223,55,46-65,65676.49,729.0,178975.6,10.6,76197.48,5000.0,0,1,45738.62,12,Salaried,3.8853,0.9136,0.6964,Low
C03224,55,46-65,70510.7,760.0,87765.73,21.7,67630.43,5000.0,0,1,28521.98,24,Business,2.2039,0.8509,0.4045,Low
C03225,48,46-65,58527.18,763.0,190403.96,17.3,32385.56,5000.0,0,3,32246.25,36,Business,3.8066,1.0252,0.551,Low
C03226,55,46-65,51498.96,596.0,124678.67,3.0,66385.21,5000.0,1,2,11479.04,12,Business,3.7101,1.1651,0.2229,High
C03227,47,46-65,53576.76,784.0,145846.76,9.4,102690.31,5000.0,1,1,19407.05,36,Salaried,4.6389,1.1199,0.3622,Low
C03228,38,31-45,258174.55,790.0,220799.36,3.9,206038.72,5440.22,0,1,113495.2,12,Business,1.6533,0.2529,0.4396,Low
C03229,54,46-65,42541.86,796.0,25441.83,5.8,53216.85,5000.0,0,1,0.0,36,Salaried,1.849,1.4104,0.0,Low
C03230,58,46-65,47822.81,668.0,59729.39,18.1,13296.15,5000.0,0,0,47.67,60,Salaried,1.527,1.2546,0.001,Low
C03231,58,46-65,350000.0,624.0,500000.0,9.3,314122.41,21549.38,0,0,80450.96,48,Salaried,2.3261,0.7388,0.2299,Low
C03232,30,21-30,81936.5,606.0,125261.99,4.1,98101.13,5000.0,0,1,23184.33,24,Salaried,2.7261,0.7323,0.283,High
C03233,51,46-65,30429.05,597.0,100443.59,6.8,32613.63,5000.0,0,2,0.0,48,Salaried,4.3727,1.9718,0.0,High
C03234,21,21-30,103323.54,681.0,34086.82,13.2,120719.22,5000.0,0,1,33470.5,36,Salaried,1.4983,0.5807,0.3239,Low
C03235,46,46-65,39403.94,744.0,11697.85,5.6,,5000.0,0,1,21373.97,36,Salaried,1.2106,1.5227,0.5424,Low
C03236,46,46-65,107165.15,778.0,142563.78,9.7,47722.53,5000.0,0,1,39933.78,60,Salaried,1.7756,0.5599,0.3726,Low
C03237,37,31-45,57879.2,644.0,39232.59,5.9,26205.5,5000.0,0,0,22692.37,12,Business,1.1306,1.0366,0.3921,Low
C03238,65,46-65,51034.38,677.0,87065.94,6.3,58000.63,5000.0,0,0,41457.32,12,Salaried,2.8425,1.1757,0.8123,Medium
C03239,60,46-65,157500.4,672.0,394232.56,19.2,233188.34,6629.66,1,2,102900.73,48,Self-employed,3.9836,0.5051,0.6533,High
C03240,22,21-30,88757.51,632.0,315953.88,9.1,27433.37,5000.0,0,0,49086.85,60,Salaried,3.8688,0.676,0.553,Low
C03241,30,21-30,111000.14,,90838.23,11.8,180069.08,6719.69,0,0,56051.95,36,Salaried,2.4406,0.7265,0.505,Low
C03242,30,21-30,82565.6,707.0,74101.02,9.0,150535.69,5000.0,0,2,19761.68,36,Self-employed,2.7207,0.7267,0.2393,Low
C03243,61,46-65,50904.06,691.0,137194.57,2.6,12704.86,5000.0,0,2,23818.87,36,Salaried,2.9447,1.1787,0.4679,Medium
C03244,44,31-45,90979.32,707.0,109779.51,3.6,18441.5,5572.13,0,0,47268.55,48,Salaried,1.4093,0.735,0.5196,Low
C03245,53,46-65,126400.54,726.0,306765.19,19.2,83957.59,5000.0,1,3,50550.55,48,Salaried,3.0911,0.4747,0.3999,Medium
C03246,57,46-65,69999.86,725.0,132484.71,17.9,120355.53,5000.0,0,1,23307.43,60,Self-employed,3.612,0.8571,0.333,Low
C03247,55,46-65,175088.35,617.0,500000.0,8.8,138562.55,9342.31,1,2,67758.3,60,Self-employed,3.6471,0.6403,0.387,High
C03248,25,21-30,103767.75,747.0,10375.78,4.6,43576.09,6303.6,0,1,47765.09,48,Self-employed,0.5199,0.729,0.4603,Low
C03249,27,21-30,73037.84,699.0,266310.54,2.1,111910.46,5000.0,0,3,8411.25,48,Salaried,5.1784,0.8215,0.1152,Medium
C03250,38,31-45,74642.11,647.0,267689.84,28.4,31081.81,5000.0,0,2,49881.9,36,Salaried,4.0027,0.8038,0.6683,Medium
C03251,36,31-45,70096.14,698.0,26154.37,3.4,125898.17,5000.0,0,0,24949.06,60,Salaried,2.1692,0.856,0.3559,Low
C03252,54,46-65,32661.79,706.0,59441.77,4.9,39358.87,5000.0,1,2,16346.98,24,Business,3.025,1.837,0.5005,High
C03253,28,21-30,61858.38,761.0,109111.13,5.5,59376.64,5000.0,0,0,6246.43,36,Business,2.7238,0.97,0.101,Low
C03254,37,31-45,73408.51,602.0,86969.17,4.6,110724.91,5000.0,0,4,20086.99,48,Salaried,2.6931,0.8173,0.2736,High
C03255,31,31-45,51704.27,779.0,171797.01,8.3,79982.72,5000.0,0,1,24263.04,36,Self-employed,4.8696,1.1604,0.4693,Low
C03256,29,21-30,78265.71,682.0,71906.74,26.3,72482.17,5000.0,0,2,50219.41,24,Salaried,1.8449,0.7666,0.6417,Low
C03257,28,21-30,65766.22,642.0,58813.69,7.5,116511.78,5000.0,0,2,19525.13,48,Business,2.6659,0.9123,0.2969,Medium
C03258,29,21-30,99476.14,640.0,15691.36,10.2,99456.07,5000.0,0,1,48570.44,24,Salaried,1.1575,0.6032,0.4883,Low
C03259,46,46-65,93606.43,605.0,178053.59,12.3,162808.64,5000.0,0,2,44682.25,36,Salaried,3.6414,0.641,0.4773,Medium
C03260,39,31-45,71259.03,549.0,217636.01,14.3,96635.66,5000.0,0,1,31766.54,24,Salaried,4.4103,0.842,0.4458,High
C03261,40,31-45,30643.49,731.0,65494.34,8.8,29907.64,5000.0,0,1,4106.62,36,Salaried,3.1133,1.958,0.134,Low
C03262,42,31-45,174039.93,829.0,401493.01,4.3,242003.12,7381.47,0,0,88359.46,12,Salaried,3.6974,0.509,0.5077,Low
C03263,54,46-65,60120.28,559.0,20718.62,12.4,114137.16,5000.0,0,1,20519.12,24,Business,2.2431,0.998,0.3413,Medium
C03264,59,46-65,62171.69,609.0,152406.89,21.7,10683.11,5000.0,0,0,40273.03,48,Salaried,2.6232,0.9651,0.6478,Medium
C03265,44,31-45,53839.14,736.0,82261.11,2.1,48476.99,5000.0,1,0,12224.3,24,Business,2.4283,1.1144,0.2271,Low
C03266,49,46-65,49687.87,677.0,99140.38,5.3,34893.82,5000.0,0,1,27809.03,36,Salaried,2.6975,1.2075,0.5597,Medium
C03267,54,46-65,151960.28,743.0,309987.61,10.5,78586.29,5000.0,0,1,28719.7,36,Salaried,2.5571,0.3948,0.189,Low
C03268,52,46-65,139311.39,672.0,484717.86,12.7,230154.36,6407.34,0,1,27704.77,36,Salaried,5.1315,0.5519,0.1989,Medium
C03269,27,21-30,82996.93,636.0,222626.63,6.2,28299.06,5000.0,0,1,31976.13,36,Self-employed,3.0233,0.7229,0.3853,Medium
C03270,65,46-65,61268.28,663.0,153306.67,14.2,50377.21,5000.0,0,1,3267.41,24,Salaried,3.3245,0.9793,0.0533,Medium
C03271,28,21-30,91368.63,501.0,145594.14,17.0,77909.82,5943.23,0,2,51374.18,48,Salaried,2.4462,0.7806,0.5623,High
C03272,39,31-45,67692.51,594.0,10792.22,10.5,132075.69,5000.0,0,1,21563.69,36,Salaried,2.1105,0.8864,0.3186,Low
C03273,50,46-65,58543.18,751.0,118876.77,13.9,37439.58,5000.0,0,0,34100.52,48,Salaried,2.6701,1.0249,0.5825,Low
C03274,39,31-45,78284.18,769.0,190248.44,7.5,119001.06,5076.36,1,0,16057.83,36,Self-employed,3.9503,0.7781,0.2051,Medium
C03275,31,31-45,50996.17,785.0,119946.5,3.3,14068.98,5000.0,0,2,9095.85,36,Salaried,2.628,1.1766,0.1784,Low
C03276,62,46-65,74674.05,713.0,149882.31,4.1,33147.64,5000.0,0,2,16178.88,60,Salaried,2.4511,0.8035,0.2167,Low
C03277,24,21-30,72726.71,511.0,84941.85,24.2,37518.88,5000.0,0,0,18303.95,24,Salaried,1.6838,0.825,0.2517,Medium
C03278,32,31-45,90559.05,632.0,88185.98,17.1,124107.46,5000.0,0,2,0.0,12,Self-employed,2.3443,0.6626,0.0,Low
C03279,65,46-65,46240.77,779.0,30943.17,3.9,46847.14,5000.0,2,2,29179.48,60,Self-employed,1.6823,1.2976,0.631,Low
C03280,53,46-65,96058.97,802.0,252611.49,3.6,0.0,5000.0,0,1,36005.55,36,Salaried,2.6298,0.6246,0.3748,Low
C03281,24,21-30,39484.81,782.0,138046.47,12.6,,5000.0,0,1,7895.79,48,Salaried,3.9596,1.5196,0.2,High
C03282,54,46-65,47440.47,662.0,87923.44,35.0,49529.25,5000.0,0,1,17084.26,60,Business,2.8974,1.2647,0.3601,Medium
C03283,64,46-65,48592.95,582.0,116852.37,9.0,26295.41,5000.0,0,0,24885.98,60,Self-employed,2.9459,1.2347,0.5121,Medium
C03284,25,21-30,36044.66,677.0,76606.42,4.7,23899.24,5000.0,0,0,13616.32,36,Self-employed,2.7884,1.6646,0.3778,Medium
C03285,39,31-45,113636.13,681.0,71676.91,14.7,85978.62,5885.31,1,1,35994.43,48,Salaried,1.3874,0.6215,0.3168,Low
C03286,42,31-45,38145.52,797.0,29699.2,18.7,51561.25,5000.0,0,1,16566.92,36,Salaried,2.1303,1.5729,0.4343,Low
C03287,26,21-30,44255.66,697.0,34835.58,12.6,36845.93,5000.0,0,1,31321.48,36,Salaried,1.6197,1.3558,0.7077,Low
C03288,30,21-30,129652.98,681.0,425536.09,11.5,144595.69,5685.73,0,6,85104.97,36,Self-employed,4.3974,0.5262,0.6564,High
C03289,28,21-30,47492.26,686.0,5000.0,3.9,80290.75,5000.0,0,1,17346.77,60,Salaried,1.7959,1.2634,0.3653,Low
C03290,29,21-30,58610.2,710.0,103532.18,14.9,63260.12,5000.0,0,1,14481.24,60,Salaried,2.8458,1.0237,0.2471,Low
C03291,39,31-45,37254.45,727.0,60416.78,12.8,67599.24,5000.0,0,2,12123.63,48,Salaried,3.4363,1.6105,0.3254,Medium
C03292,41,31-45,102771.74,626.0,234086.97,6.7,79659.48,5000.0,0,1,59447.63,36,Business,3.0528,0.5838,0.5784,Medium
C03293,31,31-45,103553.9,601.0,85261.22,3.0,100585.5,6906.72,0,1,12953.07,12,Salaried,1.7947,0.8004,0.1251,Low
C03294,34,31-45,97593.17,783.0,329831.75,6.3,66715.92,5000.0,1,2,48562.21,24,Self-employed,4.0633,0.6148,0.4976,Medium
C03295,29,21-30,87359.23,557.0,100723.31,8.6,79738.08,5000.0,0,2,39133.67,36,Salaried,2.0657,0.6868,0.448,Low
C03296,56,46-65,67684.78,803.0,231164.36,13.3,2545.97,5000.0,0,0,39004.49,12,Salaried,3.4529,0.8865,0.5763,Low
C03297,30,21-30,48714.66,537.0,90892.94,14.8,41842.17,5000.0,0,1,17515.9,24,Self-employed,2.7247,1.2317,0.3596,High
C03298,61,46-65,41519.12,636.0,63890.12,8.0,51567.7,5000.0,1,1,0.0,36,Self-employed,2.7808,1.4451,0.0,High
C03299,45,31-45,132136.48,753.0,337194.33,7.5,144351.88,5000.0,0,1,45479.99,36,Salaried,3.6443,0.4541,0.3442,Low
C03300,57,46-65,98991.07,680.0,199817.88,16.5,67934.21,5000.0,0,3,17809.85,36,Self-employed,2.7048,0.6061,0.1799,Low
C03301,49,46-65,44392.47,581.0,22293.5,10.8,30139.87,5000.0,0,2,9488.1,24,Self-employed,1.1811,1.3516,0.2137,Low
C03302,32,31-45,66439.7,712.0,166529.7,12.7,42949.5,5000.0,1,1,27234.09,48,Business,3.1529,0.9031,0.4099,High
C03303,48,46-65,55109.6,685.0,127463.77,6.8,64469.55,5000.0,0,1,12950.16,60,Salaried,3.4828,1.0887,0.235,Medium
C03304,33,31-45,34948.35,664.0,64591.8,16.3,21758.06,5000.0,0,1,7716.85,60,Self-employed,2.4708,1.7168,0.2208,Medium
C03305,26,21-30,71671.67,633.0,181021.91,5.6,74183.8,5000.0,0,2,9819.45,36,Self-employed,3.5608,0.8372,0.137,High
C03306,32,31-45,51721.12,677.0,117824.91,26.2,69892.03,5000.0,0,0,15906.97,12,Salaried,3.6294,1.1601,0.3076,Medium
C03307,33,31-45,38493.6,636.0,67742.52,3.5,17419.18,5000.0,0,1,30919.61,36,Business,2.2124,1.5587,0.8032,Medium
C03308,27,21-30,28814.09,850.0,34167.51,9.0,49832.3,5000.0,0,3,21623.21,36,Salaried,2.9152,2.0823,0.7504,Low
C03309,22,21-30,27503.01,,39576.69,3.3,25848.06,5000.0,0,3,0.0,48,Salaried,2.3788,2.1816,0.0,Low
C03310,63,46-65,52989.98,652.0,108277.15,12.1,62599.54,5000.0,0,0,36457.12,60,Salaried,3.2247,1.1323,0.688,Medium
C03311,44,31-45,62027.95,639.0,83515.33,17.6,32851.5,5000.0,0,2,31367.24,60,Salaried,1.876,0.9673,0.5057,Low
C03312,39,31-45,40164.03,813.0,26300.74,12.7,5500.37,5000.0,0,2,4319.24,24,Salaried,0.7918,1.4939,0.1075,Low
C03313,62,46-65,92971.59,557.0,263266.31,6.5,184199.69,5000.0,0,2,17915.4,24,Salaried,4.8129,0.6454,0.1927,Low
C03314,31,31-45,62698.45,707.0,38973.18,3.3,29515.21,5000.0,0,2,6320.21,48,Self-employed,1.0923,0.957,0.1008,Low
C03315,39,31-45,89270.78,662.0,46856.78,6.5,39009.37,5000.0,0,3,42087.48,48,Salaried,0.9619,0.6721,0.4715,Low
C03316,59,46-65,58779.1,573.0,186695.65,12.9,99749.76,5000.0,0,2,20411.02,36,Salaried,4.8733,1.0208,0.3472,High
C03317,49,46-65,42160.03,619.0,116067.54,4.2,4205.58,5000.0,0,2,20378.03,60,Self-employed,2.8528,1.4231,0.4833,High
C03318,38,31-45,69210.45,704.0,212233.46,2.4,31255.45,5000.0,1,1,0.0,36,Self-employed,3.5181,0.8669,0.0,High
C03319,32,31-45,32457.0,615.0,28104.06,7.4,61216.29,5000.0,0,1,1375.79,48,Salaried,2.752,1.8486,0.0424,High
C03320,22,21-30,87450.98,699.0,198860.25,3.4,130594.96,5000.0,0,1,38298.76,36,Business,3.7673,0.6861,0.4379,Medium
C03321,24,21-30,38820.76,810.0,116816.35,10.5,39407.81,5000.0,0,1,21890.5,36,Business,4.0242,1.5456,0.5639,Low
C03322,28,21-30,107707.06,693.0,110752.5,8.0,116789.79,7136.68,0,2,15643.84,24,Salaried,2.1126,0.7951,0.1452,Low
C03323,56,46-65,53959.65,571.0,15537.41,7.2,54560.85,5000.0,0,2,19000.47,60,Salaried,1.2991,1.1119,0.3521,Low
C03324,49,46-65,116603.66,616.0,88062.88,28.2,152470.54,5000.0,1,0,55498.29,36,Self-employed,2.0628,0.5146,0.476,Medium
C03325,40,31-45,35055.92,659.0,104014.17,11.5,42368.23,5000.0,0,1,4218.95,36,Self-employed,4.1757,1.7116,0.1203,High
C03326,56,46-65,44773.39,654.0,49279.66,0.9,25981.46,5000.0,2,1,22136.76,48,Salaried,1.6809,1.3401,0.4944,Medium
C03327,28,21-30,80150.13,691.0,152245.71,25.9,17616.26,5000.0,0,2,23010.0,36,Salaried,2.1193,0.7486,0.2871,Low
C03328,30,21-30,123737.29,703.0,251429.79,8.9,41524.23,5000.0,0,1,11608.89,24,Business,2.3675,0.4849,0.0938,Low
C03329,38,31-45,162555.94,810.0,500000.0,6.8,217524.44,10449.79,0,1,99331.21,24,Business,4.414,0.7714,0.6111,Medium
C03330,62,46-65,66495.79,680.0,81650.79,10.0,71690.5,5000.0,1,0,9126.39,48,Business,2.306,0.9023,0.1372,Medium
C03331,48,46-65,178599.77,594.0,337326.85,3.7,308648.1,11424.97,0,2,38166.2,48,Salaried,3.6169,0.7676,0.2137,High
C03332,59,46-65,55427.27,767.0,180530.61,7.8,10416.85,5000.0,0,0,18556.69,36,Salaried,3.445,1.0825,0.3348,Low
C03333,32,31-45,118950.74,775.0,103465.61,16.0,204472.49,5000.0,1,3,41868.81,12,Salaried,2.5888,0.5044,0.352,Low
C03334,59,46-65,38713.47,697.0,72837.76,7.0,13090.05,5000.0,0,0,21719.88,24,Salaried,2.2196,1.5498,0.561,Low
C03335,24,21-30,81899.88,662.0,30927.71,5.9,7349.11,5000.0,0,0,26588.23,60,Salaried,0.4674,0.7326,0.3246,Low
C03336,31,31-45,18000.0,727.0,7800.63,5.1,38985.71,5000.0,0,1,5526.32,60,Self-employed,2.5992,3.3333,0.307,Low
C03337,44,31-45,35075.83,664.0,12981.63,14.5,23938.64,5000.0,1,0,16597.87,36,Salaried,1.0526,1.7106,0.4732,Low
C03338,23,21-30,84020.39,526.0,94993.49,10.6,42625.85,5000.0,0,2,44476.25,24,Self-employed,1.6379,0.7141,0.5294,Medium
C03339,59,46-65,31580.69,722.0,22571.2,26.0,35556.88,5000.0,0,2,27938.4,48,Salaried,1.8406,1.8999,0.8847,Low
C03340,60,46-65,82204.46,747.0,225442.8,23.5,50637.97,5000.0,1,0,37633.05,36,Salaried,3.3585,0.7299,0.4578,Low
C03341,45,31-45,107011.81,788.0,174208.63,7.4,175084.46,5000.0,0,2,27259.94,36,Self-employed,3.2641,0.5607,0.2547,Low
C03342,34,31-45,49336.35,625.0,73464.01,12.5,78290.03,5000.0,0,0,1776.96,36,Salaried,3.0759,1.2161,0.036,High
C03343,25,21-30,38147.61,697.0,69959.21,6.6,31279.73,5000.0,0,1,8902.97,48,Business,2.6539,1.5728,0.2334,Medium
C03344,48,46-65,50078.14,699.0,148390.77,5.9,34219.74,5000.0,0,3,27824.89,36,Self-employed,3.6465,1.1981,0.5556,High
C03345,45,31-45,38213.56,686.0,52371.37,5.6,,5000.0,0,4,6351.18,36,Salaried,1.6655,1.5701,0.1662,Low
C03346,55,46-65,61480.49,689.0,24444.88,5.2,107152.65,5000.0,1,1,12774.66,24,Self-employed,2.1405,0.9759,0.2078,Low
C03347,48,46-65,68754.15,683.0,28364.73,16.1,38091.32,5000.0,0,3,20554.66,60,Salaried,0.9666,0.8727,0.299,Low
C03348,26,21-30,54931.21,696.0,175723.05,5.8,30659.04,5000.0,0,1,21913.77,36,Salaried,3.7571,1.0923,0.3989,Medium
C03349,26,21-30,163250.34,736.0,480684.26,6.7,169168.5,8382.24,0,0,100549.04,36,Salaried,3.9807,0.6162,0.6159,Low
C03350,56,46-65,43759.78,772.0,70453.35,10.5,57795.02,5000.0,1,1,14498.04,60,Salaried,2.9307,1.3711,0.3313,Low
C03351,28,21-30,139724.9,623.0,82233.37,9.9,111813.99,5000.0,1,0,62832.65,36,Business,1.3888,0.4294,0.4497,Low
C03352,63,46-65,36660.71,667.0,89225.24,9.3,40088.05,5000.0,0,0,10533.68,36,Business,3.5273,1.6366,0.2873,High
C03353,25,21-30,67654.57,648.0,163992.22,17.8,121704.34,5000.0,1,3,18616.17,48,Business,4.2229,0.8869,0.2752,High
C03354,53,46-65,124598.34,638.0,159323.84,5.7,83718.21,8708.32,0,2,33971.6,36,Self-employed,1.9506,0.8387,0.2726,Low
C03355,64,46-65,121102.07,559.0,56306.22,5.2,18112.32,5000.0,0,1,17271.91,36,Business,0.6145,0.4954,0.1426,Low
C03356,40,31-45,51585.75,682.0,44846.23,0.6,34760.06,5000.0,0,2,1839.37,12,Salaried,1.5432,1.1631,0.0357,Low
C03357,23,21-30,88206.06,716.0,211348.72,12.7,60924.27,5000.0,0,1,37515.59,48,Self-employed,3.0868,0.6802,0.4253,Low
C03358,60,46-65,81943.97,668.0,285415.44,12.4,122505.56,5000.0,0,1,16227.53,36,Salaried,4.978,0.7322,0.198,Medium
C03359,29,21-30,48299.48,679.0,37961.04,16.8,18911.07,5000.0,0,1,15164.65,12,Salaried,1.1775,1.2422,0.314,Low
C03360,44,31-45,91209.56,711.0,315179.99,7.3,113115.34,5000.0,0,0,28321.42,24,Salaried,4.6957,0.6578,0.3105,Low
C03361,65,46-65,181047.24,786.0,298750.73,8.1,187204.25,8168.89,0,0,0.0,12,Salaried,2.6841,0.5414,0.0,Low
C03362,54,46-65,84252.87,649.0,209261.16,15.6,60678.32,5000.0,0,1,50043.37,36,Salaried,3.2039,0.7121,0.594,Low
C03363,23,21-30,88755.31,592.0,278177.2,6.4,26886.04,5687.39,1,0,5878.84,24,Salaried,3.4371,0.769,0.0662,High
C03364,57,46-65,94073.13,673.0,191220.04,8.8,22688.86,5000.0,1,1,2509.94,60,Salaried,2.2739,0.6378,0.0267,Low
C03365,28,21-30,29103.26,821.0,13601.76,17.6,0.0,5000.0,0,2,17794.16,48,Business,0.4674,2.0616,0.6114,Low
C03366,54,46-65,83722.76,593.0,84199.68,12.2,34305.23,5000.0,0,3,9204.06,36,Salaried,1.4154,0.7167,0.1099,Low
C03367,48,46-65,37157.64,729.0,85786.15,7.1,10383.37,5000.0,0,1,14512.36,48,Business,2.5881,1.6147,0.3906,Low
C03368,33,31-45,46990.69,767.0,97576.01,15.4,29256.33,5000.0,1,1,17276.41,48,Salaried,2.6991,1.2768,0.3677,Low
C03369,40,31-45,213461.24,503.0,271622.87,8.3,214868.24,5400.02,0,0,14140.74,36,Salaried,2.2791,0.3036,0.0662,Medium
C03370,26,21-30,56548.2,711.0,124837.31,15.6,54384.58,5000.0,2,2,7181.09,60,Salaried,3.1694,1.061,0.127,High
C03371,65,46-65,43262.73,725.0,46044.28,10.6,19131.65,5000.0,0,0,8675.38,12,Salaried,1.5065,1.3869,0.2005,Low
C03372,31,31-45,122524.09,660.0,127006.68,6.2,70623.2,6251.99,0,0,47757.86,36,Salaried,1.613,0.6123,0.3898,Low
C03373,34,31-45,38596.63,632.0,104239.74,3.9,17497.29,5000.0,0,1,14777.67,48,Salaried,3.1541,1.5545,0.3829,Medium
C03374,43,31-45,50820.85,636.0,90418.46,14.0,81455.89,5000.0,0,1,27592.51,48,Salaried,3.382,1.1806,0.5429,Medium
C03375,51,46-65,129200.56,655.0,128089.35,14.9,120076.17,5000.0,0,2,55651.78,36,Salaried,1.9208,0.4644,0.4307,Low
C03376,43,31-45,66547.06,657.0,100122.46,19.0,67254.63,5000.0,2,2,5229.67,36,Salaried,2.5152,0.9016,0.0786,High
C03377,43,31-45,27536.4,643.0,95864.82,12.9,25838.04,5000.0,1,2,17583.64,36,Self-employed,4.4197,2.1789,0.6386,High
C03378,47,46-65,87670.16,654.0,61097.73,7.7,24405.59,5523.24,0,0,30678.42,36,Business,0.9753,0.756,0.3499,Low
C03379,59,46-65,52265.21,769.0,47761.36,10.3,70580.44,5000.0,0,1,30650.81,36,Salaried,2.2643,1.148,0.5864,Low
C03380,38,31-45,151609.11,589.0,198987.34,9.2,13103.83,6756.85,0,1,78764.96,24,Salaried,1.3989,0.5348,0.5195,Low
C03381,58,46-65,46571.3,549.0,17596.31,7.6,4377.6,5000.0,0,1,23681.74,36,Salaried,0.4718,1.2883,0.5085,Low
C03382,56,46-65,115880.74,771.0,44655.28,3.6,134221.21,5000.0,1,2,35765.68,36,Salaried,1.5436,0.5178,0.3086,Low
C03383,64,46-65,172607.67,666.0,26471.2,4.0,208563.39,6954.88,0,3,92835.49,48,Business,1.3617,0.4835,0.5378,Low
C03384,62,46-65,40705.71,651.0,48551.29,14.3,30368.8,5000.0,0,2,25210.3,48,Salaried,1.9388,1.474,0.6193,Low
C03385,56,46-65,58446.99,672.0,125755.76,5.0,73400.96,5000.0,1,1,9307.53,60,Salaried,3.4075,1.0266,0.1592,High
C03386,32,31-45,80489.86,696.0,42176.9,7.3,66440.4,5000.0,1,0,26257.7,24,Self-employed,1.3495,0.7454,0.3262,Low
C03387,55,46-65,40562.63,641.0,49383.94,2.5,67419.5,5000.0,0,2,28055.64,36,Salaried,2.8796,1.4792,0.6917,Medium
C03388,54,46-65,75418.27,718.0,190892.67,2.6,39310.07,5000.0,0,2,48863.57,36,Salaried,3.0523,0.7956,0.6479,Low
C03389,34,31-45,57436.56,608.0,10970.13,5.1,47140.31,5000.0,0,1,5764.27,24,Business,1.0117,1.0446,0.1004,Low
C03390,51,46-65,56803.62,657.0,58488.57,14.0,0.0,5000.0,0,0,15777.52,48,Salaried,1.0297,1.0563,0.2778,Low
C03391,32,31-45,66773.31,514.0,242608.64,14.5,67529.0,5000.0,0,0,14655.44,36,Salaried,4.6446,0.8986,0.2195,High
C03392,44,31-45,67598.3,768.0,142140.41,10.0,41696.47,5000.0,0,1,43558.33,24,Business,2.7195,0.8876,0.6444,Low
C03393,56,46-65,71130.89,667.0,151112.9,5.6,86392.66,5000.0,1,0,17588.3,36,Salaried,3.339,0.8435,0.2473,Medium
C03394,29,21-30,46760.22,,75019.77,20.2,71179.74,5000.0,1,0,5730.59,36,Self-employed,3.1266,1.2831,0.1226,Medium
C03395,36,31-45,47896.52,716.0,161843.12,7.2,32837.96,5000.0,0,1,27955.03,36,Salaried,4.0646,1.2527,0.5837,Medium
C03396,56,46-65,60895.79,721.0,22926.0,21.3,88550.27,5000.0,0,2,43283.69,36,Salaried,1.8306,0.9853,0.7108,Low
C03397,41,31-45,63419.45,679.0,20148.73,11.3,78146.64,5000.0,0,3,27025.7,36,Salaried,1.5499,0.9461,0.4261,Low
C03398,64,46-65,51060.96,709.0,161480.82,16.1,57307.47,5000.0,0,0,284.1,60,Salaried,4.2848,1.1751,0.0056,Medium
C03399,21,21-30,77676.6,608.0,16145.77,16.1,16045.39,5000.0,0,7,49387.64,60,Self-employed,0.4144,0.7724,0.6358,Low
C03400,53,46-65,23957.19,592.0,49119.28,1.9,17452.68,5000.0,0,0,222.8,24,Salaried,2.7788,2.5045,0.0093,High
C03401,57,46-65,43494.34,672.0,5000.0,3.9,114048.44,5000.0,0,1,10864.68,36,Salaried,2.7371,1.3795,0.2498,Medium
C03402,62,46-65,55724.89,629.0,75185.86,6.9,25447.54,5000.0,0,1,37167.22,24,Self-employed,1.8059,1.0767,0.667,Low
C03403,28,21-30,40590.09,,92008.73,5.1,28847.16,5000.0,1,3,14378.44,36,Salaried,2.9775,1.4782,0.3542,High
C03404,65,46-65,159245.36,708.0,318256.45,11.8,87131.77,9839.6,0,1,92817.75,36,Business,2.5457,0.7415,0.5829,Low
C03405,38,31-45,65677.82,626.0,140303.95,12.4,93716.28,5000.0,1,1,30372.79,12,Salaried,3.5632,0.9136,0.4625,Medium
C03406,36,31-45,71636.92,660.0,57487.29,6.4,82786.18,5000.0,0,1,32953.22,60,Salaried,1.9581,0.8376,0.46,Low
C03407,36,31-45,49829.66,690.0,57962.9,5.9,89605.44,5000.0,0,2,10640.24,36,Self-employed,2.9615,1.2041,0.2135,Medium
C03408,49,46-65,64438.34,675.0,168057.87,15.4,88835.28,5000.0,0,3,12070.86,48,Salaried,3.9867,0.9311,0.1873,High
C03409,50,46-65,33314.67,700.0,5000.0,6.0,31154.99,5000.0,0,6,6183.29,24,Salaried,1.0853,1.801,0.1856,Low
C03410,42,31-45,59203.93,685.0,138270.7,17.1,55822.01,5000.0,0,2,13951.24,48,Salaried,3.2784,1.0134,0.2356,Medium
C03411,24,21-30,38823.77,576.0,64201.69,10.1,50476.34,5000.0,0,1,6948.73,60,Salaried,2.9538,1.5454,0.179,Medium
C03412,65,46-65,55802.31,519.0,70594.25,10.2,67367.25,5000.0,0,1,41180.47,36,Salaried,2.4723,1.0752,0.738,Medium
C03413,30,21-30,18000.0,652.0,35253.13,4.3,0.0,5000.0,0,1,5803.99,48,Salaried,1.9585,3.3333,0.3224,Low
C03414,25,21-30,34952.34,722.0,93975.24,13.4,37864.07,5000.0,0,2,15269.66,48,Salaried,3.772,1.7166,0.4369,Medium
C03415,47,46-65,145408.47,653.0,194481.1,3.8,210191.68,5000.0,0,2,28857.27,36,Business,2.783,0.4126,0.1985,High
C03416,39,31-45,102627.51,773.0,38742.56,13.4,10926.27,6552.75,0,0,47116.94,48,Salaried,0.484,0.7662,0.4591,Low
C03417,48,46-65,134270.83,676.0,466790.32,12.3,154534.44,8753.29,0,1,11095.05,36,Business,4.6274,0.7823,0.0826,Medium
C03418,60,46-65,139439.94,782.0,59107.21,12.5,204688.78,5000.0,1,2,13494.69,48,Salaried,1.8918,0.4303,0.0968,Low
C03419,25,21-30,94116.22,766.0,266570.04,12.3,75962.23,5169.24,1,0,62180.27,24,Salaried,3.6395,0.6591,0.6607,Low
C03420,33,31-45,50668.76,759.0,5000.0,15.3,9682.5,5000.0,0,1,4557.53,36,Salaried,0.2898,1.1842,0.0899,Low
C03421,44,31-45,36741.22,590.0,48686.12,11.5,65129.08,5000.0,0,1,0.0,36,Business,3.0978,1.633,0.0,High
C03422,56,46-65,122131.31,681.0,225615.17,2.0,114158.68,5000.0,1,0,8865.8,36,Salaried,2.782,0.4913,0.0726,Medium
C03423,48,46-65,67349.78,772.0,26426.88,10.8,99620.29,5000.0,0,0,7054.73,24,Salaried,1.8715,0.8909,0.1047,Low
C03424,38,31-45,256236.24,700.0,500000.0,4.8,64150.17,9773.2,0,1,136701.29,36,Salaried,2.2017,0.4577,0.5335,Low
C03425,48,46-65,53174.74,722.0,64500.34,3.0,18168.94,5000.0,1,2,31153.68,60,Salaried,1.5547,1.1284,0.5859,Medium
C03426,65,46-65,192381.43,576.0,390469.57,4.2,9997.0,5000.0,0,0,82247.36,36,Salaried,2.0816,0.3119,0.4275,Low
C03427,42,31-45,59629.58,824.0,167518.06,5.6,35145.48,5000.0,0,2,17300.07,60,Self-employed,3.3987,1.0062,0.2901,Low
C03428,60,46-65,135532.84,621.0,285121.33,12.7,186698.86,6219.71,1,0,20950.22,48,Salaried,3.4812,0.5507,0.1546,High
C03429,56,46-65,165267.89,530.0,280811.14,7.3,207610.61,5000.0,0,0,24164.04,36,Salaried,2.9553,0.363,0.1462,High
C03430,34,31-45,37031.35,654.0,52953.0,15.2,0.0,5000.0,1,1,15299.95,36,Salaried,1.43,1.6202,0.4132,Low
C03431,32,31-45,49781.25,496.0,5000.0,5.3,18522.23,5000.0,0,1,33118.04,24,Business,0.4725,1.2053,0.6653,Low
C03432,55,46-65,36827.64,599.0,120526.56,7.4,44036.68,5000.0,0,1,21705.33,24,Salaried,4.4685,1.6292,0.5894,High
C03433,30,21-30,33046.57,850.0,67951.76,5.5,5712.88,5000.0,0,2,12405.59,48,Salaried,2.2291,1.8156,0.3754,Low
C03434,36,31-45,93810.24,651.0,208337.14,1.5,43321.14,5000.0,0,2,20422.52,48,Self-employed,2.6826,0.6396,0.2177,Medium
C03435,31,31-45,58337.3,573.0,87930.48,8.9,67747.12,5000.0,0,1,11924.41,36,Salaried,2.6686,1.0285,0.2044,Medium
C03436,48,46-65,66899.32,682.0,87307.23,33.6,13092.09,5000.0,0,1,23999.61,48,Business,1.5008,0.8969,0.3587,Low
C03437,34,31-45,88262.81,613.0,39590.72,3.1,69671.95,5512.85,0,1,2796.92,36,Salaried,1.2379,0.7495,0.0317,Low
C03438,50,46-65,23402.07,745.0,13118.81,13.5,5958.92,5000.0,0,0,7613.34,48,Salaried,0.8152,2.5639,0.3253,Low
C03439,63,46-65,131908.51,613.0,219270.98,15.4,85550.36,5000.0,0,2,87173.11,24,Salaried,2.3109,0.4549,0.6609,Low
C03440,58,46-65,53644.85,700.0,52793.79,9.2,39798.76,5000.0,0,2,33623.17,36,Salaried,1.726,1.1185,0.6268,Low
C03441,63,46-65,87113.16,594.0,14709.3,3.4,57772.81,5000.0,1,1,26665.82,60,Salaried,0.832,0.6888,0.3061,Medium
C03442,22,21-30,91448.81,850.0,182898.32,27.8,32629.75,5000.0,1,2,28902.2,12,Business,2.3568,0.6561,0.316,Low
C03443,41,31-45,138147.97,718.0,223632.83,12.2,240575.52,5000.0,1,0,32395.11,60,Salaried,3.3602,0.4343,0.2345,Medium
C03444,30,21-30,61357.4,669.0,101887.14,21.3,27512.67,5000.0,1,1,13067.97,36,Salaried,2.109,0.9779,0.213,Low
C03445,62,46-65,20214.23,658.0,54060.58,2.3,31422.23,5000.0,0,0,2063.58,36,Salaried,4.2288,2.9682,0.1021,High
C03446,53,46-65,67074.74,638.0,153327.15,5.8,50911.34,5000.0,0,0,19821.14,48,Business,3.0449,0.8945,0.2955,Medium
C03447,35,31-45,72586.29,623.0,25567.52,3.2,41657.43,5000.0,1,1,7151.22,60,Self-employed,0.9261,0.8266,0.0985,Low
C03448,46,46-65,36801.69,621.0,82099.37,16.4,32325.48,5000.0,0,0,5012.13,24,Self-employed,3.1092,1.6304,0.1362,High
C03449,48,46-65,70492.56,806.0,119925.51,2.3,83797.22,5000.0,0,3,51640.64,36,Salaried,2.89,0.8512,0.7326,Low
C03450,43,31-45,53294.18,639.0,88169.17,8.0,1606.11,5000.0,0,1,0.0,24,Business,1.6845,1.1258,0.0,Low
C03451,42,31-45,31058.5,520.0,118797.86,7.4,1818.95,5000.0,0,1,18772.25,24,Salaried,3.8835,1.9318,0.6044,High
C03452,23,21-30,94038.47,593.0,44109.99,1.8,125090.09,6389.02,1,2,11307.22,36,Self-employed,1.7993,0.8153,0.1202,High
C03453,41,31-45,47671.72,750.0,89724.6,12.9,30364.81,5000.0,0,1,8548.75,60,Business,2.5191,1.2586,0.1793,Medium
C03454,36,31-45,51981.02,661.0,79334.83,11.5,77913.52,5000.0,0,1,14296.02,36,Salaried,3.0251,1.1543,0.275,Medium
C03455,57,46-65,50398.88,670.0,6497.3,5.6,26668.21,5000.0,1,1,17650.05,12,Self-employed,0.6581,1.1905,0.3502,Low
C03456,59,46-65,128239.61,768.0,190917.66,21.3,181808.22,6037.89,0,0,20163.77,48,Salaried,2.9065,0.565,0.1572,Low
C03457,54,46-65,63553.58,622.0,58331.54,2.1,77031.48,5000.0,0,1,14191.81,12,Salaried,2.1299,0.9441,0.2233,Low
C03458,22,21-30,67890.23,727.0,11954.99,1.3,17837.42,5000.0,1,0,13438.98,36,Salaried,0.4388,0.8838,0.198,Low
C03459,58,46-65,51010.8,630.0,92346.58,9.5,0.0,5000.0,1,0,8861.59,36,Salaried,1.8103,1.1762,0.1737,Medium
C03460,38,31-45,83844.51,723.0,91604.72,4.2,140796.23,5000.0,0,3,37515.94,12,Salaried,2.7718,0.7156,0.4474,Low
C03461,39,31-45,136525.61,651.0,214179.33,8.2,80872.58,8476.06,1,2,35702.51,48,Salaried,2.1611,0.745,0.2615,Medium
C03462,63,46-65,92824.51,662.0,18102.43,17.9,36647.84,6179.5,1,1,49046.89,36,Business,0.5898,0.7989,0.5284,Low
C03463,60,46-65,94837.42,742.0,155113.04,3.0,0.0,5515.41,1,0,30203.53,24,Self-employed,1.6356,0.6979,0.3185,Low
C03464,23,21-30,90723.27,736.0,159908.02,16.5,74346.99,5000.0,0,1,22108.89,12,Salaried,2.5821,0.6614,0.2437,Low
C03465,37,31-45,30424.67,668.0,46430.15,3.2,38739.44,5000.0,0,0,14187.37,48,Salaried,2.7994,1.9721,0.4663,Medium
C03466,54,46-65,40145.96,645.0,100156.32,6.3,49418.39,5000.0,1,1,13281.64,24,Self-employed,3.7258,1.4945,0.3308,High
C03467,45,31-45,58069.71,800.0,209246.03,18.7,103899.92,5000.0,1,0,5573.44,60,Salaried,5.3926,1.0332,0.096,Medium
C03468,32,31-45,43604.57,724.0,27411.36,13.1,17415.59,5000.0,0,2,22558.03,12,Salaried,1.028,1.376,0.5173,Low
C03469,44,31-45,36193.95,651.0,42401.12,4.5,44097.53,5000.0,0,1,20697.68,36,Self-employed,2.3899,1.6577,0.5719,Medium
C03470,59,46-65,23212.49,631.0,81242.9,10.7,16596.01,5000.0,0,0,8993.55,60,Self-employed,4.2149,2.5848,0.3874,High
C03471,31,31-45,30994.08,757.0,66487.53,6.0,5176.21,5000.0,0,0,2904.71,36,Self-employed,2.3122,1.9359,0.0937,Low
C03472,54,46-65,56446.78,689.0,178220.55,6.6,71636.6,5000.0,0,1,31486.44,12,Salaried,4.4264,1.0629,0.5578,Medium
C03473,54,46-65,62564.8,668.0,140688.7,7.4,23786.5,5000.0,1,0,30076.88,24,Salaried,2.6289,0.959,0.4807,Medium
C03474,60,46-65,42022.61,689.0,121601.58,11.9,18719.05,5000.0,0,2,24865.5,36,Salaried,3.3392,1.4278,0.5917,Medium
C03475,34,31-45,67883.71,705.0,42018.55,9.1,0.0,5000.0,1,2,16538.18,60,Salaried,0.619,0.8839,0.2436,Low
C03476,30,21-30,51202.01,676.0,49203.02,7.6,12783.73,5000.0,0,1,18956.97,12,Salaried,1.2106,1.1718,0.3702,Low
C03477,45,31-45,118415.87,770.0,247234.25,7.7,41065.84,7487.53,0,0,44124.5,60,Salaried,2.4346,0.7588,0.3726,Low
C03478,44,31-45,59471.26,774.0,95172.72,10.0,40596.31,5000.0,0,1,10178.09,36,Salaried,2.2829,1.0089,0.1711,Low
C03479,39,31-45,95332.35,720.0,265464.04,8.8,1329.92,5000.0,0,0,8785.35,36,Salaried,2.7986,0.6294,0.0922,Low
C03480,56,46-65,72686.44,783.0,252574.38,5.8,137756.56,5000.0,0,1,39877.4,36,Business,5.3701,0.8255,0.5486,High
C03481,56,46-65,30061.59,681.0,9812.96,10.2,49836.69,5000.0,0,2,3598.72,36,Self-employed,1.9842,1.9959,0.1197,Low
C03482,32,31-45,61838.45,732.0,100069.82,11.4,91159.87,5000.0,0,1,35607.39,36,Salaried,3.0924,0.9703,0.5758,Low
C03483,56,46-65,32943.5,755.0,86712.26,10.3,27553.45,5000.0,0,1,20487.42,36,Self-employed,3.4685,1.8213,0.6219,Medium
C03484,31,31-45,61247.36,756.0,186732.41,15.1,111754.12,5000.0,2,0,0.0,48,Business,4.8735,0.9796,0.0,High
C03485,39,31-45,43144.95,749.0,113757.2,5.5,78473.0,5000.0,0,1,16398.84,24,Self-employed,4.4555,1.3907,0.3801,Medium
C03486,22,21-30,80195.46,727.0,182071.73,5.3,106855.19,5000.0,1,1,2803.43,60,Salaried,3.6028,0.7482,0.035,High
C03487,36,31-45,31065.33,827.0,101489.98,19.7,22764.58,5000.0,1,1,14932.14,48,Business,3.9998,1.9314,0.4807,Medium
C03488,64,46-65,65527.72,640.0,64738.37,4.6,43439.23,5000.0,0,1,29633.88,12,Salaried,1.6509,0.9156,0.4522,Low
C03489,40,31-45,89051.59,668.0,58012.76,7.1,140959.4,5000.0,0,0,1793.07,36,Salaried,2.2343,0.6738,0.0201,Low
C03490,52,46-65,107078.78,664.0,74122.24,1.5,130225.43,5000.0,0,3,68882.87,36,Self-employed,1.9084,0.5603,0.6433,Low
C03491,25,21-30,42695.56,652.0,63503.58,3.2,58354.36,5000.0,1,2,6183.52,24,Business,2.8541,1.4053,0.1448,High
C03492,49,46-65,65637.71,531.0,189587.39,6.4,13047.71,5000.0,0,0,51300.06,48,Salaried,3.0872,0.9141,0.7816,Medium
C03493,37,31-45,71928.18,783.0,124288.57,6.1,5282.11,5000.0,0,1,758.68,60,Salaried,1.8014,0.8342,0.0105,Low
C03494,54,46-65,152216.94,603.0,339298.07,7.3,266244.89,9623.63,0,1,46868.53,24,Salaried,3.9782,0.7587,0.3079,High
C03495,62,46-65,28779.28,693.0,56089.95,22.6,32267.09,5000.0,0,1,949.66,24,Salaried,3.0702,2.0848,0.033,Medium
C03496,44,31-45,39380.9,573.0,104379.94,1.9,33460.51,5000.0,0,1,26818.48,36,Business,3.5002,1.5236,0.681,High
C03497,25,21-30,303943.44,727.0,197945.4,8.4,52890.39,14057.98,0,2,201119.45,60,Self-employed,0.8253,0.555,0.6617,Low
C03498,42,31-45,55934.63,621.0,110129.15,7.8,39311.46,5000.0,0,0,17538.57,60,Salaried,2.6717,1.0727,0.3136,Medium
C03499,26,21-30,22973.48,595.0,13394.33,24.9,20428.56,5000.0,0,1,1940.4,36,Salaried,1.4723,2.6117,0.0845,Low
C03500,41,31-45,47180.69,695.0,70485.04,14.3,64111.75,5000.0,0,1,33983.76,36,Salaried,2.8528,1.2717,0.7203,Low
C03501,23,21-30,18000.0,627.0,40856.19,6.0,11424.15,5000.0,0,1,5950.53,36,Salaried,2.9045,3.3333,0.3306,Medium
C03502,49,46-65,74209.61,637.0,166768.52,19.4,60765.61,5000.0,0,1,41427.34,48,Salaried,3.0661,0.8085,0.5582,Medium
C03503,34,31-45,101470.58,693.0,169812.29,5.7,6474.32,5000.0,1,3,785.74,12,Salaried,1.7373,0.5913,0.0077,Low
C03504,30,21-30,39368.77,740.0,127754.66,15.0,40240.46,5000.0,0,1,1812.83,48,Salaried,4.2672,1.5241,0.046,Low
C03505,21,21-30,50173.61,619.0,166428.25,21.3,51938.48,5000.0,0,2,25282.26,12,Self-employed,4.3522,1.1958,0.5039,High
C03506,60,46-65,108028.71,606.0,106991.76,9.1,171588.51,5441.0,0,2,31350.07,36,Salaried,2.5788,0.6044,0.2902,Medium
C03507,58,46-65,24822.95,682.0,6270.8,3.8,29646.25,5000.0,0,2,8077.49,60,Salaried,1.4469,2.4171,0.3254,Low
C03508,57,46-65,31422.47,,38144.58,1.8,26046.12,5000.0,0,2,11437.89,60,Salaried,2.0428,1.9095,0.364,Low
C03509,23,21-30,57335.73,790.0,43319.12,9.4,38678.81,5000.0,0,2,1572.65,24,Salaried,1.4301,1.0465,0.0274,Low
C03510,36,31-45,42974.34,600.0,49248.57,14.6,57656.48,5000.0,0,1,5053.44,48,Self-employed,2.4876,1.3962,0.1176,Medium
C03511,64,46-65,55299.31,656.0,187930.19,35.0,40429.25,5000.0,0,1,21547.95,12,Salaried,4.1295,1.085,0.3897,Medium
C03512,47,46-65,32437.81,768.0,96280.06,18.1,19826.53,5000.0,0,2,21040.73,60,Salaried,3.5794,1.8497,0.6486,Low
C03513,26,21-30,73131.54,828.0,70096.45,8.7,28101.24,5007.25,1,5,7472.78,36,Salaried,1.3428,0.8216,0.1022,Low
C03514,27,21-30,59877.99,606.0,181764.75,3.6,57760.82,5000.0,0,0,17156.85,60,Salaried,4.0002,1.002,0.2865,High
C03515,32,31-45,87921.3,625.0,263946.3,7.7,57063.66,5000.0,2,0,22339.45,24,Self-employed,3.6511,0.6824,0.2541,High
C03516,64,46-65,72574.02,709.0,126322.78,22.4,40628.75,5000.0,0,1,42180.49,48,Business,2.3004,0.8267,0.5812,Low
C03517,28,21-30,72825.55,637.0,217193.88,27.7,28509.25,5000.0,2,1,50682.06,12,Salaried,3.3739,0.8239,0.6959,High
C03518,61,46-65,29339.02,623.0,119542.21,5.6,23572.35,5000.0,0,4,3756.84,48,Self-employed,4.878,2.0451,0.128,High
C03519,51,46-65,85226.52,698.0,289264.79,7.2,49605.35,5000.0,0,0,13758.81,48,Salaried,3.9761,0.704,0.1614,Low
C03520,62,46-65,54185.36,796.0,139524.64,20.2,97715.63,5000.0,0,5,36410.95,36,Business,4.3783,1.1073,0.672,Low
C03521,58,46-65,59308.83,582.0,89140.39,19.4,67218.66,5000.0,0,1,28874.5,60,Salaried,2.6364,1.0117,0.4868,Medium
C03522,35,31-45,115692.14,792.0,104219.45,5.8,15881.58,7014.81,0,1,52367.34,60,Salaried,1.0381,0.7276,0.4526,Low
C03523,58,46-65,43759.02,637.0,151265.68,13.5,47573.74,5000.0,0,2,15433.48,36,Self-employed,4.544,1.3711,0.3527,High
C03524,28,21-30,136665.82,706.0,151792.92,6.1,24370.0,7557.92,0,0,4684.57,60,Business,1.289,0.6636,0.0343,Low
C03525,34,31-45,143861.16,799.0,214773.75,17.0,49474.82,8151.91,0,2,82188.75,36,Salaried,1.8368,0.68,0.5713,Low
C03526,30,21-30,98338.81,704.0,93776.12,8.6,24007.15,5650.56,0,1,14928.09,48,Salaried,1.1977,0.6895,0.1518,Low
C03527,26,21-30,37903.59,658.0,75907.67,6.7,57410.28,5000.0,0,2,17245.74,60,Self-employed,3.5173,1.583,0.455,High
C03528,25,21-30,19529.5,734.0,20066.28,14.2,5794.24,5000.0,0,2,1840.84,48,Business,1.3242,3.0723,0.0943,Low
C03529,29,21-30,117653.81,667.0,340102.1,9.1,0.0,6039.61,0,1,81570.63,24,Salaried,2.8907,0.616,0.6933,Low
C03530,26,21-30,69106.52,719.0,130060.43,14.0,50384.56,5000.0,0,1,13899.8,24,Salaried,2.6111,0.8682,0.2011,Low
C03531,38,31-45,43143.37,665.0,71125.72,4.0,24348.35,5000.0,0,0,6435.51,24,Salaried,2.2129,1.3907,0.1492,Medium
C03532,24,21-30,123946.07,745.0,178954.56,4.7,148420.14,5000.0,0,1,42906.33,24,Salaried,2.6413,0.4841,0.3462,Low
C03533,23,21-30,40468.74,575.0,70409.56,8.1,64615.81,5000.0,1,2,5081.78,48,Salaried,3.3365,1.4826,0.1256,High
C03534,65,46-65,51475.29,604.0,137112.18,5.0,28603.33,5000.0,1,0,34389.05,60,Salaried,3.2193,1.1656,0.6681,High
C03535,24,21-30,86754.04,574.0,274576.52,6.4,59754.24,5000.0,1,3,25007.63,24,Self-employed,3.8538,0.6916,0.2883,High
C03536,24,21-30,35230.27,676.0,106559.62,8.3,33922.96,5000.0,0,1,10133.04,60,Self-employed,3.9876,1.7031,0.2876,Medium
C03537,22,21-30,,565.0,79425.29,5.5,41984.99,5000.0,0,1,6065.25,24,Salaried,1.9838,0.9804,0.0991,Medium
C03538,26,21-30,118322.35,628.0,335752.1,22.0,167791.25,5781.52,0,0,40964.36,36,Business,4.2557,0.5863,0.3462,Medium
C03539,44,31-45,73002.83,597.0,140061.72,4.8,88993.03,5000.0,1,1,0.0,36,Salaried,3.1376,0.8219,0.0,High
C03540,58,46-65,129085.08,791.0,305464.76,8.0,57646.66,5000.0,0,1,67484.18,48,Salaried,2.813,0.4648,0.5228,Low
C03541,54,46-65,121251.7,606.0,287999.21,8.1,169160.12,5071.33,0,0,35616.63,12,Salaried,3.7703,0.5019,0.2937,Medium
C03542,47,46-65,65277.24,584.0,90524.6,9.3,433.58,5000.0,0,2,18677.49,36,Salaried,1.3934,0.9192,0.2861,Low
C03543,24,21-30,18000.0,699.0,37295.69,6.7,0.0,5000.0,0,5,7117.36,12,Salaried,2.072,3.3333,0.3954,Low
C03544,55,46-65,35382.33,807.0,84119.77,15.0,53712.42,5000.0,0,0,9347.98,36,Business,3.8955,1.6958,0.2642,Low
C03545,22,21-30,98911.06,671.0,125678.3,15.6,131049.54,6479.53,0,2,18416.37,36,Salaried,2.5955,0.7861,0.1862,Low
C03546,49,46-65,27708.77,677.0,71274.82,5.6,18761.27,5000.0,1,0,11775.09,12,Salaried,3.2494,2.1654,0.425,High
C03547,39,31-45,54309.89,777.0,61419.19,16.4,34865.68,5000.0,2,0,16365.18,36,Salaried,1.7729,1.1048,0.3013,Low
C03548,60,46-65,78300.31,746.0,179528.44,5.4,28723.38,5000.0,0,1,19573.25,36,Business,2.6597,0.7663,0.25,Low
C03549,34,31-45,145860.57,712.0,443541.72,8.0,144832.33,8786.34,0,1,105107.06,48,Salaried,4.0338,0.7229,0.7206,Low
C03550,49,46-65,47376.51,636.0,5000.0,8.6,75729.81,5000.0,1,1,4405.86,36,Salaried,1.704,1.2665,0.093,Medium
C03551,40,31-45,45625.6,714.0,47535.84,3.5,59605.63,5000.0,0,0,4766.32,48,Salaried,2.3483,1.3151,0.1045,Low
C03552,44,31-45,63151.85,578.0,124925.98,5.2,94648.32,5000.0,1,1,20097.71,48,Salaried,3.4769,0.9501,0.3182,High
C03553,63,46-65,78837.55,633.0,46038.54,2.7,84960.82,5000.0,1,1,0.0,60,Self-employed,1.6616,0.7611,0.0,Medium
C03554,53,46-65,59713.11,787.0,41328.43,9.3,16546.19,5000.0,0,1,30485.53,36,Business,0.9692,1.0048,0.5105,Low
C03555,39,31-45,115756.04,778.0,316565.78,3.7,109193.43,5355.05,0,1,64733.45,36,Salaried,3.6781,0.5551,0.5592,Low
C03556,41,31-45,41882.08,713.0,21854.93,20.9,1316.0,5000.0,0,1,26770.29,60,Salaried,0.5532,1.4326,0.6392,Low
C03557,52,46-65,69440.88,535.0,142853.7,6.1,22461.07,5000.0,0,1,23156.3,36,Business,2.3807,0.864,0.3335,Medium
C03558,36,31-45,83034.34,589.0,22633.45,13.8,,5000.0,0,0,58697.93,48,Salaried,0.6863,0.7226,0.7069,Low
C03559,28,21-30,52157.04,629.0,40238.1,13.2,115727.27,5000.0,0,3,1927.44,60,Salaried,2.9903,1.1504,0.037,High
C03560,42,31-45,103154.49,667.0,140348.65,5.2,54745.75,5000.0,0,3,55430.73,24,Salaried,1.8913,0.5817,0.5374,Low
C03561,24,21-30,70549.49,586.0,231908.36,6.3,,5000.0,1,0,12915.83,24,Salaried,4.1935,0.8505,0.1831,High
C03562,28,21-30,100308.7,662.0,205087.1,6.2,152041.22,5000.0,0,0,41409.62,36,Salaried,3.5603,0.5982,0.4128,Medium
C03563,39,31-45,72323.17,813.0,84888.07,10.2,77028.75,5000.0,0,0,20607.55,48,Salaried,2.2388,0.8296,0.2849,Low
C03564,56,46-65,79950.67,710.0,106407.34,34.5,28889.95,5000.0,0,1,23689.01,36,Salaried,1.6923,0.7505,0.2963,Low
C03565,56,46-65,45904.9,696.0,91150.13,9.9,18937.24,5000.0,0,2,19716.12,12,Salaried,2.3982,1.3071,0.4295,Medium
C03566,32,31-45,45945.82,604.0,119695.93,5.9,83771.77,5000.0,0,2,15726.15,36,Salaried,4.4284,1.3059,0.3423,High
C03567,39,31-45,127460.35,557.0,154140.54,10.4,80671.53,6761.44,0,2,26919.29,36,Salaried,1.8422,0.6366,0.2112,Medium
C03568,27,21-30,92196.12,588.0,68394.32,3.7,27339.87,5000.0,0,0,14765.06,36,Salaried,1.0384,0.6508,0.1601,Low
C03569,54,46-65,37031.04,554.0,57866.73,4.8,55554.03,5000.0,0,1,0.0,12,Business,3.0629,1.6203,0.0,High
C03570,32,31-45,71798.4,686.0,161292.25,21.1,54373.07,5000.0,0,3,26033.67,60,Salaried,3.0038,0.8357,0.3626,Medium
C03571,56,46-65,18000.0,709.0,69958.78,7.2,19279.71,5000.0,0,1,8592.06,48,Salaried,4.9577,3.3333,0.4773,Medium
C03572,58,46-65,47404.64,608.0,109670.82,4.7,4488.12,5000.0,1,1,24851.05,12,Salaried,2.4082,1.2657,0.5242,High
C03573,52,46-65,110272.27,691.0,286975.22,3.3,178634.66,5157.7,0,1,0.0,36,Salaried,4.2224,0.5613,0.0,Medium
C03574,35,31-45,60676.54,790.0,117465.03,8.2,109043.83,5000.0,0,0,21480.9,24,Business,3.7331,0.9888,0.354,Medium
C03575,63,46-65,69355.07,827.0,128880.88,3.4,30285.68,5000.0,1,0,17938.8,36,Salaried,2.295,0.8651,0.2587,Low
C03576,51,46-65,18000.0,738.0,31529.01,17.2,6972.51,5000.0,1,1,12708.5,24,Self-employed,2.139,3.3333,0.706,Low
C03577,50,46-65,52386.44,667.0,42371.09,13.2,18323.0,5000.0,0,3,6283.36,12,Salaried,1.1586,1.1453,0.1199,Low
C03578,59,46-65,78291.34,735.0,251509.18,5.7,80929.79,5000.0,0,0,23831.71,48,Salaried,4.2462,0.7664,0.3044,Low
C03579,60,46-65,83956.32,781.0,102938.21,24.0,42453.77,5000.0,0,2,36201.8,36,Salaried,1.7318,0.7147,0.4312,Low
C03580,24,21-30,110352.84,529.0,234475.62,6.2,129699.86,5000.0,0,2,21568.09,48,Self-employed,3.3001,0.5437,0.1954,High
C03581,60,46-65,57901.63,791.0,123898.69,7.2,97468.84,5000.0,1,1,29671.31,36,Salaried,3.8232,1.0362,0.5124,Medium
C03582,55,46-65,59339.58,639.0,179893.4,4.9,1274.39,5000.0,2,1,15290.57,60,Self-employed,3.0531,1.0111,0.2577,High
C03583,30,21-30,31240.73,640.0,28773.32,12.5,28094.54,5000.0,1,0,5593.17,24,Salaried,1.8203,1.9206,0.179,Medium
C03584,34,31-45,58084.59,653.0,183287.73,3.7,,5000.0,0,1,30031.78,36,Self-employed,3.1743,1.033,0.517,Medium
C03585,54,46-65,32476.64,704.0,13015.52,5.9,40834.84,5000.0,0,1,646.36,60,Salaried,1.6581,1.8475,0.0199,Low
C03586,30,21-30,23524.88,597.0,16803.55,5.3,27333.07,5000.0,0,1,1946.84,36,Salaried,1.8762,2.5505,0.0828,High
C03587,41,31-45,35785.35,659.0,93622.61,9.8,5837.93,5000.0,0,3,5095.4,24,Salaried,2.7794,1.6767,0.1424,Medium
C03588,52,46-65,149032.44,719.0,127596.85,3.0,181027.81,8361.0,0,3,94705.49,36,Salaried,2.0709,0.6732,0.6355,Low
C03589,50,46-65,56012.71,696.0,129631.22,7.6,38084.26,5000.0,0,0,32335.69,36,Salaried,2.9942,1.0712,0.5773,Low
C03590,61,46-65,73355.67,709.0,135114.85,17.2,48175.31,5000.0,2,0,37991.88,24,Self-employed,2.4987,0.8179,0.5179,Medium
C03591,26,21-30,49007.06,656.0,161454.25,3.4,13828.04,5000.0,0,1,36080.97,12,Business,3.5767,1.2243,0.7362,Low
C03592,34,31-45,24278.33,732.0,63337.47,12.9,59264.39,5000.0,0,2,10985.42,60,Salaried,5.0498,2.4713,0.4525,Medium
C03593,65,46-65,108771.51,759.0,124963.59,14.6,164483.09,5000.0,0,1,42717.17,48,Self-employed,2.6611,0.5516,0.3927,Low
C03594,46,46-65,19681.48,755.0,68254.04,7.4,996.26,5000.0,0,0,13902.18,24,Self-employed,3.5186,3.0486,0.7064,Low
C03595,32,31-45,47906.5,712.0,48347.35,1.4,53663.54,5000.0,0,2,10614.79,60,Salaried,2.1294,1.2524,0.2216,Low
C03596,34,31-45,63076.55,750.0,142447.41,12.6,62545.34,5000.0,0,3,16351.16,24,Salaried,3.2499,0.9512,0.2592,Medium
C03597,36,31-45,73785.08,745.0,196796.02,16.8,9180.25,5000.0,0,1,23783.98,24,Self-employed,2.7916,0.8132,0.3223,Low
C03598,45,31-45,43590.05,850.0,104522.7,22.8,27672.37,5000.0,0,0,7701.17,48,Business,3.0327,1.3765,0.1767,Low
C03599,33,31-45,23653.44,771.0,44450.02,8.8,0.0,5000.0,0,0,13275.47,36,Business,1.8792,2.5366,0.5612,Low
C03600,48,46-65,41837.2,673.0,125126.6,2.1,71852.0,5000.0,0,2,12612.41,36,Self-employed,4.7082,1.4341,0.3015,High
C03601,41,31-45,43058.96,612.0,81305.28,12.4,40062.83,5000.0,0,1,28130.15,12,Salaried,2.8186,1.3934,0.6533,High
C03602,48,46-65,42486.48,660.0,134264.84,2.4,56112.51,5000.0,0,1,0.0,48,Salaried,4.4809,1.4122,0.0,High
C03603,27,21-30,110821.36,655.0,87562.51,11.3,197351.69,5000.0,1,0,28779.6,36,Self-employed,2.5709,0.5414,0.2597,Low
C03604,49,46-65,33344.93,718.0,44255.58,13.8,41780.04,5000.0,0,1,16552.84,60,Business,2.5802,1.7994,0.4964,Medium
C03605,62,46-65,76701.85,627.0,188166.47,17.5,86966.61,5000.0,0,0,23902.51,12,Business,3.587,0.7822,0.3116,Medium
C03606,27,21-30,70912.78,769.0,78463.37,6.0,147901.41,5000.0,0,2,26416.56,24,Self-employed,3.1922,0.8461,0.3725,Low
C03607,35,31-45,110237.55,576.0,170100.35,4.1,48081.32,5000.0,1,0,20000.32,36,Salaried,1.9792,0.5443,0.1814,Low
C03608,52,46-65,60410.61,558.0,164081.31,8.9,0.0,5000.0,1,1,15385.66,36,Salaried,2.7161,0.9932,0.2547,High
C03609,48,46-65,100434.85,670.0,182026.37,3.0,102693.36,5000.0,1,3,49492.81,48,Business,2.8349,0.5974,0.4928,High
C03610,51,46-65,59125.73,617.0,50366.82,6.5,32517.63,5000.0,1,1,20141.77,36,Self-employed,1.4018,1.0148,0.3407,Low
C03611,46,46-65,82541.66,586.0,57765.99,5.2,154533.96,5000.0,0,2,21488.64,36,Salaried,2.572,0.7269,0.2603,Medium
C03612,51,46-65,28439.23,632.0,28207.59,15.5,34719.52,5000.0,0,0,745.47,36,Salaried,2.2127,2.1098,0.0262,Low
C03613,48,46-65,18000.0,623.0,22467.84,20.0,35044.81,5000.0,0,1,0.0,24,,3.1951,3.3333,0.0,Medium
C03614,24,21-30,80000.91,,47862.76,11.9,79051.79,5000.0,0,2,10072.62,48,Salaried,1.5864,0.75,0.1259,Low
C03615,54,46-65,82396.09,633.0,241401.11,14.3,71809.72,5000.0,0,1,10682.55,48,Salaried,3.8013,0.7282,0.1296,Medium
C03616,41,31-45,84429.22,640.0,90360.03,9.0,151878.95,5000.0,0,0,16014.88,36,Salaried,2.8691,0.7107,0.1897,Medium
C03617,23,21-30,48699.77,680.0,137983.72,8.5,40965.5,5000.0,0,2,32750.9,12,Self-employed,3.6745,1.232,0.6725,High
C03618,39,31-45,147486.18,756.0,500000.0,2.5,213383.96,5000.0,0,0,79336.97,36,Salaried,4.837,0.4068,0.5379,Low
C03619,40,31-45,50473.8,790.0,65881.21,10.6,13421.29,5000.0,0,2,8979.55,48,Self-employed,1.5712,1.1887,0.1779,Low
C03620,24,21-30,81930.45,691.0,289854.76,13.7,124538.68,5000.0,0,0,51892.23,60,Self-employed,5.0579,0.7323,0.6334,Low
C03621,65,46-65,90146.6,697.0,65796.03,7.0,150690.13,6216.6,0,1,55844.1,12,Salaried,2.4015,0.8275,0.6195,Low
C03622,31,31-45,167284.23,666.0,390308.14,7.2,290384.83,9040.72,0,1,83504.82,12,Self-employed,4.0691,0.6485,0.4992,Medium
C03623,35,31-45,54599.3,716.0,213945.34,1.5,105252.45,5000.0,0,2,35454.97,48,Self-employed,5.8462,1.0989,0.6494,Low
C03624,40,31-45,45382.71,709.0,129296.33,7.4,75498.64,5000.0,0,1,14006.29,60,Business,4.5126,1.3221,0.3086,High
C03625,58,46-65,28514.35,779.0,26197.08,15.6,31516.33,5000.0,0,0,5306.69,60,Business,2.024,2.1042,0.1861,Low
C03626,54,46-65,152656.32,538.0,141864.16,10.2,21211.98,5000.0,0,0,80807.91,48,Salaried,1.0683,0.393,0.5293,Low
C03627,55,46-65,81954.42,662.0,77210.68,7.9,10822.42,5000.0,0,4,48472.43,60,Self-employed,1.0742,0.7321,0.5915,Low
C03628,31,31-45,83393.54,705.0,274887.68,3.6,136605.11,5000.0,0,1,51287.34,36,Self-employed,4.9343,0.7195,0.615,Low
C03629,59,46-65,350000.0,678.0,345579.6,5.9,222376.67,12312.66,0,1,169810.55,24,Salaried,1.6227,0.4221,0.4852,Low
C03630,58,46-65,77723.83,610.0,150841.2,5.1,94052.36,5000.0,0,2,38401.09,24,Salaried,3.1508,0.772,0.4941,High
C03631,41,31-45,31756.92,583.0,45249.48,3.9,37692.58,5000.0,0,1,6563.45,36,Salaried,2.6118,1.8894,0.2067,High
C03632,45,31-45,58360.56,740.0,87426.08,10.2,74110.93,5000.0,1,2,22411.37,12,Self-employed,2.7679,1.0281,0.384,Medium
C03633,22,21-30,38025.5,623.0,47711.4,6.1,15996.66,5000.0,1,0,16989.85,36,Salaried,1.6754,1.5779,0.4468,Low
C03634,55,46-65,52282.39,548.0,73164.77,14.6,90459.93,5000.0,0,3,60.06,48,Salaried,3.1296,1.1476,0.0011,High
C03635,64,46-65,52089.48,744.0,112634.16,8.0,44840.24,5000.0,1,1,31305.28,36,Salaried,3.0232,1.1519,0.601,Medium
C03636,42,31-45,47064.73,714.0,75391.43,24.6,68593.47,5000.0,1,1,25638.16,48,Self-employed,3.0593,1.2748,0.5447,Medium
C03637,45,31-45,30207.25,671.0,45535.75,6.0,0.0,5000.0,0,2,16441.12,60,Salaried,1.5074,1.9863,0.5443,Low
C03638,43,31-45,156063.53,611.0,278419.37,16.9,219175.13,6508.76,1,1,87813.4,36,Business,3.1884,0.5005,0.5627,High
C03639,24,21-30,76612.0,671.0,90753.56,19.1,123339.45,5000.0,0,2,22083.6,36,Salaried,2.7945,0.7832,0.2883,Low
C03640,48,46-65,57419.14,771.0,156962.23,5.6,95969.0,5000.0,1,1,8166.26,48,Business,4.405,1.0449,0.1422,Medium
C03641,53,46-65,98601.66,559.0,186076.82,7.6,22884.31,5000.0,0,1,60410.57,36,Self-employed,2.1192,0.6085,0.6127,Low
C03642,62,46-65,84223.52,563.0,155011.14,6.4,152998.09,5000.0,0,4,47186.68,48,Self-employed,3.657,0.7124,0.5603,High
C03643,62,46-65,75642.42,633.0,64373.43,5.4,55764.34,5000.0,0,2,21599.04,60,Self-employed,1.5882,0.7932,0.2855,Low
C03644,43,31-45,94739.99,678.0,16795.83,12.2,59590.43,5000.0,0,2,1380.31,24,Salaried,0.8063,0.6333,0.0146,Low
C03645,64,46-65,69968.94,643.0,205216.76,13.1,48303.36,5000.0,0,0,22597.57,48,Business,3.6233,0.8575,0.323,Low
C03646,44,31-45,93973.15,728.0,284016.5,5.1,104126.67,5000.0,1,1,14671.97,24,Self-employed,4.1304,0.6385,0.1561,Medium
C03647,49,46-65,98356.54,762.0,90586.81,5.0,185554.16,5223.83,0,0,0.0,48,Salaried,2.8076,0.6373,0.0,Low
C03648,48,46-65,71085.44,701.0,105060.39,8.2,104734.5,5000.0,0,2,33745.2,36,Salaried,2.9513,0.8441,0.4747,Low
C03649,65,46-65,57579.71,722.0,84145.96,8.0,24309.27,5000.0,0,1,14560.45,36,Salaried,1.8836,1.042,0.2529,Low
C03650,54,46-65,150822.86,700.0,352967.53,2.4,122096.6,5000.0,0,1,54569.72,24,Self-employed,3.1498,0.3978,0.3618,Low
C03651,26,21-30,49975.93,681.0,39334.81,12.4,35188.54,5000.0,0,0,21795.1,48,Salaried,1.4912,1.2006,0.4361,Low
C03652,24,21-30,80608.96,583.0,266800.74,2.2,5381.1,5000.0,0,1,33553.68,60,Salaried,3.3766,0.7443,0.4163,High
C03653,39,31-45,81616.94,603.0,30551.72,4.6,124651.77,5189.8,0,0,4819.17,36,Salaried,1.9016,0.763,0.059,Low
C03654,44,31-45,46485.04,579.0,127094.11,9.2,3199.65,5000.0,1,2,20232.24,36,Salaried,2.8029,1.2907,0.4352,High
C03655,51,46-65,41682.65,669.0,17828.35,12.3,80552.09,5000.0,0,0,8832.95,48,Business,2.3602,1.4394,0.2119,Medium
C03656,42,31-45,,697.0,72056.94,4.4,44715.67,5000.0,0,2,29603.57,36,Salaried,2.1825,1.1214,0.5533,Low
C03657,44,31-45,49583.99,571.0,47971.43,7.4,15588.06,5000.0,0,1,29393.6,48,Salaried,1.2819,1.2101,0.5928,Low
C03658,62,46-65,29148.85,685.0,18078.08,6.1,0.0,5000.0,1,1,11765.17,48,Salaried,0.6202,2.0584,0.4036,Low
C03659,36,31-45,45425.11,614.0,177740.41,0.7,13021.21,5000.0,0,1,24770.63,36,Salaried,4.1995,1.3209,0.5453,High
C03660,43,31-45,75249.55,600.0,138391.09,6.3,101267.42,5000.0,1,3,34941.3,60,Business,3.1848,0.7973,0.4643,High
C03661,46,46-65,130406.47,633.0,66459.94,3.8,148044.79,8533.53,0,1,74699.39,36,Salaried,1.6449,0.7853,0.5728,Low
C03662,42,31-45,88173.15,596.0,300761.64,8.0,136206.48,5000.0,1,1,63095.08,48,Salaried,4.9558,0.6805,0.7156,High
C03663,64,46-65,18000.0,725.0,5000.0,3.4,1383.67,5000.0,1,0,8045.86,48,Salaried,0.3546,3.3333,0.447,Low
C03664,64,46-65,92490.35,667.0,41085.73,5.9,19287.61,5000.0,0,3,42344.64,12,Self-employed,0.6528,0.6487,0.4578,Low
C03665,44,31-45,47818.08,741.0,5000.0,7.4,26561.22,5000.0,1,1,26521.7,60,Salaried,0.66,1.2548,0.5546,Low
C03666,41,31-45,83394.41,647.0,148586.19,8.5,135376.2,5000.0,0,2,10092.36,48,Salaried,3.4051,0.7195,0.121,Medium
C03667,47,46-65,64496.62,650.0,218352.19,6.9,51901.78,5000.0,0,1,16494.55,24,Salaried,4.1902,0.9303,0.2557,Medium
C03668,29,21-30,58463.88,821.0,11388.72,16.5,78098.88,5000.0,0,1,35547.73,12,Business,1.5306,1.0263,0.608,Low
C03669,40,31-45,61445.93,558.0,147845.47,9.6,6228.93,5000.0,0,4,5436.1,24,Business,2.5075,0.9765,0.0885,Medium
C03670,30,21-30,64203.25,776.0,78132.42,11.7,84625.7,5000.0,0,1,14440.88,60,Salaried,2.535,0.9345,0.2249,Low
C03671,27,21-30,136157.19,804.0,120364.57,7.5,171769.86,7985.46,0,1,16983.48,36,Business,2.1456,0.7038,0.1247,Low
C03672,25,21-30,64300.93,737.0,162179.44,0.3,19956.42,5000.0,0,0,14016.0,12,Salaried,2.8326,0.9331,0.218,Low
C03673,47,46-65,118088.24,655.0,304253.27,3.1,41812.67,7896.82,0,2,40890.1,60,Self-employed,2.9306,0.8025,0.3463,Medium
C03674,21,21-30,108998.65,787.0,222402.23,2.8,84810.53,5000.0,0,2,20446.42,48,Salaried,2.8185,0.5505,0.1876,Low
C03675,50,46-65,93809.14,656.0,75603.17,6.8,68491.67,5000.0,0,1,17916.35,36,Salaried,1.536,0.6396,0.191,Low
C03676,40,31-45,24330.89,627.0,5000.0,18.7,30401.51,5000.0,0,1,0.0,48,Business,1.455,2.466,0.0,Medium
C03677,37,31-45,120125.28,651.0,328113.82,9.3,163582.67,5000.0,1,1,77621.2,60,Self-employed,4.0932,0.4995,0.6462,Medium
C03678,55,46-65,50528.7,637.0,126668.0,14.1,0.0,5000.0,0,1,13404.25,24,Self-employed,2.5069,1.1874,0.2653,Medium
C03679,45,31-45,96354.81,609.0,161028.35,4.1,120499.21,5000.0,0,1,33748.25,60,Salaried,2.9218,0.6227,0.3502,Medium
C03680,54,46-65,38072.58,763.0,41640.13,8.5,50225.57,5000.0,0,0,3460.54,36,Self-employed,2.4129,1.5759,0.0909,Low
C03681,52,46-65,33872.27,622.0,109190.17,16.6,33256.25,5000.0,0,1,15034.3,36,Self-employed,4.2054,1.7714,0.4439,Medium
C03682,22,21-30,192751.36,678.0,64216.01,14.3,234406.03,12647.46,0,0,31333.25,36,Salaried,1.5493,0.7874,0.1626,Low
C03683,30,21-30,38399.58,572.0,77841.24,5.3,24929.61,5000.0,0,1,21468.68,48,Business,2.6764,1.5625,0.5591,High
C03684,46,46-65,122088.47,682.0,295721.78,7.5,22495.96,5160.49,1,1,47739.19,60,Salaried,2.6065,0.5072,0.391,Low
C03685,64,46-65,69374.44,593.0,65270.68,14.9,91877.18,5000.0,0,0,27221.18,36,Self-employed,2.2652,0.8649,0.3924,Low
C03686,27,21-30,51589.66,591.0,88343.01,5.0,18764.04,5000.0,0,1,25023.23,48,Business,2.0761,1.163,0.485,Medium
C03687,25,21-30,63416.96,672.0,109827.33,7.2,58183.4,5000.0,0,2,10754.92,48,Self-employed,2.6493,0.9461,0.1696,Low
C03688,63,46-65,31778.35,759.0,67769.7,1.6,,5000.0,0,2,0.0,12,Salaried,2.9879,1.8881,0.0,Medium
C03689,64,46-65,64510.14,713.0,203487.51,13.4,51594.69,5000.0,0,1,12177.2,48,Salaried,3.9541,0.9301,0.1888,High
C03690,28,21-30,35833.39,718.0,79380.93,12.9,24469.66,5000.0,0,3,18298.18,36,Salaried,2.8982,1.6744,0.5106,Medium
C03691,39,31-45,52294.6,670.0,20082.91,1.9,44411.01,5000.0,0,1,39664.65,36,Salaried,1.2333,1.1473,0.7585,Low
C03692,49,46-65,108126.52,655.0,122130.42,7.2,104843.08,7396.44,0,3,61352.11,12,Salaried,2.0991,0.8209,0.5674,Low
C03693,29,21-30,74753.21,739.0,172415.31,15.6,74536.5,5000.0,0,2,15965.04,36,Salaried,3.3036,0.8026,0.2136,Low
C03694,35,31-45,28765.98,638.0,52236.2,3.5,48177.78,5000.0,0,0,2437.97,48,Self-employed,3.4907,2.0858,0.0848,Medium
C03695,38,31-45,103824.89,743.0,282962.9,9.9,40215.7,6350.77,1,0,15822.48,48,Salaried,3.1127,0.734,0.1524,Low
C03696,49,46-65,64746.68,773.0,60772.33,6.0,85830.64,5000.0,0,3,5882.59,36,Business,2.2643,0.9267,0.0909,Low
C03697,34,31-45,48239.85,617.0,25294.87,15.5,7904.43,5000.0,0,1,6015.9,60,Business,0.6882,1.2438,0.1247,Low
C03698,39,31-45,98008.99,628.0,96213.82,1.6,63042.54,5000.0,0,2,38529.53,48,Salaried,1.6249,0.6122,0.3931,Low
C03699,34,31-45,59288.98,639.0,175453.79,1.7,74033.23,5000.0,0,1,23727.12,36,Salaried,4.208,1.012,0.4002,Medium
C03700,55,46-65,34235.86,570.0,80766.87,4.9,31923.01,5000.0,0,3,28411.6,48,Salaried,3.2916,1.7525,0.8299,High
C03701,27,21-30,179591.1,645.0,337429.36,8.3,25702.37,7056.96,0,1,54209.39,36,Salaried,2.022,0.4715,0.3018,Low
C03702,31,31-45,64384.9,778.0,79204.21,8.4,79055.03,5000.0,0,2,13989.3,36,Business,2.458,0.9319,0.2173,Low
C03703,32,31-45,62154.64,602.0,192348.8,2.1,34272.99,5000.0,1,0,3329.71,36,Salaried,3.6461,0.9653,0.0536,High
C03704,61,46-65,52017.46,779.0,148030.61,10.8,76577.17,5000.0,0,0,9777.32,36,Business,4.3179,1.1535,0.188,Low
C03705,63,46-65,124383.36,647.0,189782.51,12.2,201590.37,5000.0,0,0,90980.35,24,Salaried,3.1465,0.4824,0.7315,Low
C03706,43,31-45,48701.22,839.0,134436.65,8.4,31934.6,5000.0,0,0,4763.31,36,Salaried,3.4162,1.232,0.0978,Low
C03707,28,21-30,27789.22,629.0,90340.48,15.7,43970.14,5000.0,1,1,6410.92,36,Salaried,4.8332,2.1591,0.2307,High
C03708,55,46-65,44751.03,669.0,63018.22,11.3,49361.71,5000.0,1,0,12693.25,36,Salaried,2.5112,1.3408,0.2836,Medium
C03709,43,31-45,134843.29,612.0,166690.41,5.9,108926.1,7692.32,0,2,43041.32,36,Self-employed,2.044,0.6846,0.3192,Low
C03710,59,46-65,102725.46,628.0,206050.78,18.7,43319.68,5000.0,0,1,11724.61,48,Salaried,2.4275,0.5841,0.1141,Low
C03711,37,31-45,56493.67,780.0,82259.8,20.6,88347.12,5000.0,0,2,11491.66,60,Business,3.0199,1.0621,0.2034,Low
C03712,65,46-65,138334.91,716.0,371050.46,10.0,160240.34,6131.6,0,0,78384.48,36,Salaried,3.8406,0.5319,0.5666,Low
C03713,57,46-65,98077.26,757.0,194526.92,4.2,173293.2,5000.0,0,1,66156.68,24,Salaried,3.7503,0.6118,0.6745,Low
C03714,31,31-45,56135.2,581.0,70926.42,15.3,72182.64,5000.0,0,3,16589.48,36,Self-employed,2.5494,1.0688,0.2955,High
C03715,53,46-65,59331.29,729.0,87158.14,3.0,57632.03,5000.0,0,2,10685.29,36,Salaried,2.4404,1.0113,0.1801,Low
C03716,33,31-45,77906.71,607.0,192357.08,4.4,121688.42,5194.19,0,1,2765.24,48,Self-employed,4.031,0.8001,0.0355,High
C03717,36,31-45,41134.59,580.0,21267.87,14.1,25719.04,5000.0,0,1,37777.51,12,Salaried,1.1423,1.4586,0.9184,Low
C03718,32,31-45,65161.26,698.0,60988.15,4.0,107583.64,5000.0,1,1,14976.61,36,Salaried,2.587,0.9208,0.2298,Medium
C03719,51,46-65,77020.35,697.0,18897.92,17.7,18236.38,5000.0,0,4,49954.0,60,Self-employed,0.4821,0.779,0.6486,Low
C03720,32,31-45,25701.67,684.0,83637.11,4.2,93.09,5000.0,0,0,5920.99,60,Self-employed,3.2578,2.3345,0.2304,Medium
C03721,49,46-65,58572.25,734.0,32624.77,6.6,89746.8,5000.0,0,1,21399.66,36,Salaried,2.0892,1.0244,0.3654,Low
C03722,47,46-65,55020.53,746.0,22051.6,6.2,24559.13,5000.0,0,2,34384.17,12,Salaried,0.8472,1.0905,0.6249,Low
C03723,54,46-65,114414.14,790.0,309253.9,12.2,172992.42,7913.2,0,0,24861.83,48,Business,4.2149,0.83,0.2173,Low
C03724,65,46-65,23568.57,591.0,6268.17,12.0,3960.84,5000.0,0,0,19601.63,24,Salaried,0.434,2.5458,0.8317,Low
C03725,21,21-30,52697.02,793.0,120365.9,6.1,73410.28,5000.0,0,0,26190.55,36,Self-employed,3.6772,1.1386,0.497,Low
C03726,65,46-65,49870.13,821.0,80937.47,11.1,83615.77,5000.0,0,0,23736.21,36,Salaried,3.2996,1.2031,0.476,Low
C03727,25,21-30,110214.26,653.0,334934.86,9.2,13538.88,5000.0,0,0,58872.21,36,,3.1618,0.5444,0.5342,Medium
C03728,44,31-45,63461.71,555.0,67743.49,12.7,,5000.0,1,2,31748.52,36,Self-employed,2.3523,0.9455,0.5003,High
C03729,36,31-45,174554.9,576.0,67046.93,11.6,43043.92,8934.14,1,0,32444.66,12,Salaried,0.6307,0.6142,0.1859,Low
C03730,49,46-65,93560.16,645.0,78938.85,4.1,134326.09,6626.78,0,2,1968.42,60,Business,2.2794,0.8499,0.021,Medium
C03731,53,46-65,51871.25,831.0,162259.61,17.8,95380.59,5000.0,1,3,5318.05,60,Salaried,4.9669,1.1567,0.1025,Low
C03732,59,46-65,74158.12,681.0,206916.43,1.8,98205.88,5000.0,0,1,9637.23,48,Salaried,4.1145,0.8091,0.13,Medium
C03733,39,31-45,53498.28,634.0,49219.14,6.6,84016.06,5000.0,0,0,21325.86,24,Self-employed,2.4905,1.1215,0.3986,High
C03734,62,46-65,104277.45,629.0,82488.41,11.2,116061.03,5000.0,1,2,10903.76,60,Self-employed,1.904,0.5754,0.1046,Medium
C03735,35,31-45,31239.35,581.0,29844.47,7.9,65025.25,5000.0,0,3,5047.7,24,Business,3.0369,1.9207,0.1616,High
C03736,30,21-30,41320.32,746.0,29639.35,7.3,72797.5,5000.0,0,1,19395.21,36,Salaried,2.4791,1.4521,0.4694,Low
C03737,38,31-45,83514.2,673.0,80423.61,6.5,103982.65,5000.0,1,2,32519.06,60,Salaried,2.2081,0.7184,0.3894,Low
C03738,44,31-45,127555.72,837.0,412341.08,5.9,229147.67,5298.49,0,1,78616.15,36,Salaried,5.0291,0.4985,0.6163,Low
C03739,51,46-65,19361.85,727.0,7051.57,16.6,3875.5,5000.0,0,0,14221.32,12,Salaried,0.5644,3.0989,0.7345,Low
C03740,58,46-65,138427.46,742.0,441196.39,7.4,125505.22,5000.0,0,0,6691.88,48,Salaried,4.0939,0.4334,0.0483,Low
C03741,31,31-45,60178.37,662.0,5000.0,7.4,87997.12,5000.0,0,1,20806.99,48,Salaried,1.5454,0.997,0.3458,Low
C03742,34,31-45,23063.61,598.0,61761.49,4.8,29312.24,5000.0,1,0,0.0,36,Salaried,3.9488,2.6015,0.0,High
C03743,63,46-65,,614.0,30266.72,11.8,22461.25,5000.0,1,2,5364.71,48,Salaried,2.9293,3.3333,0.298,High
C03744,40,31-45,28028.59,577.0,13685.9,2.8,2993.6,5000.0,1,0,5320.01,48,,0.5951,2.1407,0.1898,Low
C03745,31,31-45,64299.35,748.0,196045.22,22.9,83112.47,5000.0,1,0,0.0,36,Business,4.3415,0.9331,0.0,High
C03746,65,46-65,62686.33,651.0,53266.63,4.2,7227.36,5000.0,0,0,14190.02,24,Self-employed,0.965,0.9571,0.2264,Low
C03747,41,31-45,92079.06,751.0,279283.08,7.3,86524.84,5000.0,1,3,33205.53,36,Self-employed,3.9728,0.6516,0.3606,Low
C03748,65,46-65,48046.5,690.0,127437.36,10.3,11647.31,5000.0,0,3,16660.21,36,Salaried,2.8948,1.2488,0.3468,Medium
C03749,62,46-65,35338.22,658.0,116339.5,14.6,19765.21,5000.0,0,2,16397.46,36,Salaried,3.8515,1.6979,0.464,Medium
C03750,61,46-65,51789.62,592.0,141668.16,6.3,109793.29,5000.0,0,0,36919.4,60,Salaried,4.8554,1.1585,0.7129,High
C03751,47,46-65,66212.74,703.0,58614.7,5.5,5437.4,5000.0,0,2,23928.38,24,Salaried,0.9674,0.9062,0.3614,Low
C03752,56,46-65,73796.57,664.0,109779.8,8.7,96226.03,5000.0,0,0,8443.24,36,Salaried,2.7915,0.813,0.1144,Low
C03753,64,46-65,42112.59,748.0,119070.96,5.0,39317.83,5000.0,0,1,13511.23,24,Salaried,3.7611,1.4248,0.3208,Low
C03754,33,31-45,106717.27,626.0,118799.39,6.9,182543.77,5346.91,1,1,22856.67,12,Self-employed,2.8238,0.6012,0.2142,High
C03755,22,21-30,46183.34,726.0,99631.2,19.1,72520.03,5000.0,1,1,25760.96,60,Salaried,3.7276,1.2992,0.5578,Medium
C03756,35,31-45,40287.56,803.0,50838.13,4.1,36629.56,5000.0,0,0,28286.58,48,Salaried,2.1711,1.4893,0.7021,Low
C03757,49,46-65,48234.37,700.0,109232.23,1.3,0.0,5000.0,0,1,9551.44,24,Salaried,2.2646,1.2439,0.198,Low
C03758,45,31-45,117395.59,739.0,154761.09,4.7,196444.67,6135.18,0,0,56915.57,24,Business,2.9916,0.6271,0.4848,Low
C03759,24,21-30,60421.75,723.0,25991.37,2.8,75743.28,5000.0,0,0,11777.71,12,Salaried,1.6837,0.993,0.1949,Low
C03760,46,46-65,44362.96,822.0,154591.11,11.5,23304.02,5000.0,0,1,13488.73,36,Business,4.01,1.3525,0.3041,Low
C03761,28,21-30,108174.59,708.0,322865.52,5.5,173833.3,6288.0,0,0,49147.78,60,Salaried,4.5916,0.6975,0.4543,Low
C03762,43,31-45,211219.73,732.0,239800.47,15.6,172789.22,11323.52,0,0,56135.18,36,Self-employed,1.9534,0.6433,0.2658,Low
C03763,46,46-65,72945.51,677.0,49242.48,6.8,2006.52,5000.0,0,1,13756.14,36,Salaried,0.7026,0.8225,0.1886,Low
C03764,49,46-65,128124.27,622.0,331045.11,2.8,78639.2,5000.0,0,1,55993.24,24,Salaried,3.1976,0.4683,0.437,Medium
C03765,39,31-45,114919.3,589.0,102478.94,14.4,183255.44,7945.06,1,0,13499.96,60,Self-employed,2.4864,0.8296,0.1175,High
C03766,39,31-45,46585.32,775.0,103233.64,4.3,36700.02,5000.0,1,4,2877.99,60,Salaried,3.0038,1.288,0.0618,High
C03767,51,46-65,65959.18,604.0,190601.63,1.2,89200.48,5000.0,0,2,12236.45,36,Salaried,4.242,0.9097,0.1855,High
C03768,54,46-65,32104.23,736.0,53394.0,10.0,22650.3,5000.0,0,2,1549.33,24,Salaried,2.3687,1.8689,0.0483,Low
C03769,57,46-65,58071.15,711.0,56705.57,4.8,34297.23,5000.0,1,0,21097.94,48,Salaried,1.5671,1.0332,0.3633,Low
C03770,36,31-45,46061.74,749.0,16942.26,10.5,48616.78,5000.0,0,0,23158.43,48,Salaried,1.4233,1.3026,0.5028,Low
C03771,40,31-45,52080.99,641.0,48772.31,13.1,88025.68,5000.0,0,1,35545.64,24,Salaried,2.6266,1.1521,0.6825,Low
C03772,35,31-45,43032.04,621.0,107396.18,9.3,28101.95,5000.0,0,3,2252.81,60,Business,3.1488,1.3943,0.0524,High
C03773,44,31-45,55505.61,708.0,37733.79,5.0,84911.07,5000.0,2,2,205.23,60,Self-employed,2.2096,1.081,0.0037,High
C03774,26,21-30,87105.08,658.0,288180.48,14.7,,5000.0,0,2,16742.11,24,Self-employed,4.0498,0.6888,0.1922,Medium
C03775,40,31-45,60865.51,588.0,156952.27,4.0,102346.43,5000.0,0,1,5897.02,12,Business,4.2602,0.9858,0.0969,High
C03776,29,21-30,23312.32,825.0,20448.38,10.5,0.0,5000.0,0,0,9268.04,60,Self-employed,0.8771,2.5737,0.3976,Low
C03777,44,31-45,43121.47,621.0,75801.07,11.9,57366.64,5000.0,0,0,24973.52,24,Salaried,3.0882,1.3914,0.5791,Medium
C03778,59,46-65,28182.96,605.0,53064.23,8.2,4239.8,5000.0,0,4,9906.86,36,Salaried,2.0333,2.1289,0.3515,Medium
C03779,65,46-65,74337.86,662.0,112816.18,12.9,53822.59,5000.0,0,2,20390.85,36,Self-employed,2.2416,0.8071,0.2743,Low
C03780,41,31-45,85730.77,774.0,181528.86,9.3,142531.01,5000.0,0,0,12163.31,24,Salaried,3.78,0.6999,0.1419,Low
C03781,23,21-30,74850.2,517.0,31546.01,10.2,12714.28,5000.0,0,4,41680.32,36,Self-employed,0.5913,0.8016,0.5568,Low
C03782,31,31-45,42153.38,768.0,29387.13,12.9,70089.38,5000.0,0,0,19899.03,24,Salaried,2.3599,1.4234,0.4721,Low
C03783,25,21-30,74452.17,612.0,47364.8,9.0,69807.77,5000.0,0,1,16326.23,60,Business,1.5738,0.8059,0.2193,Low
C03784,55,46-65,50190.43,700.0,44780.65,13.9,81492.88,5000.0,0,1,15173.2,12,Salaried,2.5159,1.1954,0.3023,Low
C03785,65,46-65,34756.38,629.0,86519.93,17.3,24633.13,5000.0,1,2,0.0,48,Salaried,3.1981,1.7263,0.0,High
C03786,45,31-45,97753.47,829.0,333104.41,10.8,165473.81,5224.89,0,2,31728.21,60,Salaried,5.1004,0.6414,0.3246,Low
C03787,28,21-30,101931.65,689.0,244301.24,13.1,128179.34,5000.0,0,1,23420.81,36,Salaried,3.6542,0.5886,0.2298,Low
C03788,21,21-30,109538.91,627.0,368059.17,8.2,194246.11,5688.67,0,1,56638.38,60,Salaried,5.1334,0.6232,0.5171,Medium
C03789,64,46-65,46515.96,657.0,90275.38,17.4,10085.26,5000.0,1,1,11492.16,48,Salaried,2.1576,1.2899,0.2471,High
C03790,35,31-45,124342.09,687.0,138239.62,9.8,61132.39,7119.46,0,2,70104.41,24,Business,1.6034,0.6871,0.5638,Low
C03791,26,21-30,49546.77,693.0,140503.9,12.4,81202.97,5000.0,0,0,29833.55,24,Salaried,4.4747,1.211,0.6021,Low
C03792,28,21-30,93112.92,713.0,25290.46,2.9,103138.1,5601.67,0,1,10623.53,36,Salaried,1.3793,0.7219,0.1141,Low
C03793,32,31-45,49076.75,680.0,39722.61,11.8,17288.28,5000.0,0,2,24363.46,36,Salaried,1.1617,1.2226,0.4964,Low
C03794,50,46-65,57466.21,577.0,204711.47,8.6,51889.1,5000.0,1,0,0.0,60,Salaried,4.4652,1.0441,0.0,High
C03795,61,46-65,18000.0,654.0,64803.33,11.5,3541.44,5000.0,1,1,7112.57,36,Business,3.7969,3.3333,0.3951,High
C03796,33,31-45,55055.13,725.0,184096.81,12.2,55577.98,5000.0,0,1,43088.24,48,Business,4.3534,1.0898,0.7826,Low
C03797,51,46-65,68339.42,630.0,47121.21,13.0,51517.74,5000.0,0,1,25214.95,12,Business,1.4434,0.878,0.369,Low
C03798,23,21-30,,730.0,139744.27,11.9,27564.18,5000.0,0,0,15639.97,48,Business,3.2251,1.1566,0.3015,Low
C03799,21,21-30,170765.4,682.0,156437.02,7.0,86767.1,5000.0,1,3,31110.12,60,Self-employed,1.4242,0.3514,0.1822,Low
C03800,23,21-30,34296.08,664.0,53312.16,21.3,29866.89,5000.0,0,0,1467.36,36,Business,2.4253,1.7495,0.0428,Low
C03801,62,46-65,47675.5,770.0,164351.63,15.6,30348.7,5000.0,1,0,33958.65,36,Salaried,4.0839,1.2585,0.7123,Low
C03802,47,46-65,39516.07,550.0,68235.44,7.5,26910.47,5000.0,0,1,7646.66,36,Self-employed,2.4078,1.5184,0.1935,High
C03803,57,46-65,47670.37,629.0,105834.24,7.3,60100.95,5000.0,0,1,18769.27,24,Salaried,3.4809,1.2586,0.3937,High
C03804,21,21-30,114624.83,772.0,361817.92,0.5,216314.96,5000.0,0,3,15612.83,36,Salaried,5.0437,0.5234,0.1362,Low
C03805,22,21-30,146540.93,817.0,441802.19,3.6,55366.13,9184.35,1,0,92265.22,36,,3.3927,0.7521,0.6296,Low
C03806,59,46-65,44210.01,850.0,5000.0,4.7,82668.37,5000.0,1,1,6770.24,24,Self-employed,1.983,1.3572,0.1531,Low
C03807,25,21-30,43673.13,684.0,46060.92,7.4,44089.53,5000.0,0,4,11389.33,60,Salaried,2.0642,1.3738,0.2608,Low
C03808,27,21-30,34396.9,714.0,99016.15,17.1,50363.83,5000.0,1,0,5208.59,36,Business,4.3428,1.7443,0.1514,High
C03809,44,31-45,133332.26,741.0,292897.21,6.8,108607.14,5000.0,0,2,87551.37,36,Salaried,3.0113,0.45,0.6566,Low
C03810,48,46-65,120414.47,776.0,217264.65,3.6,156678.46,6856.25,0,3,27698.48,24,Self-employed,3.1055,0.6833,0.23,Low
C03811,31,31-45,61319.46,703.0,17942.07,11.4,68981.52,5000.0,0,2,9179.69,60,Salaried,1.4176,0.9785,0.1497,Low
C03812,41,31-45,30160.49,749.0,7737.45,11.9,35238.86,5000.0,0,1,1622.73,48,Salaried,1.4249,1.9894,0.0538,Low
C03813,51,46-65,31681.18,714.0,99090.31,6.9,17286.07,5000.0,1,3,22013.33,12,Salaried,3.6734,1.8939,0.6948,High
C03814,40,31-45,71395.4,719.0,118573.31,15.8,19035.94,5000.0,0,1,29794.83,36,Self-employed,1.9274,0.8404,0.4173,Low
C03815,38,31-45,87928.42,611.0,245569.48,16.5,,5000.0,0,2,23048.89,36,Business,4.3001,0.6824,0.2621,High
C03816,24,21-30,20863.63,655.0,15216.93,2.0,9992.03,5000.0,0,2,15551.61,48,Salaried,1.2083,2.8758,0.7454,Low
C03817,41,31-45,54470.91,641.0,42101.27,12.0,102371.94,5000.0,0,1,28224.96,24,Salaried,2.6523,1.1015,0.5182,Medium
C03818,57,46-65,158293.36,591.0,318623.63,1.1,25127.95,9260.25,1,3,39023.36,36,Self-employed,2.1716,0.702,0.2465,High
C03819,49,46-65,57671.16,556.0,164751.3,7.4,5477.94,5000.0,1,1,6761.86,48,Salaried,2.9517,1.0404,0.1172,High
C03820,61,46-65,147479.36,648.0,151978.36,27.4,89278.2,5765.72,0,1,25449.66,24,Salaried,1.6359,0.4691,0.1726,Low
C03821,26,21-30,92885.04,660.0,103423.23,11.6,96123.5,5000.0,1,1,56606.76,48,Business,2.1483,0.646,0.6094,Medium
C03822,21,21-30,35803.06,688.0,88126.21,5.2,41901.76,5000.0,0,0,0.0,60,Salaried,3.6318,1.6758,0.0,High
C03823,45,31-45,55335.69,722.0,19772.61,12.3,101717.72,5000.0,0,2,12787.8,36,Self-employed,2.1955,1.0843,0.2311,Low
C03824,29,21-30,60558.23,694.0,91881.81,4.8,76595.72,5000.0,1,2,19606.03,48,Salaried,2.7821,0.9908,0.3238,Medium
C03825,47,46-65,38494.14,661.0,77622.39,9.8,47804.85,5000.0,0,1,24797.83,24,Salaried,3.2583,1.5587,0.6442,Medium
C03826,61,46-65,38128.42,611.0,11398.61,4.2,52246.13,5000.0,0,0,15654.12,36,Salaried,1.6692,1.5736,0.4106,Low
C03827,36,31-45,148875.44,746.0,352283.01,6.2,112031.41,10366.9,0,1,35506.75,24,Self-employed,3.1188,0.8356,0.2385,Low
C03828,45,31-45,37971.62,672.0,16256.42,15.7,25512.54,5000.0,0,1,13141.91,36,Business,1.1,1.5801,0.3461,Low
C03829,51,46-65,117628.0,647.0,317750.05,20.9,207735.97,5000.0,1,3,28276.48,24,Salaried,4.4674,0.5101,0.2404,High
C03830,27,21-30,51127.41,666.0,144606.21,9.8,105153.91,5000.0,0,2,12743.74,48,Salaried,4.8851,1.1735,0.2493,Medium
C03831,61,46-65,64089.83,625.0,195692.6,13.2,19975.06,5000.0,0,1,21936.06,36,Salaried,3.3651,0.9362,0.3423,Medium
C03832,30,21-30,88535.33,640.0,220042.87,5.6,70548.74,5000.0,0,4,14430.61,12,Self-employed,3.2822,0.6777,0.163,High
C03833,57,46-65,46767.1,638.0,85675.76,3.8,60226.31,5000.0,1,0,0.0,60,Salaried,3.1198,1.283,0.0,High
C03834,50,46-65,88830.91,658.0,105277.28,9.1,120368.49,5000.0,0,0,65580.96,48,Business,2.5402,0.6754,0.7383,Low
C03835,27,21-30,21091.1,729.0,14750.61,8.8,9557.07,5000.0,0,2,6411.68,12,Salaried,1.1525,2.8448,0.304,Low
C03836,53,46-65,82783.3,711.0,35261.49,28.3,147966.64,5097.9,1,0,48735.52,48,Salaried,2.2133,0.739,0.5887,Low
C03837,29,21-30,18000.0,796.0,42547.05,7.3,10172.08,5000.0,0,0,2878.75,36,Salaried,2.9288,3.3333,0.1599,Low
C03838,47,46-65,57375.74,771.0,9961.43,7.1,38899.57,5000.0,0,3,28135.1,12,Self-employed,0.8516,1.0457,0.4904,Low
C03839,64,46-65,103982.32,827.0,155539.21,11.6,136349.15,5000.0,0,1,67160.32,24,Self-employed,2.8071,0.577,0.6459,Low
C03840,63,46-65,91528.43,722.0,174063.46,5.5,102726.64,5579.32,0,1,45539.28,60,Salaried,3.0241,0.7315,0.4975,Low
C03841,60,46-65,31825.3,721.0,65224.62,4.6,62400.15,5000.0,0,0,5715.26,36,Salaried,4.0102,1.8853,0.1796,Low
C03842,43,31-45,34160.56,643.0,62998.94,10.5,10921.79,5000.0,0,1,29391.34,60,Business,2.1639,1.7564,0.8604,Low
C03843,46,46-65,44505.72,742.0,78367.75,2.6,9474.42,5000.0,0,1,23772.25,60,Salaried,1.9737,1.3481,0.5341,Low
C03844,34,31-45,72010.07,631.0,144466.77,11.2,123293.7,5000.44,1,1,28643.03,24,Self-employed,3.7184,0.8333,0.3978,High
C03845,62,46-65,21259.93,570.0,75410.36,6.0,24071.18,5000.0,1,0,2091.6,24,Salaried,4.6793,2.8222,0.0984,High
C03846,42,31-45,64528.97,794.0,164889.47,12.8,23324.77,5000.0,0,4,17460.53,48,Salaried,2.9167,0.9298,0.2706,Low
C03847,55,46-65,77143.97,586.0,81016.84,17.7,102609.53,5000.0,0,3,45803.78,36,,2.3803,0.7778,0.5937,Medium
C03848,37,31-45,55629.68,713.0,156181.94,4.6,89072.72,5000.0,0,0,33760.94,24,Salaried,4.4087,1.0786,0.6069,Medium
C03849,54,46-65,86774.59,614.0,51396.02,7.0,152764.47,5000.0,1,1,12919.66,36,Business,2.3528,0.6914,0.1489,High
C03850,31,31-45,73511.04,765.0,84478.3,15.1,103527.93,5000.0,0,2,42021.64,12,Salaried,2.5575,0.8162,0.5716,Low
C03851,54,46-65,48253.94,775.0,12245.11,9.8,15978.83,5000.0,0,1,17885.17,36,Self-employed,0.5849,1.2434,0.3706,Low
C03852,23,21-30,22409.46,720.0,39012.51,21.2,41859.47,5000.0,1,0,9799.08,36,Salaried,3.6088,2.6774,0.4373,Medium
C03853,25,21-30,69948.86,773.0,157539.47,10.0,17898.16,5000.0,0,1,1565.35,24,Salaried,2.5081,0.8578,0.0224,Low
C03854,36,31-45,38482.2,681.0,74290.06,17.2,37008.31,5000.0,0,1,0.0,36,Self-employed,2.8922,1.5592,0.0,Medium
C03855,42,31-45,47290.0,848.0,123677.71,3.3,33146.93,5000.0,0,2,19950.02,36,Self-employed,3.3162,1.2688,0.4219,Low
C03856,53,46-65,84597.57,736.0,174060.11,4.5,56744.36,5745.28,0,1,23479.84,60,Business,2.7283,0.815,0.2775,Low
C03857,37,31-45,141729.55,612.0,123415.77,19.6,56628.15,5000.0,1,0,82994.73,60,Salaried,1.2703,0.4233,0.5856,Low
C03858,21,21-30,63653.49,685.0,120438.8,4.4,116178.54,5000.0,0,0,22957.31,24,Self-employed,3.7173,0.9426,0.3607,Medium
C03859,35,31-45,88157.32,669.0,234307.96,19.7,167462.51,5000.0,1,0,27637.59,60,Salaried,4.5574,0.6806,0.3135,Medium
C03860,40,31-45,29368.53,661.0,49121.8,5.0,15787.97,5000.0,0,1,10584.34,24,Salaried,2.2102,2.043,0.3604,Low
C03861,45,31-45,74397.72,556.0,118408.55,2.8,14308.54,5000.0,0,2,24357.83,24,Self-employed,1.7839,0.8065,0.3274,Low
C03862,49,46-65,62893.26,709.0,129113.11,7.2,25771.38,5000.0,1,0,49188.65,36,Self-employed,2.4627,0.954,0.7821,Low
C03863,32,31-45,127799.48,576.0,244923.13,3.3,129168.43,7344.16,2,4,8052.53,36,Salaried,2.9272,0.6896,0.063,High
C03864,48,46-65,48285.68,491.0,50993.45,12.1,68145.71,5000.0,0,1,27508.27,36,Salaried,2.4674,1.2426,0.5697,High
C03865,49,46-65,56910.88,654.0,158850.24,1.2,81402.87,5000.0,1,2,27446.28,24,Self-employed,4.2216,1.0543,0.4823,High
C03866,55,46-65,116365.4,623.0,90186.02,24.3,80087.67,7886.12,0,0,34258.13,48,Salaried,1.4633,0.8132,0.2944,Low
C03867,44,31-45,61791.68,615.0,17356.31,8.8,115867.83,5000.0,1,2,40436.15,60,Salaried,2.156,0.971,0.6544,Medium
C03868,57,46-65,35322.65,447.0,99434.47,12.5,38434.67,5000.0,1,1,13561.07,60,Self-employed,3.9031,1.6986,0.3839,High
C03869,30,21-30,264485.27,616.0,500000.0,13.5,350000.0,17885.9,0,1,47612.01,48,Salaried,3.2138,0.8115,0.18,Medium
C03870,53,46-65,35915.22,667.0,88816.86,9.4,32721.98,5000.0,1,0,2139.92,48,Self-employed,3.384,1.6706,0.0596,High
C03871,23,21-30,62727.64,632.0,109004.31,11.0,63393.78,5000.0,0,0,27458.46,60,Business,2.7484,0.9565,0.4377,Medium
C03872,25,21-30,78654.57,709.0,254931.79,6.6,43582.84,5000.0,0,0,23745.2,24,Salaried,3.7953,0.7628,0.3019,Low
C03873,59,46-65,75307.29,784.0,106576.87,13.5,31484.97,5000.0,0,3,12586.82,48,Salaried,1.8333,0.7967,0.1671,Low
C03874,42,31-45,58558.62,719.0,100352.9,1.2,63896.57,5000.0,0,0,9367.27,24,Salaried,2.8049,1.0246,0.16,Low
C03875,48,46-65,58719.34,757.0,106164.2,21.7,15530.6,5000.0,1,0,47659.72,48,Salaried,2.0725,1.0218,0.8117,Low
C03876,48,46-65,57121.17,763.0,110984.96,6.4,68921.1,5000.0,0,1,0.0,60,Salaried,3.1496,1.0504,0.0,Low
C03877,52,46-65,35185.13,604.0,64625.72,14.6,29577.36,5000.0,0,1,0.0,36,Salaried,2.6774,1.7053,0.0,Medium
C03878,32,31-45,212089.39,713.0,500000.0,16.1,185179.75,8599.07,0,2,45971.75,36,Business,3.2306,0.4865,0.2168,Medium
C03879,29,21-30,57592.5,755.0,55844.89,6.1,36400.19,5000.0,0,1,21770.37,48,Salaried,1.6017,1.0418,0.378,Low
C03880,22,21-30,90260.44,647.0,66771.28,8.2,129090.6,5000.0,0,0,0.0,36,Self-employed,2.17,0.6647,0.0,Low
C03881,59,46-65,54072.63,621.0,82030.04,7.9,32915.44,5000.0,1,2,6225.56,48,Business,2.1258,1.1096,0.1151,Medium
C03882,31,31-45,53477.83,720.0,101429.39,7.3,23582.92,5000.0,1,1,28999.55,36,Self-employed,2.3376,1.122,0.5423,Medium
C03883,46,46-65,50597.05,569.0,149673.83,5.1,49509.56,5000.0,0,0,28397.79,24,Salaried,3.9367,1.1858,0.5613,High
C03884,41,31-45,27714.95,598.0,94896.92,8.4,,5000.0,1,0,13847.46,36,Salaried,3.8278,2.1649,0.4996,High
C03885,28,21-30,59504.13,630.0,176029.23,7.1,33413.3,5000.0,0,5,13376.54,48,Salaried,3.5198,1.0083,0.2248,High
C03886,39,31-45,51963.06,714.0,192284.51,18.1,46493.88,5000.0,0,0,19146.27,48,Salaried,4.5952,1.1547,0.3685,Low
C03887,24,21-30,123807.23,696.0,121256.45,9.9,167914.6,8716.05,0,2,0.0,24,Business,2.3357,0.8448,0.0,Low
C03888,28,21-30,33656.37,757.0,31515.94,5.4,22556.38,5000.0,1,2,24275.28,48,Salaried,1.6066,1.7827,0.7213,Low
C03889,27,21-30,47321.1,611.0,52497.45,18.8,29485.18,5000.0,1,0,30943.0,12,Salaried,1.7325,1.2679,0.6539,Low
C03890,58,46-65,39656.11,607.0,113012.01,16.7,84128.84,5000.0,0,0,21401.34,60,Salaried,4.9713,1.513,0.5397,Medium
C03891,46,46-65,143707.36,719.0,116963.53,7.3,201213.76,6239.34,1,0,31369.34,24,Self-employed,2.2141,0.521,0.2183,Low
C03892,62,46-65,40294.4,620.0,28485.62,9.5,17059.34,5000.0,0,0,17579.31,12,Self-employed,1.1303,1.489,0.4363,Low
C03893,40,31-45,88557.51,635.0,121632.6,18.2,89219.37,5000.0,0,1,47150.54,60,Salaried,2.381,0.6775,0.5324,Low
C03894,30,21-30,110827.63,541.0,147732.41,14.2,178871.37,5555.2,0,0,22853.09,48,Salaried,2.947,0.6015,0.2062,Medium
C03895,48,46-65,59980.51,702.0,148631.78,2.4,83931.57,5000.0,0,1,25257.99,36,Self-employed,3.8773,1.0003,0.4211,Medium
C03896,62,46-65,30482.15,796.0,81301.02,4.2,26884.38,5000.0,0,2,14490.6,48,Salaried,3.5491,1.9684,0.4754,Low
C03897,44,31-45,30695.09,603.0,20572.44,5.8,27346.26,5000.0,1,0,7406.48,48,Salaried,1.5611,1.9547,0.2413,Low
C03898,21,21-30,104298.55,757.0,216951.77,6.3,133465.45,5634.69,0,0,22967.67,36,Self-employed,3.3598,0.6483,0.2202,Medium
C03899,34,31-45,32494.17,676.0,23734.31,8.0,32238.43,5000.0,0,0,4825.27,36,Salaried,1.7225,1.8465,0.1485,Low
C03900,62,46-65,80640.57,548.0,64991.92,10.8,145683.56,5506.87,0,0,28118.41,36,Salaried,2.6125,0.8195,0.3487,Medium
C03901,44,31-45,69219.27,613.0,91879.93,8.0,45416.65,5000.0,0,0,4230.21,48,Salaried,1.9835,0.8668,0.0611,Low
C03902,63,46-65,,608.0,167314.37,16.3,25021.16,5000.0,0,0,34519.45,36,Business,2.4047,0.7502,0.4316,Medium
C03903,43,31-45,84247.5,656.0,173126.91,6.4,112061.07,5000.0,0,1,47239.91,60,Self-employed,3.3851,0.7122,0.5607,Low
C03904,21,21-30,38895.1,711.0,80429.97,16.3,69860.11,5000.0,1,0,6906.55,60,Self-employed,3.864,1.5426,0.1776,High
C03905,60,46-65,38009.9,819.0,67405.35,9.9,55508.4,5000.0,0,1,8258.22,36,Business,3.2337,1.5785,0.2173,Low
C03906,55,46-65,96312.41,573.0,67082.66,9.5,3964.11,5000.0,0,2,20137.57,36,Salaried,0.7377,0.623,0.2091,Low
C03907,53,46-65,45981.9,644.0,126773.21,13.3,79284.03,5000.0,0,1,20613.75,24,Self-employed,4.4813,1.3049,0.4483,Medium
C03908,64,46-65,18000.0,613.0,40867.04,12.1,27241.66,5000.0,0,1,7665.55,36,Salaried,3.7838,3.3333,0.4259,Medium
C03909,29,21-30,92870.19,585.0,45231.75,8.0,151129.14,5000.0,0,3,6666.78,24,Salaried,2.1144,0.6461,0.0718,Low
C03910,61,46-65,36761.22,687.0,59024.94,5.0,45439.41,5000.0,0,1,7797.94,48,Business,2.8417,1.6322,0.2121,Low
C03911,31,31-45,84041.61,680.0,17099.49,18.4,15404.64,5000.0,1,1,23091.22,48,Business,0.3868,0.7139,0.2748,Low
C03912,64,46-65,139831.66,544.0,58930.88,9.2,13509.31,5000.0,1,3,28998.1,24,Salaried,0.5181,0.4291,0.2074,Medium
C03913,29,21-30,65602.03,681.0,50338.66,9.2,16889.63,5000.0,0,0,24966.72,36,Salaried,1.0248,0.9146,0.3806,Low
C03914,45,31-45,112399.39,590.0,92925.63,31.3,41963.18,5094.55,0,1,75872.14,60,Business,1.2001,0.5439,0.675,Low
C03915,56,46-65,70737.51,681.0,210526.1,16.4,0.0,5000.0,0,1,11769.82,48,Salaried,2.9762,0.8482,0.1664,Medium
C03916,24,21-30,155628.76,775.0,494893.03,7.6,267261.04,5881.73,1,0,57606.51,36,Salaried,4.8973,0.4535,0.3702,Low
C03917,24,21-30,36242.35,715.0,72391.03,8.7,21705.25,5000.0,0,1,14659.5,36,Salaried,2.5963,1.6555,0.4045,Low
C03918,59,46-65,64706.98,693.0,163696.16,4.6,105423.52,5000.0,1,3,22030.19,48,Salaried,4.1591,0.9273,0.3405,High
C03919,23,21-30,94125.23,640.0,322825.14,3.5,57453.28,5000.0,0,0,20152.08,60,Salaried,4.0401,0.6374,0.2141,Medium
C03920,48,46-65,58537.1,685.0,81429.26,7.6,52181.63,5000.0,0,1,10840.99,48,Salaried,2.2825,1.025,0.1852,Low
C03921,63,46-65,122499.59,722.0,241999.17,11.6,154786.57,5000.0,0,1,87004.93,48,Salaried,3.2391,0.4898,0.7102,Low
C03922,48,46-65,51252.56,715.0,120421.23,4.9,33461.62,5000.0,1,1,1618.92,12,Self-employed,3.0024,1.1707,0.0316,Medium
C03923,42,31-45,202865.14,673.0,500000.0,14.2,197338.46,9463.37,2,2,56845.2,60,Self-employed,3.4374,0.5598,0.2802,High
C03924,39,31-45,208845.74,696.0,500000.0,4.1,296159.67,5136.85,0,5,119158.25,48,Salaried,3.8122,0.2952,0.5706,Medium
C03925,49,46-65,75908.36,581.0,33095.6,7.6,0.0,5000.0,2,2,45623.01,36,Salaried,0.436,0.7904,0.601,Low
C03926,46,46-65,88086.38,625.0,218759.08,13.4,69091.0,5000.0,0,1,29890.67,36,Business,3.2678,0.6811,0.3393,High
C03927,43,31-45,125186.74,733.0,121618.89,25.4,192972.99,5752.87,0,0,44644.53,36,Salaried,2.513,0.5515,0.3566,Low
C03928,27,21-30,33832.73,743.0,47493.64,19.9,32009.65,5000.0,0,1,4879.49,24,Salaried,2.3499,1.7734,0.1442,Low
C03929,50,46-65,31588.31,687.0,58748.97,17.4,0.0,5000.0,0,1,24794.7,12,Self-employed,1.8598,1.8994,0.7849,Low
C03930,54,46-65,129725.11,791.0,326975.54,9.4,50601.4,5000.0,0,3,32408.95,24,Business,2.9106,0.4625,0.2498,Low
C03931,52,46-65,75571.63,718.0,41467.19,14.7,93111.09,5000.0,0,0,25058.21,24,Salaried,1.7808,0.7939,0.3316,Low
C03932,24,21-30,57386.52,663.0,69432.29,7.2,121263.39,5000.0,0,0,0.0,36,Salaried,3.323,1.0455,0.0,High
C03933,52,46-65,65398.88,589.0,150789.62,12.9,36855.08,5000.0,0,1,28104.69,36,Business,2.8692,0.9174,0.4297,High
C03934,53,46-65,18000.0,788.0,11292.61,3.3,37802.74,5000.0,0,1,3087.99,60,Salaried,2.7275,3.3333,0.1716,Low
C03935,29,21-30,58532.26,738.0,179247.36,10.8,19050.2,5000.0,1,1,22866.42,36,Business,3.3878,1.0251,0.3907,Medium
C03936,59,46-65,42957.51,815.0,83135.43,3.3,68957.42,5000.0,1,2,13892.16,60,Salaried,3.5405,1.3967,0.3234,Medium
C03937,44,31-45,107697.53,843.0,219393.2,16.7,168578.77,7553.51,0,0,66825.51,36,Self-employed,3.6024,0.8416,0.6205,Low
C03938,42,31-45,112353.95,583.0,41824.26,14.2,94280.37,5000.0,0,4,53794.94,60,Salaried,1.2114,0.534,0.4788,Low
C03939,53,46-65,89260.71,584.0,292366.07,21.1,23927.28,5000.0,0,2,10111.45,60,Self-employed,3.5435,0.6722,0.1133,High
C03940,43,31-45,80792.94,465.0,255208.19,3.7,94626.21,5000.0,0,1,33634.97,36,Salaried,4.33,0.7426,0.4163,High
C03941,45,31-45,28526.87,749.0,12804.85,31.1,33901.17,5000.0,1,2,3709.48,24,Business,1.6373,2.1033,0.13,Low
C03942,35,31-45,89948.83,729.0,191731.81,8.6,106749.84,5726.54,0,1,29651.93,36,Salaried,3.3183,0.764,0.3297,Low
C03943,62,46-65,91886.69,687.0,247493.54,16.5,35602.01,6005.16,0,3,9946.32,36,Salaried,3.0809,0.7842,0.1082,Low
C03944,64,46-65,128926.6,588.0,71527.59,4.5,6903.59,5000.0,0,4,85504.14,60,Salaried,0.6083,0.4654,0.6632,Low
C03945,26,21-30,208388.2,673.0,432897.82,11.3,18175.84,10575.34,0,1,122153.77,12,Salaried,2.1646,0.609,0.5862,Low
C03946,53,46-65,25622.71,694.0,82364.22,8.0,36044.71,5000.0,0,1,9454.36,60,Self-employed,4.6212,2.3417,0.369,Medium
C03947,22,21-30,52495.37,739.0,105406.73,14.2,43591.52,5000.0,0,0,16788.23,48,Salaried,2.8383,1.143,0.3198,Low
C03948,37,31-45,43212.97,700.0,135716.77,2.0,12476.49,5000.0,0,1,17431.18,48,Salaried,3.4294,1.3885,0.4034,Low
C03949,64,46-65,71469.17,730.0,6307.8,4.2,98778.69,5000.0,0,2,35345.29,48,Salaried,1.4704,0.8395,0.4946,Low
C03950,28,21-30,65480.89,671.0,215493.27,17.6,109795.24,5000.0,0,0,39354.51,36,Salaried,4.9677,0.9163,0.601,Medium
C03951,37,31-45,57147.87,769.0,195557.96,4.1,68019.16,5000.0,0,1,38125.9,24,Self-employed,4.6122,1.0499,0.6671,Low
C03952,30,21-30,114384.97,727.0,74328.71,8.1,142184.27,5000.0,0,2,21816.05,60,Business,1.8928,0.5245,0.1907,Low
C03953,53,46-65,35467.24,591.0,68727.79,7.3,43830.84,5000.0,0,0,14692.62,48,Salaried,3.1736,1.6917,0.4143,High
C03954,41,31-45,36663.09,784.0,86248.12,10.6,46524.01,5000.0,0,1,16395.38,36,Salaried,3.6214,1.6365,0.4472,Low
C03955,47,46-65,37005.38,772.0,117512.79,4.8,3013.18,5000.0,1,1,5096.35,48,Salaried,3.257,1.6214,0.1377,Medium
C03956,63,46-65,53314.43,715.0,38127.92,18.6,92890.66,5000.0,0,4,24017.74,24,Salaried,2.4575,1.1254,0.4505,Low
C03957,44,31-45,33071.19,701.0,50464.2,10.7,58427.59,5000.0,0,1,12480.82,36,Self-employed,3.2926,1.8143,0.3774,Medium
C03958,54,46-65,63286.56,804.0,171766.53,19.8,63995.92,5000.0,1,0,18806.74,36,Business,3.7253,0.9481,0.2972,Medium
C03959,25,21-30,59344.99,558.0,81610.8,14.2,79183.66,5000.0,0,0,23575.57,60,Salaried,2.7095,1.011,0.3973,Medium
C03960,30,21-30,42174.0,773.0,89452.92,10.3,29411.35,5000.0,1,1,23376.92,12,Business,2.8184,1.4227,0.5543,Low
C03961,63,46-65,105104.88,644.0,201165.07,0.9,146904.02,5000.0,0,1,8355.23,12,Salaried,3.3116,0.5709,0.0795,High
C03962,59,46-65,62907.29,762.0,214067.53,12.8,39977.9,5000.0,0,2,23008.48,36,Self-employed,4.0384,0.9538,0.3658,Medium
C03963,50,46-65,116610.97,689.0,73749.87,12.7,161145.6,5000.0,0,3,35577.25,48,Salaried,2.0144,0.5145,0.3051,Low
C03964,38,31-45,58387.97,587.0,193584.86,19.6,93755.52,5000.0,0,0,36061.89,24,Business,4.9212,1.0276,0.6176,Medium
C03965,29,21-30,64140.76,643.0,127226.88,9.8,74351.59,5000.0,0,2,27486.52,36,Salaried,3.1428,0.9354,0.4285,Medium
C03966,59,46-65,47696.45,757.0,168152.83,0.4,43521.68,5000.0,0,1,18841.55,36,Self-employed,4.438,1.258,0.395,Medium
C03967,56,46-65,64748.57,664.0,44701.46,9.2,37700.68,5000.0,0,1,25285.88,48,Salaried,1.2726,0.9267,0.3905,Low
C03968,31,31-45,96169.71,633.0,220126.15,13.3,134690.87,5000.0,0,1,68979.97,36,Self-employed,3.6895,0.6239,0.7173,Medium
C03969,47,46-65,51839.55,633.0,154601.83,9.1,38909.22,5000.0,0,2,23917.22,24,Salaried,3.7329,1.1574,0.4614,Medium
C03970,48,46-65,86445.47,728.0,254605.12,6.5,149370.41,5000.0,0,2,0.0,60,Self-employed,4.6732,0.6941,0.0,Low
C03971,42,31-45,41569.9,811.0,5000.0,14.8,4248.07,5000.0,1,3,2979.79,48,Salaried,0.2225,1.4434,0.0717,Low
C03972,62,46-65,98678.3,519.0,154632.37,1.7,168119.62,5000.0,0,0,49444.56,24,Salaried,3.2707,0.608,0.5011,High
C03973,26,21-30,47249.36,850.0,27614.07,9.0,60054.33,5000.0,1,1,16299.19,12,Salaried,1.8554,1.2699,0.345,Low
C03974,32,31-45,103835.84,695.0,72874.66,6.8,121532.68,5791.0,0,0,42170.64,36,Self-employed,1.8723,0.6692,0.4061,Low
C03975,25,21-30,67216.88,724.0,174007.01,4.1,16819.45,5000.0,1,0,17448.18,60,Self-employed,2.839,0.8926,0.2596,Medium
C03976,52,46-65,150041.49,647.0,500000.0,10.5,274418.51,5541.7,0,1,94794.86,12,Self-employed,5.1614,0.4432,0.6318,Medium
C03977,49,46-65,34454.86,680.0,71032.38,21.2,34628.98,5000.0,0,0,13831.63,48,Salaried,3.0667,1.7414,0.4014,Medium
C03978,65,46-65,28860.97,694.0,5000.0,4.7,39229.07,5000.0,0,1,5616.25,48,Business,1.5325,2.0789,0.1946,Low
C03979,45,31-45,46315.09,601.0,38959.01,12.8,13483.93,5000.0,1,0,13417.56,24,Self-employed,1.1323,1.2955,0.2897,Medium
C03980,27,21-30,30351.66,620.0,48894.38,11.6,39531.87,5000.0,1,1,26743.98,36,Self-employed,2.9134,1.9768,0.8811,High
C03981,41,31-45,30383.0,769.0,8097.75,3.6,15051.39,5000.0,2,1,18913.63,12,Salaried,0.7619,1.9748,0.6225,Low
C03982,24,21-30,91490.96,564.0,254283.04,11.6,66766.73,5000.0,0,1,19980.61,24,Self-employed,3.5091,0.6558,0.2184,High
C03983,51,46-65,64850.78,713.0,53426.58,7.0,76451.55,5000.0,0,2,10945.39,12,Salaried,2.0027,0.9252,0.1688,Low
C03984,51,46-65,49927.04,652.0,23486.36,5.6,41884.01,5000.0,0,1,18452.41,36,Self-employed,1.3093,1.2018,0.3696,Low
C03985,59,46-65,52539.11,,118334.84,5.5,53033.04,5000.0,0,0,30419.88,36,Salaried,3.2617,1.142,0.579,Low
C03986,36,31-45,46801.09,828.0,27649.92,32.6,72529.46,5000.0,0,1,22417.23,12,Salaried,2.1405,1.282,0.479,Low
C03987,34,31-45,161110.48,608.0,241761.49,2.3,251133.8,7248.48,0,0,12506.22,60,Business,3.0594,0.5399,0.0776,Medium
C03988,24,21-30,43373.95,595.0,98170.69,17.2,7357.25,5000.0,0,1,18297.74,12,Business,2.433,1.3833,0.4219,Medium
C03989,39,31-45,31412.74,666.0,14043.09,7.7,25911.92,5000.0,0,0,15413.92,48,Self-employed,1.2719,1.9101,0.4907,Low
C03990,42,31-45,100706.98,622.0,208472.26,4.4,124728.95,5000.0,0,0,4372.5,36,Self-employed,3.3086,0.5958,0.0434,Medium
C03991,54,46-65,57726.81,680.0,101343.15,6.7,91807.07,5000.0,0,2,3233.92,24,Salaried,3.3459,1.0394,0.056,Medium
C03992,54,46-65,199479.76,692.0,470620.66,18.0,166846.24,12782.37,0,1,67340.78,36,Self-employed,3.1956,0.7689,0.3376,Medium
C03993,27,21-30,48665.69,698.0,38151.09,18.5,57820.59,5000.0,0,0,1895.31,36,Salaried,1.9721,1.2329,0.0389,Low
C03994,33,31-45,103511.07,671.0,150001.71,4.3,135065.85,6714.45,0,0,56511.91,48,Salaried,2.754,0.7784,0.546,Low
C03995,44,31-45,117871.59,627.0,285636.61,11.3,143207.83,5000.0,0,2,32409.42,24,Business,3.6382,0.509,0.275,High
C03996,36,31-45,48796.21,728.0,5000.0,10.9,93880.88,5000.0,1,1,21945.85,12,Salaried,2.0264,1.2296,0.4497,Low
C03997,22,21-30,43197.42,672.0,10750.4,7.4,23018.62,5000.0,0,1,33327.74,36,Business,0.7817,1.389,0.7715,Low
C03998,59,46-65,97723.19,643.0,95554.84,12.1,153469.68,5361.87,1,0,11587.91,12,Salaried,2.5483,0.6584,0.1186,Medium
C03999,53,46-65,89172.96,791.0,55748.72,14.0,142639.55,5000.0,0,4,58831.95,48,Salaried,2.2248,0.6728,0.6598,Low
C04000,44,31-45,29920.73,671.0,5000.0,4.1,27198.51,5000.0,0,3,3738.69,24,Self-employed,1.0761,2.0053,0.125,Low
C04001,35,31-45,34944.03,762.0,128691.94,2.2,43690.35,5000.0,0,2,36259.99,48,Self-employed,4.9331,1.717,1.0377,Low
C04002,58,46-65,18000.0,772.0,34165.9,3.6,22124.66,5000.0,0,0,15194.48,36,Salaried,3.1273,3.3333,0.8441,Low
C04003,22,21-30,90183.82,777.0,176230.07,6.5,46946.92,5314.65,0,0,13345.76,48,Salaried,2.4747,0.7072,0.148,Low
C04004,41,31-45,56282.42,732.0,51773.75,7.5,16717.11,5000.0,0,4,6856.1,24,Salaried,1.2169,1.0661,0.1218,Low
C04005,57,46-65,59454.1,680.0,22335.36,14.8,37151.94,5000.0,0,1,22101.39,24,Self-employed,1.0006,1.0092,0.3717,Low
C04006,63,46-65,25638.45,675.0,69459.24,8.3,32448.84,5000.0,0,0,8995.95,60,Self-employed,3.9748,2.3402,0.3509,Medium
C04007,32,31-45,35531.9,662.0,77037.37,6.5,44024.18,5000.0,0,1,27327.87,60,Salaried,3.4071,1.6886,0.7691,Medium
C04008,50,46-65,49974.35,517.0,158199.93,2.1,29877.08,5000.0,0,2,30233.9,36,Self-employed,3.7635,1.2006,0.605,High
C04009,29,21-30,44907.65,734.0,5000.0,17.6,9431.61,5000.0,1,3,17609.22,12,Salaried,0.3214,1.3361,0.3921,Low
C04010,26,21-30,69352.15,698.0,54240.15,4.3,43639.02,5000.0,0,2,584.33,12,Salaried,1.4113,0.8651,0.0084,Low
C04011,36,31-45,89594.57,742.0,241425.04,18.5,129884.56,5000.0,1,3,44006.11,24,Salaried,4.1443,0.6697,0.4912,Medium
C04012,60,46-65,226483.97,671.0,295269.26,6.1,191681.98,14854.29,0,2,17486.82,36,Business,2.15,0.787,0.0772,Low
C04013,52,46-65,64288.32,730.0,21946.47,3.8,100531.12,5000.0,0,1,15033.37,48,Self-employed,1.9051,0.9333,0.2338,Low
C04014,43,31-45,120044.05,577.0,124772.4,8.8,60328.1,5000.0,0,0,29437.12,12,Salaried,1.5419,0.4998,0.2452,Low
C04015,33,31-45,41177.92,592.0,7736.78,4.8,57276.21,5000.0,0,1,17781.16,48,Salaried,1.5788,1.4571,0.4318,Low
C04016,27,21-30,25872.14,494.0,66588.78,7.1,13072.1,5000.0,1,1,18143.57,48,Self-employed,3.079,2.3191,0.7013,High
C04017,33,31-45,53550.3,670.0,164891.72,8.6,57698.22,5000.0,0,3,27208.35,48,Salaried,4.1567,1.1204,0.5081,High
C04018,27,21-30,26994.69,622.0,75519.0,13.8,24146.98,5000.0,0,0,8966.1,36,Self-employed,3.6921,2.2227,0.3321,High
C04019,29,21-30,65526.69,612.0,108308.34,24.7,104736.24,5000.0,0,2,35721.8,36,Salaried,3.2513,0.9157,0.5451,Medium
C04020,51,46-65,42314.83,705.0,110443.32,5.6,2328.04,5000.0,0,0,27176.83,36,Salaried,2.6651,1.4179,0.6423,Low
C04021,26,21-30,22187.7,648.0,27907.91,9.3,10300.66,5000.0,2,2,16556.83,48,Salaried,1.7221,2.7042,0.7462,Medium
C04022,23,21-30,168882.14,573.0,461730.33,3.1,144244.58,8780.23,0,0,33813.92,48,Business,3.5882,0.6239,0.2002,High
C04023,45,31-45,48362.67,850.0,101915.04,12.4,76518.51,5000.0,0,1,9937.13,60,Self-employed,3.6895,1.2406,0.2055,Low
C04024,33,31-45,26408.78,677.0,91061.83,9.8,0.0,5000.0,0,0,14131.92,60,Business,3.4482,2.272,0.5351,Medium
C04025,41,31-45,106525.22,599.0,115923.6,2.0,116772.62,5000.0,0,4,16273.99,24,Salaried,2.1844,0.5632,0.1528,Low
C04026,27,21-30,43538.66,630.0,90400.25,10.2,64883.35,5000.0,0,1,18689.36,60,Salaried,3.5666,1.3781,0.4293,Medium
C04027,30,21-30,118389.33,667.0,330726.99,4.6,32341.87,5000.0,0,0,75278.13,48,Business,3.0667,0.5068,0.6359,Low
C04028,40,31-45,43424.35,667.0,124509.01,7.1,38738.9,5000.0,0,3,20059.47,36,Salaried,3.7594,1.3817,0.4619,High
C04029,52,46-65,48274.02,778.0,181067.95,21.1,34941.75,5000.0,0,0,27822.52,12,Salaried,4.4747,1.2429,0.5763,Low
C04030,39,31-45,78574.3,674.0,132947.31,2.3,0.0,5000.0,0,0,23231.96,24,Business,1.692,0.7636,0.2957,Low
C04031,45,31-45,90076.38,819.0,216323.56,13.1,110209.65,5000.0,0,3,51756.53,24,Salaried,3.6251,0.6661,0.5746,Low
C04032,44,31-45,99191.6,648.0,93770.16,4.1,55781.05,5000.0,0,0,28397.37,36,Salaried,1.5077,0.6049,0.2863,High
C04033,33,31-45,61869.64,712.0,145563.13,3.6,21806.34,5000.0,2,3,16264.1,36,Salaried,2.7052,0.9698,0.2629,High
C04034,33,31-45,86932.02,757.0,65215.93,5.4,9131.87,5000.0,0,1,44534.23,12,Salaried,0.8552,0.6902,0.5123,Low
C04035,40,31-45,97952.53,770.0,159269.71,3.3,0.0,5852.14,0,0,11557.03,24,Business,1.626,0.7169,0.118,Low
C04036,22,21-30,72580.79,778.0,243184.83,28.3,60023.3,5000.0,0,2,43848.77,36,Salaried,4.1775,0.8267,0.6041,Low
C04037,51,46-65,60094.92,660.0,160564.0,2.2,43874.66,5000.0,0,2,30548.21,36,Business,3.4019,0.9984,0.5083,High
C04038,48,46-65,29355.36,680.0,66032.12,3.1,28468.89,5000.0,0,0,7197.56,36,Salaried,3.2192,2.0439,0.2452,Medium
C04039,34,31-45,90371.87,494.0,54480.96,1.6,150706.42,5000.0,1,1,29394.2,36,Salaried,2.2705,0.6639,0.3253,High
C04040,37,31-45,66525.33,665.0,104883.51,4.5,32154.73,5000.0,0,1,16557.28,36,Salaried,2.0599,0.9019,0.2489,Low
C04041,35,31-45,51774.54,762.0,29204.66,8.9,33409.72,5000.0,0,0,33050.92,24,Salaried,1.2094,1.1589,0.6384,Low
C04042,50,46-65,131257.2,747.0,59045.88,9.6,71132.08,5000.0,0,2,20238.88,36,Salaried,0.9918,0.4571,0.1542,Low
C04043,55,46-65,29638.64,674.0,70829.85,10.4,24917.98,5000.0,0,0,3461.05,36,Business,3.2305,2.0244,0.1168,Medium
C04044,25,21-30,160550.29,807.0,295779.09,10.8,280032.56,5000.0,1,1,37634.44,36,Self-employed,3.5865,0.3737,0.2344,Low
C04045,39,31-45,64208.59,651.0,20539.5,15.6,71764.62,5000.0,0,4,43766.5,48,Business,1.4376,0.9345,0.6816,Low
C04046,21,21-30,77402.75,626.0,198176.65,21.4,46347.76,5000.0,0,2,16546.67,24,Salaried,3.1591,0.7752,0.2138,Medium
C04047,41,31-45,52306.1,645.0,33291.43,12.4,75162.86,5000.0,0,1,23441.76,48,Self-employed,2.0735,1.1471,0.4482,Low
C04048,32,31-45,25984.42,596.0,30351.5,8.7,23368.14,5000.0,1,2,15859.68,60,Salaried,2.0674,2.3091,0.6104,Medium
C04049,36,31-45,60195.75,727.0,45868.66,4.2,87183.91,5000.0,1,4,26739.22,48,Salaried,2.2103,0.9967,0.4442,Low
C04050,41,31-45,78139.6,702.0,51096.04,9.3,59726.82,5000.0,1,1,1924.12,48,Salaried,1.4183,0.7679,0.0246,Low
C04051,35,31-45,94283.98,726.0,178314.12,12.1,40024.78,5564.91,0,0,44940.71,36,Business,2.3158,0.7083,0.4767,Low
C04052,38,31-45,58292.24,649.0,138782.49,6.9,37948.7,5000.0,1,1,15930.08,60,Self-employed,3.0318,1.0293,0.2733,High
C04053,55,46-65,19462.52,676.0,35746.59,13.8,11119.75,5000.0,0,1,6382.69,60,Salaried,2.408,3.0828,0.3279,Low
C04054,57,46-65,27839.99,517.0,82309.0,10.7,41342.39,5000.0,1,1,15131.05,36,Salaried,4.4415,2.1552,0.5435,High
C04055,21,21-30,200938.33,708.0,500000.0,4.8,59905.23,9999.89,1,2,23554.24,36,Salaried,2.7865,0.5972,0.1172,Medium
C04056,38,31-45,35640.85,687.0,93525.3,5.4,2769.86,5000.0,1,4,7246.72,36,Salaried,2.7018,1.6835,0.2033,High
C04057,59,46-65,142488.95,597.0,468503.12,17.1,150292.47,7261.63,0,1,93803.86,24,Business,4.3428,0.6116,0.6583,High
C04058,44,31-45,38886.21,672.0,125671.35,1.6,26961.44,5000.0,0,3,27004.19,24,,3.9251,1.543,0.6944,High
C04059,30,21-30,58793.81,661.0,170340.51,1.9,37080.6,5000.0,1,2,17494.98,36,Salaried,3.5279,1.0205,0.2976,Low
C04060,47,46-65,91675.19,812.0,101363.84,3.7,83661.76,5000.0,0,0,41072.03,36,Salaried,2.0183,0.6545,0.448,Low
C04061,27,21-30,41399.98,600.0,23315.8,29.5,36822.75,5000.0,0,0,10359.94,24,Salaried,1.4526,1.4493,0.2502,Low
C04062,21,21-30,156038.94,705.0,406737.22,11.0,16852.51,6524.53,1,1,88397.06,48,Self-employed,2.7146,0.5018,0.5665,Medium
C04063,49,46-65,67764.46,598.0,192684.21,5.4,105175.71,5000.0,0,0,6976.97,36,Salaried,4.3955,0.8854,0.103,Medium
C04064,44,31-45,83751.6,638.0,242282.99,11.1,70133.9,5000.0,0,2,52741.9,36,Salaried,3.7303,0.7164,0.6297,Medium
C04065,55,46-65,,701.0,126319.25,5.1,75397.95,5000.0,0,0,38685.5,36,Salaried,3.5954,1.0694,0.6895,Medium
C04066,36,31-45,93380.58,664.0,273275.97,8.6,73052.19,5035.85,0,0,42063.9,24,Business,3.7088,0.6471,0.4505,Medium
C04067,59,46-65,154891.25,680.0,402024.81,5.9,250868.44,5785.44,0,0,102399.75,36,Salaried,4.2152,0.4482,0.6611,Low
C04068,39,31-45,60471.97,705.0,130716.35,10.8,109701.82,5000.0,1,0,22743.4,36,Salaried,3.9757,0.9922,0.3761,Medium
C04069,54,46-65,168296.84,643.0,27590.84,7.3,180242.02,11145.56,0,0,103862.88,24,Salaried,1.2349,0.7947,0.6171,Low
C04070,25,21-30,46432.96,746.0,72650.04,5.5,60656.38,5000.0,1,1,17238.21,60,Self-employed,2.8709,1.2922,0.3712,Low
C04071,25,21-30,98952.52,657.0,14549.5,8.6,28455.46,5000.0,0,0,62368.25,36,Salaried,0.4346,0.6064,0.6303,Low
C04072,56,46-65,85063.68,673.0,8956.8,6.4,19751.56,5434.49,0,2,17490.08,12,Salaried,0.3375,0.7666,0.2056,Low
C04073,58,46-65,36113.51,707.0,88331.42,6.4,37244.2,5000.0,0,3,1216.78,60,Salaried,3.4772,1.6614,0.0337,Medium
C04074,63,46-65,73111.28,697.0,28192.49,2.6,21689.42,5000.0,0,2,45505.44,48,Salaried,0.6823,0.8207,0.6224,Low
C04075,35,31-45,65263.87,728.0,216122.13,10.6,86386.49,5000.0,0,1,26973.13,36,Self-employed,4.6352,0.9193,0.4133,Low
C04076,22,21-30,40655.4,704.0,64578.08,35.0,24573.24,5000.0,0,0,0.0,36,Self-employed,2.1929,1.4758,0.0,Low
C04077,65,46-65,79145.55,715.0,201667.49,8.9,23300.7,5000.0,0,1,4597.76,48,Salaried,2.8425,0.7581,0.0581,Low
C04078,48,46-65,70446.0,656.0,41219.29,6.6,41696.5,5000.0,0,0,9848.57,48,Salaried,1.177,0.8517,0.1398,Low
C04079,32,31-45,62456.13,600.0,194852.33,6.8,114004.97,5000.0,0,0,11447.38,36,Self-employed,4.9452,0.9607,0.1833,High
C04080,55,46-65,,573.0,111525.58,16.7,77603.78,5000.0,1,1,41636.43,36,Self-employed,3.0215,0.9586,0.6652,High
C04081,61,46-65,61860.49,555.0,124710.42,0.6,81772.68,5000.0,0,3,23978.69,12,Salaried,3.3379,0.9699,0.3876,High
C04082,33,31-45,53098.7,812.0,123706.87,9.0,62685.26,5000.0,0,2,31035.49,60,Self-employed,3.5103,1.13,0.5845,Low
C04083,55,46-65,,514.0,152145.18,7.6,108031.37,5000.0,0,1,10443.03,12,Self-employed,3.7064,0.8547,0.1488,High
C04084,56,46-65,45614.9,770.0,94576.12,7.3,2928.07,5000.0,0,3,15593.86,36,Salaried,2.1376,1.3154,0.3419,Low
C04085,43,31-45,280236.11,618.0,500000.0,8.4,350000.0,19199.45,0,0,101669.56,36,Salaried,3.0332,0.8221,0.3628,Medium
C04086,49,46-65,29941.75,769.0,88746.19,3.9,10385.26,5000.0,1,1,11604.99,12,Salaried,3.3108,2.0039,0.3876,Medium
C04087,33,31-45,47124.0,515.0,60292.03,4.0,46167.01,5000.0,0,1,0.0,48,Salaried,2.2591,1.2732,0.0,High
C04088,62,46-65,49216.51,662.0,157958.54,2.4,91148.41,5000.0,0,4,26287.82,36,Salaried,5.0615,1.2191,0.5341,Medium
C04089,65,46-65,199668.53,789.0,266147.05,10.8,312281.93,13443.8,0,0,28814.82,48,Salaried,2.8969,0.808,0.1443,Low
C04090,65,46-65,31447.3,,22744.02,0.9,25267.34,5000.0,0,0,18333.98,36,Self-employed,1.5267,1.908,0.583,Low
C04091,54,46-65,82158.03,655.0,99009.26,9.4,92707.26,5000.0,0,4,30465.97,48,Salaried,2.3335,0.7303,0.3708,Medium
C04092,22,21-30,74515.27,534.0,88527.23,5.4,48456.16,5000.0,0,2,7208.7,36,Salaried,1.8383,0.8052,0.0967,Medium
C04093,37,31-45,78090.51,581.0,92115.88,3.8,0.0,5000.0,0,0,16348.91,36,Self-employed,1.1796,0.7683,0.2094,Low
C04094,41,31-45,128300.61,784.0,375201.63,8.7,147443.54,7340.89,1,0,10658.33,48,Self-employed,4.0736,0.6866,0.0831,Low
C04095,64,46-65,126861.18,654.0,267339.68,6.0,169872.04,6683.52,0,0,3903.01,48,Salaried,3.4464,0.6322,0.0308,Medium
C04096,45,31-45,50722.06,675.0,187529.0,8.5,57030.4,5000.0,0,0,7277.4,36,Self-employed,4.8216,1.1829,0.1435,Medium
C04097,45,31-45,72319.72,701.0,19744.72,4.1,3744.68,5000.0,0,1,47157.71,48,Salaried,0.3248,0.8296,0.6521,Low
C04098,27,21-30,23315.8,582.0,51407.88,10.0,20846.8,5000.0,0,0,6404.72,60,Salaried,3.099,2.5734,0.2747,High
C04099,56,46-65,68640.89,711.0,29273.04,7.5,20857.59,5000.0,0,2,12788.31,36,Salaried,0.7303,0.8741,0.1863,Low
C04100,36,31-45,42000.99,649.0,75506.25,13.4,64610.09,5000.0,0,0,0.0,24,Self-employed,3.336,1.4285,0.0,High
C04101,25,21-30,58666.97,702.0,84983.05,2.7,82054.67,5000.0,0,1,5825.4,36,Salaried,2.8472,1.0227,0.0993,Medium
C04102,65,46-65,25724.21,637.0,58651.42,6.0,28096.6,5000.0,1,0,9564.69,36,Business,3.3722,2.3324,0.3718,High
C04103,29,21-30,81212.33,562.0,215926.03,5.5,137647.88,5000.0,0,0,5572.69,36,Salaried,4.3537,0.7388,0.0686,High
C04104,21,21-30,25566.28,648.0,22080.45,11.6,43206.69,5000.0,0,0,15044.34,12,Self-employed,2.5536,2.3468,0.5884,Medium
C04105,24,21-30,70523.35,728.0,72235.59,15.4,47466.67,5000.0,1,5,38961.49,24,Salaried,1.6973,0.8508,0.5525,Low
C04106,41,31-45,33109.13,710.0,43560.17,9.0,17079.65,5000.0,0,5,17119.51,36,Self-employed,1.8315,1.8122,0.5171,Low
C04107,25,21-30,40734.88,682.0,41707.13,7.3,7017.11,5000.0,0,0,7582.93,48,Salaried,1.1961,1.4729,0.1862,Low
C04108,58,46-65,122669.03,747.0,301549.41,13.4,191245.17,7291.34,1,1,24215.78,60,Self-employed,4.0173,0.7133,0.1974,Medium
C04109,44,31-45,89814.11,665.0,173620.35,6.4,18603.62,5000.0,1,2,39363.36,24,Business,2.1402,0.668,0.4383,Medium
C04110,35,31-45,122296.57,684.0,354172.71,21.3,154409.79,7221.4,0,2,53738.67,12,Salaried,4.1586,0.7086,0.4394,Medium
C04111,21,21-30,153275.54,644.0,500000.0,4.7,225101.03,6467.41,0,1,14213.19,36,Salaried,4.7307,0.5063,0.0927,Medium
C04112,42,31-45,42492.43,752.0,39308.55,1.4,35621.69,5000.0,1,2,31273.75,24,Business,1.7634,1.412,0.736,Low
C04113,27,21-30,148238.38,702.0,464192.68,2.7,100505.71,7540.63,0,0,82949.61,24,Salaried,3.8094,0.6104,0.5596,Low
C04114,65,46-65,29030.85,638.0,86572.94,6.2,9561.75,5000.0,0,1,0.0,24,Self-employed,3.3115,2.0668,0.0,High
C04115,34,31-45,97977.95,568.0,54841.82,27.6,132427.85,5000.0,0,5,30488.32,36,Salaried,1.9113,0.6124,0.3112,Low
C04116,42,31-45,49553.43,763.0,136815.36,4.0,90646.94,5000.0,1,0,19610.54,36,Self-employed,4.5902,1.2108,0.3957,Medium
C04117,21,21-30,38967.28,624.0,64029.28,21.1,79330.94,5000.0,0,2,24303.88,36,Salaried,3.679,1.5398,0.6237,High
C04118,26,21-30,91135.34,685.0,222323.09,8.9,8861.34,5000.0,0,0,38653.85,36,Salaried,2.5367,0.6584,0.4241,Low
C04119,30,21-30,109301.55,850.0,280034.53,4.0,132920.69,5000.0,0,1,18262.14,60,Salaried,3.7781,0.5489,0.1671,Low
C04120,23,21-30,107531.61,740.0,344325.98,6.6,123215.86,5000.0,0,0,52127.01,48,Self-employed,4.3479,0.558,0.4848,Low
C04121,53,46-65,73153.52,801.0,198390.46,14.3,118865.91,5000.0,1,2,27283.9,24,Salaried,4.3369,0.8202,0.373,Low
C04122,63,46-65,69892.88,640.0,214108.54,7.1,71899.92,5000.0,0,0,23325.32,36,Self-employed,4.0921,0.8585,0.3337,High
C04123,65,46-65,86848.38,760.0,92529.7,4.1,87241.19,5687.31,0,2,47084.17,36,Salaried,2.0699,0.7858,0.5421,Low
C04124,32,31-45,76819.42,682.0,262713.93,6.2,64476.18,5000.0,0,0,47920.5,36,Salaried,4.2592,0.7811,0.6238,Medium
C04125,56,46-65,87543.25,707.0,220636.09,16.3,126508.62,5000.0,0,1,9591.21,48,Salaried,3.9654,0.6854,0.1096,Medium
C04126,43,31-45,72717.86,832.0,209151.25,32.8,90321.73,5000.0,0,2,20074.7,36,Salaried,4.1183,0.8251,0.2761,Low
C04127,23,21-30,103329.03,659.0,327165.99,13.8,23758.14,5470.58,2,1,44793.52,36,Salaried,3.3962,0.6353,0.4335,High
C04128,25,21-30,26560.44,681.0,9097.53,22.0,74773.29,5000.0,0,0,15099.63,12,Business,3.1577,2.259,0.5685,Medium
C04129,45,31-45,60472.39,612.0,86393.71,13.6,93081.23,5000.0,0,2,40010.85,36,Salaried,2.9679,0.9922,0.6616,Medium
C04130,40,31-45,30364.43,747.0,85319.0,13.5,48065.52,5000.0,1,2,17314.14,24,Self-employed,4.3928,1.976,0.5702,Medium
C04131,21,21-30,75684.5,638.0,251066.35,11.6,53163.88,5000.0,0,1,11081.82,36,Self-employed,4.0197,0.7928,0.1464,High
C04132,62,46-65,160364.42,757.0,443352.56,10.4,95057.87,11097.99,0,0,43231.66,36,Self-employed,3.3574,0.8305,0.2696,Low
C04133,53,46-65,50080.95,556.0,80489.0,4.8,72968.22,5000.0,0,0,14063.38,48,Salaried,3.0642,1.1981,0.2808,High
C04134,43,31-45,69712.24,721.0,50545.29,8.4,,5000.0,0,1,35334.97,24,Salaried,1.7537,0.8607,0.5069,Low
C04135,65,46-65,98539.25,632.0,206571.52,13.8,167533.65,6223.75,0,0,20330.64,36,Business,3.7965,0.7579,0.2063,Medium
C04136,64,46-65,20845.53,735.0,35752.58,10.4,11901.89,5000.0,0,0,12663.6,60,Self-employed,2.2861,2.8783,0.6075,Low
C04137,64,46-65,48775.42,679.0,150955.52,2.3,36966.08,5000.0,0,1,34346.94,36,Self-employed,3.8528,1.2301,0.7042,High
C04138,32,31-45,79429.58,640.0,161237.4,16.2,15665.93,5000.0,0,0,42705.96,36,Salaried,2.2272,0.7554,0.5377,Low
C04139,60,46-65,18000.0,651.0,5379.68,12.0,0.0,5000.0,0,0,5597.79,48,Salaried,0.2989,3.3333,0.311,Low
C04140,43,31-45,37983.15,616.0,71213.14,15.7,35662.99,5000.0,1,1,5473.73,60,Self-employed,2.8138,1.5796,0.1441,High
C04141,53,46-65,119087.58,743.0,384998.07,3.9,166647.85,5000.0,0,1,67321.02,60,Salaried,4.6323,0.5038,0.5653,Low
C04142,59,46-65,112847.3,601.0,249287.13,2.4,198186.68,6833.12,0,2,25539.21,48,Business,3.9653,0.7266,0.2263,High
C04143,28,21-30,79858.98,660.0,73540.08,7.1,74515.27,5174.46,1,3,26506.6,36,Business,1.854,0.7775,0.3319,Medium
C04144,41,31-45,105593.41,706.0,158957.83,10.7,58351.69,5000.0,0,2,19362.57,36,,2.058,0.5682,0.1834,Low
C04145,26,21-30,73163.35,801.0,130005.69,20.0,55852.4,5000.0,0,3,56295.0,36,Self-employed,2.5403,0.8201,0.7694,Low
C04146,33,31-45,88221.83,679.0,106860.82,9.8,101910.45,5000.0,0,1,44407.6,36,Salaried,2.3664,0.6801,0.5034,Low
C04147,39,31-45,54640.63,662.0,146205.55,25.3,71016.65,5000.0,0,3,9268.19,12,Salaried,3.9755,1.0981,0.1696,Medium
C04148,59,46-65,69275.01,701.0,70818.75,6.0,11213.85,5000.0,0,1,43997.16,36,Self-employed,1.1842,0.8661,0.6351,Low
C04149,59,46-65,45905.44,524.0,83120.82,11.6,91451.52,5000.0,0,0,37593.56,36,Self-employed,3.8029,1.307,0.8189,High
C04150,38,31-45,130230.13,590.0,213678.46,1.9,225048.11,5000.0,2,2,30636.79,36,Salaried,3.3689,0.4607,0.2353,High
C04151,35,31-45,150091.48,652.0,259997.91,14.4,,5000.0,1,1,39864.24,24,Salaried,3.0794,0.3998,0.2656,Medium
C04152,44,31-45,138842.38,627.0,289201.98,19.2,89718.6,5333.78,0,1,8228.24,60,Self-employed,2.7291,0.461,0.0593,Medium
C04153,62,46-65,51931.6,560.0,129491.18,10.3,22700.98,5000.0,0,1,31114.91,60,Salaried,2.9306,1.1554,0.5992,High
C04154,64,46-65,38467.42,744.0,42695.2,3.3,49014.77,5000.0,1,2,9186.2,60,Salaried,2.3841,1.5598,0.2388,Low
C04155,31,31-45,131199.99,699.0,139144.49,8.3,107382.99,5136.5,1,0,45416.07,48,Business,1.879,0.4698,0.3462,Low
C04156,29,21-30,87666.18,691.0,236368.41,5.9,69746.02,5000.0,0,1,52049.8,24,Self-employed,3.4918,0.6844,0.5937,Low
C04157,52,46-65,77875.29,628.0,265425.47,6.4,85093.41,5000.0,0,1,42105.22,48,Salaried,4.501,0.7705,0.5407,Medium
C04158,34,31-45,45873.59,686.0,12197.74,8.3,9065.53,5000.0,0,1,37317.53,36,Self-employed,0.4635,1.3079,0.8135,Low
C04159,29,21-30,82146.35,719.0,41827.82,3.2,30190.87,5000.0,0,1,41720.24,24,Salaried,0.8767,0.7304,0.5079,Low
C04160,22,21-30,35783.41,660.0,118664.85,9.7,6457.29,5000.0,0,6,4083.14,48,Salaried,3.4967,1.6768,0.1141,High
C04161,39,31-45,92122.72,713.0,57196.49,6.2,41359.25,5000.0,0,5,38251.52,48,Business,1.0698,0.6513,0.4152,Low
C04162,38,31-45,138764.04,620.0,485908.99,11.0,108406.46,9517.39,0,0,44882.25,24,Self-employed,4.2829,0.823,0.3234,Medium
C04163,46,46-65,159407.26,687.0,471377.8,11.0,229464.56,8153.33,0,0,13529.19,24,Salaried,4.3966,0.6138,0.0849,Medium
C04164,30,21-30,95973.83,766.0,37863.93,3.9,25495.86,5000.0,0,1,23564.64,24,Salaried,0.6602,0.6252,0.2455,Low
C04165,53,46-65,30394.92,772.0,16733.58,6.8,36041.07,5000.0,0,0,18835.25,48,Salaried,1.7363,1.974,0.6197,Low
C04166,51,46-65,72451.61,780.0,238119.68,6.6,0.0,5000.0,2,0,12698.16,36,Salaried,3.2866,0.8281,0.1753,Medium
C04167,41,31-45,210863.76,701.0,224346.28,8.1,183427.98,11437.49,0,0,124100.94,48,Salaried,1.9338,0.6509,0.5885,Low
C04168,29,21-30,40312.07,682.0,96327.25,17.8,20582.29,5000.0,0,1,10572.7,36,Salaried,2.9001,1.4884,0.2623,Low
C04169,43,31-45,62918.32,646.0,77970.38,5.2,46442.52,5000.0,0,1,28399.84,36,Salaried,1.9774,0.9536,0.4514,Low
C04170,51,46-65,141432.94,544.0,309389.86,6.8,229768.1,7324.93,0,0,56646.38,12,,3.8121,0.6215,0.4005,High
C04171,37,31-45,91268.98,579.0,265914.3,11.1,147033.41,5000.0,0,3,54502.59,36,Business,4.5245,0.6574,0.5972,High
C04172,32,31-45,254289.47,667.0,500000.0,8.7,183678.46,8156.75,0,0,133750.79,48,Self-employed,2.6886,0.3849,0.526,Low
C04173,43,31-45,43436.89,672.0,5000.0,14.2,37497.28,5000.0,0,2,13972.9,60,Salaried,0.9784,1.3813,0.3217,Low
C04174,36,31-45,37713.63,786.0,104308.65,10.9,63242.16,5000.0,0,4,8648.92,60,Salaried,4.4427,1.5909,0.2293,Low
C04175,39,31-45,127441.35,779.0,313266.63,6.8,172713.37,5000.0,0,0,45970.56,24,Business,3.8134,0.4708,0.3607,Low
C04176,36,31-45,33671.58,629.0,30757.25,9.2,9627.84,5000.0,0,0,27581.39,36,Business,1.1994,1.7819,0.8191,Low
C04177,34,31-45,58332.82,741.0,167649.64,16.4,103342.35,5000.0,1,0,13694.63,36,Salaried,4.6456,1.0286,0.2348,Medium
C04178,53,46-65,62695.0,644.0,136152.32,3.4,58764.27,5000.0,0,0,21351.69,24,Business,3.109,0.957,0.3406,Medium
C04179,41,31-45,114913.71,731.0,9832.77,3.7,192146.96,5788.16,2,1,52901.43,24,Salaried,1.7577,0.6044,0.4604,Medium
C04180,41,31-45,91125.22,740.0,281711.72,4.1,138241.41,5000.0,0,2,65360.98,24,Self-employed,4.6085,0.6584,0.7173,Low
C04181,50,46-65,83577.39,773.0,138122.44,6.9,148300.6,5000.0,0,2,26823.08,36,Salaried,3.427,0.7179,0.3209,Low
C04182,37,31-45,52094.03,643.0,46286.17,7.5,676.02,5000.0,0,2,30621.06,60,Self-employed,0.9015,1.1518,0.5878,Low
C04183,25,21-30,126803.61,756.0,60829.55,18.0,60425.79,5000.0,0,3,49453.98,24,Salaried,0.9562,0.4732,0.39,Low
C04184,59,46-65,350000.0,540.0,491648.66,5.8,,20806.67,0,0,112029.03,60,Salaried,2.1364,0.7134,0.3201,High
C04185,23,21-30,95068.0,777.0,117016.68,2.6,140938.37,5027.77,1,1,40184.3,12,Business,2.7134,0.6346,0.4227,Low
C04186,46,46-65,68662.76,678.0,86945.5,16.4,44507.8,5000.0,0,2,38402.65,48,Self-employed,1.9145,0.8738,0.5593,Low
C04187,32,31-45,31834.88,680.0,74765.83,5.7,7607.5,5000.0,1,2,2509.76,36,Salaried,2.5875,1.8847,0.0788,High
C04188,30,21-30,45776.57,527.0,114608.48,12.8,16487.64,5000.0,0,1,4673.78,12,Business,2.8638,1.3107,0.1021,High
C04189,22,21-30,57791.79,651.0,30362.36,14.8,24984.61,5000.0,0,1,38564.05,60,Salaried,0.9577,1.0382,0.6673,Low
C04190,61,46-65,48441.51,782.0,127347.62,9.6,86906.46,5000.0,0,1,31656.35,12,Salaried,4.4229,1.2386,0.6535,Medium
C04191,40,31-45,64427.75,648.0,176037.7,8.1,117155.91,5000.0,0,2,3296.69,36,Salaried,4.5507,0.9313,0.0512,High
C04192,36,31-45,172827.87,734.0,333962.96,4.8,99320.99,8405.17,0,1,5810.29,12,Self-employed,2.507,0.5836,0.0336,Low
C04193,54,46-65,129066.67,683.0,451194.64,4.7,20120.78,5000.0,0,0,82309.12,60,Business,3.6517,0.4649,0.6377,Medium
C04194,22,21-30,59562.68,760.0,67283.2,15.2,86420.65,5000.0,0,2,34682.97,48,Self-employed,2.5805,1.0073,0.5823,Low
C04195,46,46-65,33442.69,694.0,20484.49,10.6,17476.54,5000.0,0,1,12394.26,24,Salaried,1.1351,1.7941,0.3706,Low
C04196,43,31-45,135631.2,610.0,18421.44,15.2,103903.17,8347.34,0,1,92846.66,48,Business,0.9019,0.7385,0.6846,Low
C04197,45,31-45,63269.76,684.0,67916.01,5.9,49801.76,5000.0,0,1,4648.15,60,Self-employed,1.8606,0.9483,0.0735,Low
C04198,26,21-30,25148.85,800.0,42928.67,17.1,24836.44,5000.0,1,0,15112.43,36,Self-employed,2.6946,2.3858,0.6009,Low
C04199,63,46-65,96180.23,717.0,26305.44,20.9,40995.84,5000.0,0,1,53510.69,24,Salaried,0.6997,0.6238,0.5564,Low
C04200,31,31-45,114264.39,671.0,231002.1,3.2,137162.74,7006.29,1,0,26894.18,36,Salaried,3.222,0.7358,0.2354,High
C04201,51,46-65,18000.0,849.0,53759.01,3.4,20924.51,5000.0,0,3,2805.38,36,Salaried,4.1491,3.3333,0.1559,Low
C04202,54,46-65,41300.81,767.0,117318.32,13.3,28449.71,5000.0,0,2,2135.55,36,Salaried,3.5294,1.4528,0.0517,Low
C04203,36,31-45,61168.82,741.0,146405.75,9.3,84522.06,5000.0,0,2,1330.54,60,Salaried,3.7753,0.9809,0.0218,Medium
C04204,26,21-30,97355.41,704.0,241114.38,7.2,58669.92,5000.0,0,2,28711.74,36,Salaried,3.0793,0.6163,0.2949,Medium
C04205,34,31-45,48946.44,735.0,132819.82,14.6,87446.13,5000.0,0,1,0.0,48,Salaried,4.5001,1.2258,0.0,Medium
C04206,57,46-65,41128.83,737.0,73551.54,5.4,68628.64,5000.0,0,1,20003.83,48,Self-employed,3.4569,1.4588,0.4864,Medium
C04207,61,46-65,96963.09,516.0,141727.0,5.6,77968.48,5000.0,1,0,59751.33,36,Salaried,2.2658,0.6188,0.6162,High
C04208,63,46-65,50239.92,710.0,58671.67,3.6,35245.58,5000.0,0,0,34485.01,36,Salaried,1.8694,1.1943,0.6864,Low
C04209,31,31-45,87576.91,668.0,42064.22,15.8,130570.79,5699.88,0,2,58184.47,48,Salaried,1.9712,0.781,0.6644,Low
C04210,48,46-65,35270.74,643.0,96901.6,3.0,55128.0,5000.0,0,4,22347.46,24,Salaried,4.3104,1.7011,0.6336,High
C04211,27,21-30,30895.3,665.0,38964.29,14.7,35701.28,5000.0,0,0,12275.75,36,Salaried,2.4167,1.942,0.3973,Low
C04212,52,46-65,98473.29,563.0,44732.58,12.0,29304.04,5000.0,0,0,21341.35,36,Salaried,0.7518,0.6093,0.2167,Low
C04213,39,31-45,74684.55,545.0,67592.7,15.0,55376.76,5000.0,0,0,56361.42,36,Salaried,1.6465,0.8034,0.7547,Low
C04214,53,46-65,107957.53,773.0,303584.36,3.8,123068.56,5232.89,1,1,44950.97,60,Salaried,3.952,0.5817,0.4164,Low
C04215,51,46-65,48495.02,715.0,51095.99,7.9,33946.23,5000.0,1,4,17500.16,24,Business,1.7536,1.2372,0.3609,Low
C04216,65,46-65,41975.22,499.0,60428.9,4.8,,5000.0,1,1,17127.01,36,Salaried,2.5882,1.4294,0.408,High
C04217,42,31-45,137384.38,637.0,103808.69,19.8,10886.04,5140.83,1,0,76293.94,36,Salaried,0.8348,0.449,0.5553,Low
C04218,36,31-45,28127.84,746.0,23920.1,8.8,18243.18,5000.0,0,1,7582.12,36,Salaried,1.499,2.1331,0.2696,Low
C04219,44,31-45,129371.83,659.0,356583.71,5.8,73737.88,6964.08,0,1,36971.54,60,Salaried,3.3262,0.646,0.2858,High
C04220,28,21-30,134379.09,,62206.13,4.6,128318.08,5046.28,0,0,87194.84,36,Self-employed,1.4178,0.4506,0.6489,Low
C04221,26,21-30,104317.23,759.0,93943.14,9.5,165910.56,5000.0,0,0,25829.99,36,Salaried,2.491,0.5752,0.2476,Low
C04222,44,31-45,44526.88,578.0,159842.93,5.8,15744.15,5000.0,0,2,36219.03,48,Self-employed,3.9434,1.3475,0.8134,High
C04223,58,46-65,41483.64,669.0,59456.87,6.3,20701.28,5000.0,0,1,28445.76,36,Salaried,1.9323,1.4464,0.6857,Low
C04224,44,31-45,57908.06,646.0,128780.88,7.6,35603.73,5000.0,0,1,5527.96,24,Salaried,2.8387,1.0361,0.0955,Low
C04225,56,46-65,,576.0,72498.09,26.9,48077.32,5000.0,0,0,5008.55,36,Salaried,3.7816,1.8818,0.1571,High
C04226,29,21-30,38300.22,571.0,30608.61,8.6,51024.04,5000.0,0,1,8456.66,60,Business,2.1314,1.5666,0.2208,Medium
C04227,41,31-45,92665.03,620.0,116507.61,5.7,81819.71,5000.0,0,1,62436.74,36,Salaried,2.1403,0.6475,0.6738,Low
C04228,48,46-65,92900.52,632.0,148946.56,8.6,89325.18,5000.0,1,1,45758.31,36,Self-employed,2.5648,0.6459,0.4926,High
C04229,36,31-45,36493.02,701.0,20770.4,5.0,44524.43,5000.0,0,1,3416.66,60,Salaried,1.7892,1.6441,0.0936,High
C04230,21,21-30,94278.61,758.0,95547.02,19.6,103866.41,5000.0,0,0,35245.51,36,Salaried,2.1152,0.6364,0.3738,Low
C04231,24,21-30,83450.54,719.0,168134.19,13.1,88786.29,5000.0,0,1,16044.3,48,Business,3.0787,0.719,0.1923,Medium
C04232,62,46-65,149130.94,736.0,76384.25,3.2,189679.32,6156.95,0,1,102437.64,36,Salaried,1.7841,0.4954,0.6869,Low
C04233,48,46-65,88891.13,660.0,69835.19,13.0,127265.69,5000.0,0,1,24317.99,24,Self-employed,2.2173,0.675,0.2736,Low
C04234,32,31-45,116350.46,725.0,264527.13,9.7,156971.1,5055.16,0,3,15744.93,36,Salaried,3.6227,0.5214,0.1353,Medium
C04235,32,31-45,84502.4,669.0,123688.16,11.6,54638.43,5000.0,1,0,29867.05,36,Salaried,2.1103,0.71,0.3534,Medium
C04236,22,21-30,111424.62,647.0,238086.22,16.1,186891.07,5000.0,0,2,3933.92,48,Salaried,3.814,0.5385,0.0353,Medium
C04237,63,46-65,32023.59,822.0,5000.0,4.0,43699.93,5000.0,2,3,20206.62,24,Self-employed,1.5208,1.8736,0.631,Low
C04238,25,21-30,60790.15,505.0,175223.04,7.8,85035.54,5000.0,0,2,24409.75,36,Salaried,4.2813,0.987,0.4015,High
C04239,55,46-65,63621.2,540.0,189997.76,11.2,55065.53,5000.0,0,0,27847.72,36,Salaried,3.8519,0.9431,0.4377,High
C04240,31,31-45,56844.8,709.0,119085.45,15.0,26644.96,5000.0,0,0,17581.19,48,Self-employed,2.5637,1.0555,0.3093,Low
C04241,36,31-45,82973.8,660.0,249165.0,12.4,97622.53,5000.0,0,2,34205.57,60,Salaried,4.1795,0.7231,0.4122,Medium
C04242,33,31-45,92138.79,572.0,125190.55,7.7,116061.12,5970.97,0,2,20888.8,24,Salaried,2.6184,0.7776,0.2267,Medium
C04243,58,46-65,80650.8,601.0,14823.37,15.7,44851.28,5000.0,0,1,52647.91,60,Salaried,0.7399,0.7439,0.6528,High
C04244,22,21-30,58972.32,611.0,77301.52,7.2,78162.27,5000.0,0,1,20114.99,48,Salaried,2.6362,1.0174,0.3411,Medium
C04245,36,31-45,43368.6,,94524.57,6.4,49936.38,5000.0,0,2,27504.46,48,Salaried,3.331,1.3835,0.6342,Medium
C04246,33,31-45,118847.32,771.0,365007.12,1.6,155882.88,5000.0,0,2,3880.12,24,Salaried,4.3829,0.5048,0.0326,Low
C04247,33,31-45,78786.39,803.0,110704.91,3.5,24089.11,5000.0,0,2,23705.59,48,Self-employed,1.7109,0.7616,0.3009,Low
C04248,29,21-30,37119.77,561.0,30568.71,7.3,41468.07,5000.0,1,3,6523.08,36,Salaried,1.9407,1.6164,0.1757,High
C04249,62,46-65,58431.73,577.0,179338.67,3.7,44912.72,5000.0,1,1,10475.2,60,Salaried,3.8378,1.0268,0.1793,High
C04250,38,31-45,24917.55,572.0,32475.16,2.2,21752.24,5000.0,0,1,2458.54,36,Self-employed,2.1763,2.4079,0.0987,High
C04251,39,31-45,66276.88,777.0,141670.69,4.2,71181.39,5000.0,0,1,31855.25,24,Self-employed,3.2116,0.9053,0.4806,Low
C04252,38,31-45,58281.13,711.0,71875.04,20.9,8603.14,5000.0,0,3,44695.82,48,Business,1.3809,1.0295,0.7669,Low
C04253,65,46-65,47390.91,686.0,149363.68,3.1,0.0,5000.0,0,1,14550.84,48,Salaried,3.1517,1.2661,0.307,Medium
C04254,36,31-45,155386.78,697.0,130280.8,3.3,97724.43,10090.89,0,1,51229.63,36,Salaried,1.4673,0.7793,0.3297,Low
C04255,36,31-45,34415.34,676.0,92611.33,14.5,0.0,5000.0,0,0,8399.8,48,Self-employed,2.691,1.7434,0.2441,Low
C04256,35,31-45,95861.4,596.0,197858.28,11.0,27573.27,5000.0,1,1,3971.48,36,Salaried,2.3516,0.6259,0.0414,High
C04257,35,31-45,216388.79,718.0,500000.0,7.9,325015.27,11416.49,0,3,35201.67,48,Self-employed,3.8127,0.6331,0.1627,Low
C04258,25,21-30,,666.0,406816.25,13.8,25267.2,7333.9,0,0,18724.78,36,Salaried,3.6757,0.7487,0.1593,Medium
C04259,48,46-65,63882.21,590.0,189470.33,8.8,90918.47,5000.0,0,0,19727.28,24,Self-employed,4.3892,0.9392,0.3088,High
C04260,22,21-30,34835.94,723.0,11400.27,0.2,52723.43,5000.0,0,2,14879.61,24,Salaried,1.8407,1.7224,0.4271,Low
C04261,31,31-45,30730.42,648.0,59149.58,5.3,13170.04,5000.0,0,3,19066.12,48,Salaried,2.3534,1.9525,0.6204,Medium
C04262,30,21-30,51833.35,697.0,136444.59,29.9,36788.96,5000.0,0,1,33934.28,60,Self-employed,3.3421,1.1576,0.6547,Medium
C04263,34,31-45,44546.65,671.0,94500.1,8.8,0.0,5000.0,0,0,7584.92,36,Salaried,2.1214,1.3469,0.1703,Low
C04264,55,46-65,43756.34,747.0,158564.1,16.8,11728.2,5000.0,0,1,1941.49,36,Salaried,3.8918,1.3712,0.0444,Medium
C04265,47,46-65,54321.22,697.0,159723.59,17.6,19972.98,5000.0,0,0,30254.25,12,Salaried,3.308,1.1045,0.557,Low
C04266,65,46-65,61445.55,614.0,79750.89,12.3,63583.54,5000.0,0,0,9740.02,60,Self-employed,2.3327,0.9765,0.1585,Low
C04267,36,31-45,84881.3,704.0,59960.54,8.1,48125.56,5000.0,1,2,24949.32,60,Self-employed,1.2734,0.7069,0.2939,Low
C04268,62,46-65,32904.17,707.0,29549.41,4.5,32552.74,5000.0,0,0,7343.03,36,Salaried,1.8874,1.8235,0.2232,Low
C04269,23,21-30,44663.35,718.0,108184.73,3.1,11759.8,5000.0,1,0,30040.22,48,Self-employed,2.6855,1.3434,0.6726,Medium
C04270,43,31-45,59535.19,758.0,104203.99,17.2,93931.94,5000.0,0,1,41948.23,48,Self-employed,3.328,1.0078,0.7046,Low
C04271,56,46-65,58373.99,634.0,36475.41,10.6,22704.47,5000.0,0,0,39087.11,24,,1.0138,1.0279,0.6696,Low
C04272,44,31-45,178469.96,730.0,480867.85,10.7,69324.34,5229.25,1,1,91858.55,36,Business,3.0828,0.3516,0.5147,Low
C04273,62,46-65,73856.42,551.0,23226.6,12.2,41049.32,5000.0,0,2,36864.15,36,Salaried,0.8703,0.8124,0.4991,Low
C04274,35,31-45,26760.12,671.0,41363.81,6.5,48289.69,5000.0,1,2,9312.13,48,Salaried,3.3503,2.2421,0.348,High
C04275,22,21-30,81808.98,659.0,146546.45,15.3,91452.93,5093.93,0,3,23100.23,24,Salaried,2.9092,0.7472,0.2824,Medium
C04276,55,46-65,87750.92,789.0,147847.26,9.2,1339.39,5000.0,0,3,14211.16,48,Self-employed,1.7001,0.6838,0.1619,Low
C04277,24,21-30,60677.13,668.0,18160.85,7.0,12076.63,5000.0,0,0,28061.06,36,Business,0.4983,0.9888,0.4625,Low
C04278,55,46-65,33348.71,726.0,95977.94,10.8,52710.24,5000.0,0,1,244.27,48,Self-employed,4.4586,1.7992,0.0073,Medium
C04279,54,46-65,170940.81,548.0,500000.0,15.6,271502.66,7828.24,0,1,104169.69,48,Business,4.5133,0.5495,0.6094,High
C04280,58,46-65,36087.67,654.0,76663.75,6.8,0.0,5000.0,1,0,25150.68,48,Business,2.1244,1.6626,0.6969,Low
C04281,42,31-45,93486.03,617.0,290928.68,29.8,43568.13,5000.0,0,0,39797.07,12,Salaried,3.578,0.6418,0.4257,Medium
C04282,61,46-65,72560.09,850.0,82414.99,3.0,4260.79,5000.0,0,0,30368.97,48,Salaried,1.1945,0.8269,0.4185,Low
C04283,28,21-30,90453.24,630.0,57056.61,11.7,38252.72,5000.0,0,1,43515.88,36,Salaried,1.0537,0.6633,0.4811,Low
C04284,40,31-45,166194.56,685.0,66398.55,4.9,54019.36,7873.49,0,1,62695.27,24,Salaried,0.7246,0.5685,0.3772,Low
C04285,26,21-30,88525.32,689.0,224614.97,9.3,56796.26,5000.0,0,0,39022.29,36,Salaried,3.1789,0.6778,0.4408,Low
C04286,55,46-65,47804.6,561.0,32789.04,13.4,9355.08,5000.0,0,1,32785.55,60,,0.8816,1.2551,0.6858,Low
C04287,53,46-65,119424.34,641.0,387330.83,35.0,170262.34,7751.21,1,2,496.38,60,Self-employed,4.669,0.7789,0.0042,High
C04288,57,46-65,45937.54,710.0,98206.13,2.1,37314.86,5000.0,0,0,29685.2,36,Business,2.9501,1.3061,0.6462,Low
C04289,55,46-65,71118.26,686.0,208020.73,3.9,44198.09,5000.0,0,2,10445.83,36,Salaried,3.5465,0.8437,0.1469,Medium
C04290,34,31-45,31918.68,507.0,48511.76,12.1,65505.81,5000.0,0,0,3750.17,12,Salaried,3.5721,1.8798,0.1175,High
C04291,24,21-30,36821.53,637.0,92839.78,15.8,25397.17,5000.0,0,2,4823.87,60,Salaried,3.2111,1.6295,0.131,High
C04292,62,46-65,66863.28,757.0,115479.17,6.2,5174.24,5000.0,0,1,39567.02,60,Salaried,1.8045,0.8974,0.5918,Low
C04293,43,31-45,79585.74,724.0,162320.68,3.7,71083.35,5000.0,0,1,46098.73,24,Salaried,2.9327,0.7539,0.5792,Low
C04294,25,21-30,25484.55,771.0,58490.96,12.3,22056.77,5000.0,0,1,4901.23,36,Salaried,3.1606,2.3544,0.1923,Medium
C04295,62,46-65,85446.92,606.0,80698.73,5.5,75599.84,5000.0,0,2,10842.86,12,Self-employed,1.8292,0.7022,0.1269,Low
C04296,65,46-65,41417.41,776.0,123699.2,19.0,46004.81,5000.0,0,1,3217.74,48,Salaried,4.0974,1.4487,0.0777,Low
C04297,41,31-45,131396.0,677.0,335144.57,11.4,77424.64,5995.87,0,2,58200.84,36,Salaried,3.1399,0.5476,0.4429,Low
C04298,55,46-65,53560.23,799.0,156322.99,12.1,39997.71,5000.0,0,0,33480.73,60,Salaried,3.6654,1.1202,0.6251,Low
C04299,22,21-30,35036.66,680.0,36799.04,17.5,59040.62,5000.0,0,0,15661.85,24,Salaried,2.7354,1.7125,0.447,Medium
C04300,25,21-30,67767.3,526.0,52268.3,25.7,64561.62,5000.0,0,1,37157.74,12,Self-employed,1.724,0.8854,0.5483,Low
C04301,33,31-45,39269.89,744.0,17671.0,4.3,11436.35,5000.0,0,0,2475.98,60,Salaried,0.7412,1.5279,0.0631,Low
C04302,50,46-65,130621.93,647.0,301052.45,7.2,209071.16,7371.72,0,2,73870.3,60,Business,3.9053,0.6772,0.5655,High
C04303,27,21-30,65018.96,652.0,42228.56,19.0,49021.64,5000.0,0,3,36803.51,60,Salaried,1.4034,0.9228,0.566,Low
C04304,22,21-30,59797.58,571.0,210555.84,9.0,10844.44,5000.0,0,3,28549.0,36,Salaried,3.7025,1.0034,0.4774,High
C04305,51,46-65,90006.13,802.0,306505.05,6.0,64862.34,5000.0,0,1,12724.13,60,Business,4.126,0.6666,0.1414,Low
C04306,55,46-65,37399.83,641.0,5000.0,8.4,45730.55,5000.0,0,1,1730.13,24,Salaried,1.3564,1.6043,0.0463,Low
C04307,54,46-65,31987.74,798.0,80162.96,24.5,58380.16,5000.0,0,2,10387.65,36,Business,4.3311,1.8757,0.3247,Low
C04308,56,46-65,81367.88,648.0,76043.1,8.6,113083.99,5000.0,0,1,49280.81,36,Business,2.3243,0.7374,0.6057,Medium
C04309,57,46-65,35501.27,610.0,56164.36,13.0,53174.83,5000.0,0,0,8121.19,48,Salaried,3.0799,1.6901,0.2288,High
C04310,48,46-65,35494.64,779.0,14642.11,7.0,42012.29,5000.0,0,1,687.67,48,Salaried,1.5961,1.6904,0.0194,Low
C04311,44,31-45,102987.03,674.0,303560.77,2.6,63429.73,5000.0,1,0,6031.21,36,Salaried,3.5635,0.5826,0.0586,High
C04312,59,46-65,86762.33,675.0,257605.16,15.5,51349.29,5573.12,0,3,10017.89,36,Salaried,3.5609,0.7708,0.1155,Medium
C04313,36,31-45,32615.28,584.0,13629.0,7.0,27623.85,5000.0,0,0,20763.7,60,Self-employed,1.2648,1.8396,0.6366,Low
C04314,25,21-30,46240.8,646.0,44777.77,16.7,66639.26,5000.0,0,1,12822.25,24,Self-employed,2.4095,1.2976,0.2773,Medium
C04315,54,46-65,39540.87,712.0,47198.65,12.7,,5000.0,1,1,13080.92,60,Self-employed,1.4576,1.5174,0.3308,Low
C04316,33,31-45,172666.65,583.0,337161.54,10.8,152497.83,6148.07,0,0,47920.09,60,Salaried,2.8359,0.4273,0.2775,High
C04317,65,46-65,106985.47,640.0,22296.7,19.9,82097.37,5378.26,0,1,30038.51,24,Business,0.9758,0.6033,0.2808,Low
C04318,39,31-45,51569.1,648.0,150813.92,7.0,,5000.0,0,2,0.0,48,Self-employed,4.1704,1.1635,0.0,High
C04319,59,46-65,89236.87,685.0,299504.69,15.3,85040.09,5035.73,1,1,15074.78,24,Salaried,4.3093,0.6772,0.1689,Medium
C04320,22,21-30,30829.9,791.0,59999.77,8.7,8566.86,5000.0,1,0,5295.98,36,Business,2.224,1.9462,0.1718,Medium
C04321,50,46-65,44899.73,658.0,119573.49,6.7,56533.41,5000.0,0,0,6236.98,36,Salaried,3.9222,1.3363,0.1389,Medium
C04322,41,31-45,68859.08,628.0,161188.76,11.9,72665.55,5000.0,0,0,4936.19,36,Salaried,3.3961,0.8713,0.0717,Medium
C04323,41,31-45,83355.47,850.0,188578.82,6.1,87691.73,5785.55,1,0,53215.88,36,Salaried,3.3144,0.8329,0.6384,Low
C04324,32,31-45,61607.57,648.0,189793.5,7.2,0.0,5000.0,1,1,18169.47,36,Salaried,3.0807,0.9739,0.2949,High
C04325,64,46-65,74499.67,666.0,142038.23,9.8,78298.1,5000.0,1,0,8663.07,36,Salaried,2.9575,0.8054,0.1163,Medium
C04326,38,31-45,67861.73,653.0,160311.1,19.2,83502.51,5000.0,0,0,34062.91,48,Salaried,3.5928,0.8842,0.5019,Medium
C04327,59,46-65,59407.45,659.0,58486.81,20.5,11240.6,5000.0,0,3,36415.86,24,Salaried,1.1737,1.01,0.613,Low
C04328,40,31-45,55230.05,686.0,143777.23,3.8,68002.5,5000.0,0,1,0.0,36,Salaried,3.8345,1.0864,0.0,Medium
C04329,23,21-30,51415.6,749.0,31650.93,6.4,80613.24,5000.0,0,2,21854.33,48,Salaried,2.1835,1.167,0.4251,Low
C04330,60,46-65,73843.86,710.0,51478.01,13.7,30164.66,5000.0,0,0,31489.02,12,Business,1.1056,0.8125,0.4264,Low
C04331,29,21-30,81478.23,761.0,142317.12,5.8,33820.67,5000.0,1,1,20121.65,36,Salaried,2.1618,0.7364,0.247,Low
C04332,33,31-45,72492.62,758.0,84503.5,6.3,44820.83,5000.0,0,1,35345.35,24,Salaried,1.784,0.8277,0.4876,Low
C04333,59,46-65,33993.15,696.0,27173.16,8.4,9811.08,5000.0,1,2,18451.87,24,Salaried,1.088,1.7651,0.5428,High
C04334,61,46-65,37523.86,708.0,15068.33,13.3,69352.68,5000.0,0,1,18017.25,24,Self-employed,2.2498,1.599,0.4802,Low
C04335,62,46-65,80945.19,763.0,249976.73,10.6,91267.4,5000.0,0,1,16871.88,60,Salaried,4.2157,0.7412,0.2084,Low
C04336,40,31-45,146029.34,597.0,303166.31,20.6,140902.47,5079.3,1,2,73679.25,36,Salaried,3.041,0.4174,0.5046,Medium
C04337,55,46-65,70683.76,850.0,82113.51,9.7,114237.95,5000.0,2,1,13014.66,60,Self-employed,2.7779,0.8489,0.1841,Low
C04338,35,31-45,51830.03,642.0,163284.45,10.7,32653.36,5000.0,0,0,27276.58,60,Salaried,3.7804,1.1576,0.5263,Medium
C04339,54,46-65,73535.96,654.0,208267.42,8.7,95197.05,5000.0,1,1,38757.11,36,Self-employed,4.1267,0.8159,0.527,High
C04340,43,31-45,34783.23,589.0,13817.45,11.5,40809.22,5000.0,0,0,1438.95,60,Salaried,1.5705,1.725,0.0414,Low
C04341,23,21-30,133527.31,591.0,264007.73,6.7,26748.09,5221.85,0,1,60158.72,48,Salaried,2.1775,0.4693,0.4505,Low
C04342,39,31-45,72025.06,753.0,96034.01,11.9,7461.68,5000.0,0,2,5249.15,36,Salaried,1.4369,0.833,0.0729,Low
C04343,42,31-45,44978.55,850.0,90943.98,5.7,75508.06,5000.0,0,0,20149.48,60,Salaried,3.7007,1.334,0.448,Low
C04344,32,31-45,59302.4,637.0,145404.3,18.2,21903.71,5000.0,0,1,11164.59,36,Business,2.8213,1.0118,0.1883,Medium
C04345,37,31-45,48643.46,706.0,5000.0,9.1,62730.65,5000.0,1,1,5207.47,24,Business,1.3924,1.2335,0.1071,Low
C04346,43,31-45,133727.72,697.0,275237.5,23.0,0.0,9367.06,0,1,86962.59,60,Salaried,2.0582,0.8405,0.6503,Low
C04347,23,21-30,58157.52,755.0,85354.84,18.0,76593.96,5000.0,1,0,18801.65,36,Salaried,2.7847,1.0317,0.3233,Low
C04348,27,21-30,70798.54,846.0,151704.9,10.9,28205.16,5000.0,0,1,33534.61,48,Salaried,2.5412,0.8475,0.4737,Low
C04349,55,46-65,89115.82,794.0,39127.71,14.1,105915.7,5000.0,1,3,10210.03,12,Self-employed,1.6276,0.6733,0.1146,Low
C04350,36,31-45,43248.63,662.0,119929.23,12.1,20582.32,5000.0,0,2,24137.1,24,Salaried,3.2489,1.3873,0.5581,Medium
C04351,48,46-65,72307.47,720.0,146545.6,3.9,24370.59,5000.0,1,1,41992.45,36,Salaried,2.3637,0.8298,0.5807,Low
C04352,46,46-65,75590.21,727.0,55847.01,10.6,106947.24,5000.0,0,0,6560.62,48,Salaried,2.1536,0.7938,0.0868,Low
C04353,45,31-45,27650.5,678.0,65548.85,10.2,19298.98,5000.0,1,3,928.53,36,Salaried,3.0686,2.1699,0.0336,High
C04354,39,31-45,74691.8,598.0,35243.18,8.6,102250.37,5000.0,0,0,12883.72,48,Salaried,1.8408,0.8033,0.1725,Low
C04355,42,31-45,63384.42,620.0,134835.08,12.7,20402.11,5000.0,0,2,9785.01,36,Salaried,2.4491,0.9466,0.1544,Low
C04356,58,46-65,69816.39,766.0,116628.23,10.8,49329.92,5000.0,0,1,50474.87,36,Salaried,2.3771,0.8594,0.723,Low
C04357,64,46-65,66286.32,774.0,28273.16,11.3,106822.08,5000.0,0,3,17965.7,60,Salaried,2.0381,0.9052,0.271,Low
C04358,32,31-45,74958.21,664.0,68208.29,22.3,56152.33,5000.0,0,0,19145.05,12,Salaried,1.6591,0.8004,0.2554,Low
C04359,51,46-65,135629.38,700.0,35600.27,9.8,173533.41,6334.48,0,2,48064.64,48,Salaried,1.5419,0.5605,0.3544,Low
C04360,64,46-65,33976.13,770.0,77108.6,15.5,18601.24,5000.0,0,2,20173.53,48,Salaried,2.817,1.7659,0.5938,Low
C04361,21,21-30,53850.06,552.0,130232.03,9.0,45689.32,5000.0,1,1,32147.09,36,Self-employed,3.2669,1.1142,0.597,High
C04362,56,46-65,93787.12,647.0,44323.91,22.5,113552.62,5000.0,2,1,25462.36,12,Salaried,1.6833,0.6397,0.2715,Medium
C04363,43,31-45,84681.44,831.0,45399.8,13.7,30573.87,5000.0,0,1,8383.18,36,Salaried,0.8972,0.7085,0.099,Low
C04364,64,46-65,83685.05,702.0,271613.1,10.9,50188.81,5000.0,0,4,45905.16,48,Salaried,3.8454,0.717,0.5485,Low
C04365,47,46-65,295554.94,595.0,240823.78,6.2,6154.95,14576.17,0,0,125797.02,60,Salaried,0.8356,0.5918,0.4256,Low
C04366,58,46-65,91118.59,689.0,101702.97,22.8,158799.5,5000.0,0,2,33588.41,24,Business,2.8589,0.6585,0.3686,Medium
C04367,28,21-30,121074.14,757.0,308154.5,17.3,198071.34,5000.0,0,2,40974.6,12,Self-employed,4.1811,0.4956,0.3384,Low
C04368,27,21-30,54899.14,489.0,29189.61,5.8,21899.2,5000.0,0,1,10300.79,36,Salaried,0.9306,1.0929,0.1876,Low
C04369,62,46-65,37648.21,693.0,123032.53,3.0,55383.39,5000.0,1,1,17504.11,60,Salaried,4.739,1.5937,0.4649,High
C04370,44,31-45,54680.8,652.0,15337.22,7.9,30647.59,5000.0,0,0,0.0,24,Salaried,0.841,1.0973,0.0,Low
C04371,46,46-65,96155.37,557.0,283196.3,4.9,170133.61,6651.33,2,2,41968.45,12,Salaried,4.7146,0.8301,0.4365,High
C04372,28,21-30,81299.72,686.0,98867.57,8.5,56262.96,5000.0,0,0,35089.38,48,Salaried,1.9081,0.738,0.4316,Low
C04373,31,31-45,81139.96,670.0,74927.03,14.9,23216.76,5000.0,0,1,44656.99,48,Business,1.2096,0.7395,0.5504,Low
C04374,57,46-65,57771.63,678.0,76304.58,17.2,73246.46,5000.0,1,0,31347.92,36,Business,2.5887,1.0386,0.5426,Medium
C04375,34,31-45,52920.77,654.0,183357.84,2.8,95446.92,5000.0,0,2,13146.75,60,Business,5.2683,1.1338,0.2484,High
C04376,47,46-65,58877.9,603.0,98014.3,3.7,44588.36,5000.0,0,2,31692.67,36,Self-employed,2.422,1.0191,0.5383,Low
C04377,35,31-45,96819.53,571.0,41114.7,4.8,85911.43,6679.76,0,1,29285.25,36,Self-employed,1.312,0.8279,0.3025,Low
C04378,32,31-45,103212.23,628.0,328971.69,10.5,131264.86,5463.45,0,2,36650.75,60,Salaried,4.4591,0.6352,0.3551,Medium
C04379,28,21-30,37373.22,744.0,40359.52,17.9,0.0,5000.0,0,0,3712.43,36,Salaried,1.0799,1.6054,0.0993,Low
C04380,62,46-65,98857.13,697.0,50913.64,9.0,146555.18,5000.0,1,2,44576.34,48,Salaried,1.9975,0.6069,0.4509,Low
C04381,63,46-65,45444.45,675.0,19388.65,2.7,54795.76,5000.0,1,0,21814.85,36,Self-employed,1.6324,1.3203,0.48,Medium
C04382,26,21-30,84124.19,602.0,246641.87,11.3,63555.45,5000.0,0,2,34082.06,36,Self-employed,3.6874,0.7132,0.4051,High
C04383,36,31-45,58487.09,652.0,36880.24,7.0,0.0,5000.0,0,0,33485.58,24,Salaried,0.6306,1.0259,0.5725,Low
C04384,46,46-65,153787.38,735.0,114802.45,7.1,24180.69,7500.92,0,0,11739.27,48,Salaried,0.9037,0.5853,0.0763,Low
C04385,38,31-45,51647.73,718.0,175190.25,10.4,87311.71,5000.0,0,0,15502.54,36,Self-employed,5.0825,1.1617,0.3002,Medium
C04386,53,46-65,71709.54,644.0,158579.37,13.0,105796.27,5000.0,0,1,19903.27,36,Self-employed,3.6868,0.8367,0.2776,Medium
C04387,32,31-45,90741.38,484.0,110191.01,16.7,55147.56,5000.0,1,0,47727.58,36,Salaried,1.8221,0.6612,0.526,Medium
C04388,23,21-30,40193.69,629.0,75811.53,18.2,93095.97,5000.0,0,0,3910.86,60,Salaried,4.2023,1.4928,0.0973,High
C04389,36,31-45,62446.86,644.0,75502.07,15.4,86845.09,5000.0,1,1,41803.92,36,Self-employed,2.5998,0.9608,0.6694,Low
C04390,47,46-65,56135.34,612.0,97141.96,14.4,55400.87,5000.0,0,1,43704.06,60,Salaried,2.7174,1.0688,0.7785,Medium
C04391,29,21-30,48998.51,649.0,54817.59,3.5,48596.4,5000.0,0,0,28462.94,48,Self-employed,2.1106,1.2245,0.5809,Low
C04392,57,46-65,51036.43,741.0,117733.29,13.7,63529.8,5000.0,0,1,11923.06,36,Salaried,3.5516,1.1756,0.2336,Medium
C04393,21,21-30,119820.56,677.0,326823.56,8.6,16334.49,5058.99,0,3,88262.53,36,Salaried,2.8639,0.5067,0.7366,Low
C04394,24,21-30,46767.31,,44249.23,18.1,14600.75,5000.0,0,1,14169.94,48,Salaried,1.2584,1.2829,0.303,Low
C04395,43,31-45,88757.83,567.0,51293.49,6.7,96323.49,5613.51,0,0,33893.74,48,Salaried,1.6631,0.7589,0.3819,Low
C04396,44,31-45,77278.4,657.0,81966.33,8.1,13047.25,5000.0,0,3,20236.66,24,Salaried,1.2295,0.7764,0.2619,Low
C04397,34,31-45,30145.88,535.0,74329.88,6.1,8704.35,5000.0,1,2,15171.2,24,Salaried,2.7544,1.9903,0.5033,High
C04398,32,31-45,86481.5,648.0,234673.6,6.9,16390.69,5568.26,0,1,18015.29,36,Salaried,2.9031,0.7726,0.2083,Medium
C04399,24,21-30,29873.0,602.0,86069.21,20.3,23416.57,5000.0,1,1,9331.56,48,Salaried,3.665,2.0085,0.3124,High
C04400,50,46-65,91820.7,776.0,305672.99,6.3,77082.24,5000.0,1,1,50662.91,60,Business,4.1685,0.6534,0.5518,Low
C04401,38,31-45,49177.29,711.0,137744.06,9.9,101691.84,5000.0,0,3,15100.65,36,Business,4.8688,1.2201,0.3071,Medium
C04402,26,21-30,65299.82,,234713.45,6.7,67180.22,5000.0,0,1,27669.81,24,Salaried,4.6232,0.9188,0.4237,Medium
C04403,38,31-45,31897.68,648.0,92403.87,9.9,12639.19,5000.0,0,3,19172.77,36,Salaried,3.2931,1.881,0.6011,Medium
C04404,63,46-65,69525.78,604.0,54637.66,11.3,,5000.0,0,4,31626.18,48,Salaried,2.2647,0.863,0.4549,Medium
C04405,32,31-45,108224.74,601.0,246929.6,13.6,149937.35,5000.0,0,1,37498.23,36,Salaried,3.6671,0.5544,0.3465,Medium
C04406,61,46-65,41702.3,700.0,37771.37,9.3,10975.6,5000.0,0,0,21880.56,24,Salaried,1.1689,1.4388,0.5247,Low
C04407,32,31-45,46546.2,816.0,5000.0,21.4,22967.73,5000.0,0,1,11026.08,36,Salaried,0.6009,1.289,0.2369,Low
C04408,29,21-30,83465.12,711.0,88860.86,3.0,129660.66,5837.29,0,2,19940.65,36,Self-employed,2.6181,0.8392,0.2389,Low
C04409,32,31-45,84620.57,652.0,85253.97,6.1,123180.22,5389.27,0,2,5625.81,60,Salaried,2.4632,0.7643,0.0665,Low
C04410,35,31-45,18000.0,666.0,48681.61,5.9,27513.88,5000.0,0,2,6908.33,60,Salaried,4.2331,3.3333,0.3838,Medium
C04411,26,21-30,196932.45,678.0,258302.27,5.0,277439.62,8844.71,0,1,28999.93,36,Salaried,2.7204,0.5389,0.1473,Medium
C04412,47,46-65,86929.0,832.0,15295.47,13.0,122482.4,5894.48,0,0,39261.04,60,Salaried,1.5849,0.8137,0.4516,Low
C04413,36,31-45,95363.18,773.0,332946.16,6.0,54013.47,5000.0,0,0,51978.73,24,Self-employed,4.0577,0.6292,0.5451,Low
C04414,53,46-65,60065.76,699.0,143541.34,0.8,83623.84,5000.0,1,2,8444.18,60,Salaried,3.7819,0.9989,0.1406,High
C04415,43,31-45,23428.26,688.0,12385.45,10.7,10627.32,5000.0,0,1,8418.14,60,,0.9823,2.561,0.3593,Low
C04416,40,31-45,94206.05,702.0,83662.6,21.8,66523.63,5000.0,0,1,42445.46,36,Business,1.5942,0.6369,0.4506,Low
C04417,42,31-45,47633.38,717.0,39884.11,1.2,0.0,5000.0,0,2,0.0,48,Salaried,0.8373,1.2596,0.0,Low
C04418,28,21-30,87667.36,649.0,269341.88,12.6,18620.97,5000.0,0,2,44726.41,48,Salaried,3.2847,0.6844,0.5102,Medium
C04419,53,46-65,57630.2,617.0,63000.09,16.2,6073.34,5000.0,0,1,35243.12,60,Business,1.1986,1.0411,0.6115,Low
C04420,25,21-30,74092.1,757.0,271949.12,6.5,119846.65,5000.0,0,1,27934.5,12,Salaried,5.288,0.8098,0.377,Medium
C04421,53,46-65,42442.03,682.0,50700.49,11.5,12470.68,5000.0,1,3,31960.06,36,Business,1.4884,1.4137,0.753,Medium
C04422,65,46-65,104564.19,751.0,307494.51,0.2,38090.83,5000.0,0,0,48384.33,24,Salaried,3.305,0.5738,0.4627,Low
C04423,55,46-65,33810.75,803.0,16935.79,10.1,56826.57,5000.0,0,2,10571.33,12,Salaried,2.1816,1.7746,0.3127,Low
C04424,41,31-45,223508.73,719.0,389808.47,13.4,279512.94,11566.5,0,3,53734.87,60,Salaried,2.9946,0.621,0.2404,Low
C04425,35,31-45,222573.86,707.0,311582.63,7.0,257953.19,6647.47,0,1,36514.76,24,Salaried,2.5589,0.3584,0.1641,Low
C04426,60,46-65,159552.34,850.0,193204.7,7.1,255543.26,5000.0,1,0,12200.84,36,Salaried,2.8125,0.3761,0.0765,Low
C04427,32,31-45,131092.18,696.0,468277.27,11.7,166387.52,5000.0,0,2,29053.91,36,Salaried,4.8414,0.4577,0.2216,Medium
C04428,42,31-45,62046.6,598.0,148292.26,9.3,80849.07,5000.0,0,4,6658.15,60,Salaried,3.6931,0.967,0.1073,High
C04429,55,46-65,123468.73,659.0,131325.12,17.5,110084.84,8044.24,0,0,31425.78,60,Self-employed,1.9552,0.7818,0.2545,Low
C04430,62,46-65,61651.05,796.0,175967.39,9.8,91934.51,5000.0,0,0,29860.72,36,Salaried,4.3455,0.9732,0.4844,Low
C04431,62,46-65,27659.04,583.0,11237.99,12.0,45487.85,5000.0,0,0,7654.7,60,Salaried,2.0509,2.1693,0.2768,Medium
C04432,24,21-30,148583.64,624.0,475963.3,7.2,91361.2,5000.0,0,3,89957.98,36,Salaried,3.8182,0.4038,0.6054,Medium
C04433,61,46-65,120933.49,763.0,189183.75,7.2,5230.27,5000.0,1,1,54682.9,60,Salaried,1.6076,0.4961,0.4522,Low
C04434,26,21-30,63889.23,660.0,41466.44,14.6,60978.11,5000.0,0,2,36332.09,60,Salaried,1.6035,0.9391,0.5687,Low
C04435,47,46-65,33133.2,672.0,36816.0,15.6,32675.62,5000.0,0,3,8541.89,36,Self-employed,2.0973,1.8109,0.2578,Medium
C04436,62,46-65,47086.06,761.0,22366.12,3.4,29076.89,5000.0,0,1,12747.16,24,Self-employed,1.0925,1.2743,0.2707,Low
C04437,50,46-65,23873.22,626.0,69557.06,8.2,37055.63,5000.0,1,3,18873.79,24,Salaried,4.4658,2.5133,0.7906,High
C04438,63,46-65,109309.33,570.0,133879.46,12.0,146877.11,5000.0,1,0,67462.45,36,Self-employed,2.5685,0.5489,0.6172,High
C04439,36,31-45,26911.87,576.0,23091.05,1.4,27253.34,5000.0,0,1,27533.15,48,Salaried,1.8707,2.2295,1.0231,Low
C04440,35,31-45,76107.3,724.0,215737.7,8.1,84011.58,5000.0,0,0,42978.49,60,Business,3.9385,0.7884,0.5647,Low
C04441,35,31-45,40868.35,699.0,18863.1,27.8,20740.43,5000.0,2,2,0.0,36,Salaried,0.9691,1.4681,0.0,Low
C04442,36,31-45,29657.06,628.0,25511.11,5.1,35358.35,5000.0,0,1,953.04,36,Self-employed,2.0524,2.0231,0.0321,High
C04443,51,46-65,74104.97,593.0,172561.87,5.0,18118.03,5000.0,0,0,38807.26,24,Salaried,2.5731,0.8097,0.5237,Medium
C04444,41,31-45,54098.02,660.0,30079.97,8.9,86681.26,5000.0,0,0,31011.4,36,Salaried,2.1583,1.1091,0.5732,Low
C04445,54,46-65,103068.24,764.0,301553.28,9.4,2723.54,5180.38,0,0,28106.57,24,Salaried,2.9522,0.6031,0.2727,Low
C04446,39,31-45,32369.1,617.0,67231.39,7.6,55104.9,5000.0,0,3,9421.42,24,Business,3.7794,1.8536,0.2911,High
C04447,34,31-45,42856.8,630.0,37546.79,15.8,0.0,5000.0,0,5,12427.97,48,Business,0.8761,1.4,0.29,Low
C04448,29,21-30,18000.0,591.0,33691.8,2.3,18038.67,5000.0,0,1,4010.49,36,Salaried,2.8739,3.3333,0.2228,High
C04449,45,31-45,19550.42,652.0,54884.81,4.8,31170.44,5000.0,0,1,9667.64,48,Salaried,4.4017,3.069,0.4945,High
C04450,61,46-65,174756.42,705.0,334676.45,8.2,255267.23,5520.95,1,3,18790.53,12,Salaried,3.3758,0.3791,0.1075,Medium
C04451,59,46-65,204458.76,839.0,434972.23,17.9,342455.76,11513.53,1,2,48677.79,24,Salaried,3.8024,0.6757,0.2381,Low
C04452,32,31-45,68400.95,696.0,187992.18,6.2,111886.29,5000.0,1,1,24276.9,24,Business,4.3841,0.8772,0.3549,High
C04453,42,31-45,41317.31,676.0,82448.08,4.5,45769.48,5000.0,0,0,26197.55,36,Salaried,3.1032,1.4522,0.6341,Low
C04454,52,46-65,55160.13,745.0,134315.14,1.7,48788.04,5000.0,0,3,40990.03,60,Salaried,3.3195,1.0877,0.7431,Medium
C04455,48,46-65,105093.78,732.0,59591.16,4.1,90091.9,5000.0,0,0,9663.55,36,Self-employed,1.4243,0.5709,0.092,Low
C04456,24,21-30,48983.0,637.0,161943.68,1.9,93626.89,5000.0,0,1,14179.31,24,Salaried,5.2175,1.2249,0.2895,High
C04457,47,46-65,74075.58,850.0,54468.37,5.9,114528.96,5000.0,0,1,364.01,24,Salaried,2.2814,0.81,0.0049,Low
C04458,22,21-30,64545.57,678.0,199606.09,12.8,53098.7,5000.0,0,1,8768.8,12,Salaried,3.9151,0.9296,0.1359,Medium
C04459,26,21-30,47538.52,698.0,87341.99,11.4,42298.63,5000.0,0,0,4643.74,36,Salaried,2.7271,1.2621,0.0977,Low
C04460,50,46-65,48666.03,721.0,12893.35,13.2,0.0,5000.0,0,0,3380.4,48,Business,0.2649,1.2329,0.0695,Low
C04461,25,21-30,76379.46,706.0,79287.19,3.6,61892.52,5000.0,0,3,38163.95,24,Business,1.8484,0.7856,0.4997,Low
C04462,36,31-45,37981.48,794.0,140804.34,2.7,31284.6,5000.0,0,0,21615.12,48,Self-employed,4.5309,1.5797,0.5691,Low
C04463,47,46-65,83332.48,636.0,243293.31,11.1,128818.87,5411.8,1,0,28566.95,36,Business,4.4654,0.7793,0.3428,High
C04464,50,46-65,50150.02,739.0,122744.11,15.0,58638.93,5000.0,0,0,2820.52,36,Salaried,3.6168,1.1964,0.0562,Low
C04465,41,31-45,69716.66,692.0,93818.64,8.9,37140.46,5000.0,0,0,20332.22,60,Business,1.8784,0.8606,0.2916,Low
C04466,25,21-30,139151.98,754.0,309987.7,11.6,15062.29,9711.23,0,0,16902.05,48,Salaried,2.3359,0.8375,0.1215,Low
C04467,56,46-65,59256.87,664.0,50066.06,8.5,7428.71,5000.0,0,1,11044.65,36,Self-employed,0.9703,1.0125,0.1864,Low
C04468,63,46-65,107800.22,654.0,256569.88,6.5,134082.74,6988.56,1,2,76137.11,36,Salaried,3.6239,0.7779,0.7063,High
C04469,60,46-65,24258.55,735.0,21498.1,7.2,15519.3,5000.0,0,3,9349.39,48,Salaried,1.526,2.4734,0.3854,Low
C04470,54,46-65,50183.57,707.0,134347.88,14.9,59325.85,5000.0,0,1,19472.23,36,Salaried,3.8593,1.1956,0.388,Low
C04471,39,31-45,65997.44,618.0,174670.99,8.4,19338.5,5000.0,1,0,32885.73,24,Salaried,2.9397,0.9091,0.4983,High
C04472,60,46-65,187207.78,781.0,281245.8,14.8,265209.66,5654.72,0,0,31664.23,36,Salaried,2.919,0.3625,0.1691,Low
C04473,42,31-45,22118.48,735.0,45390.17,9.8,0.0,5000.0,3,3,11907.3,36,Salaried,2.0521,2.7127,0.5383,High
C04474,27,21-30,61649.91,674.0,76019.38,5.8,71118.46,5000.0,0,2,51775.01,36,Self-employed,2.3867,0.9732,0.8398,Low
C04475,59,46-65,144830.8,645.0,98214.9,12.0,183140.61,5597.98,0,1,58932.46,36,Salaried,1.9426,0.4638,0.4069,Low
C04476,35,31-45,42208.69,707.0,44037.35,8.6,17468.59,5000.0,1,1,7940.56,48,Salaried,1.4572,1.4215,0.1881,Low
C04477,63,46-65,57819.49,730.0,81010.52,17.0,46501.06,5000.0,0,0,46913.99,60,Salaried,2.2053,1.0377,0.8114,Low
C04478,37,31-45,78010.52,560.0,67685.78,5.0,95012.35,5000.0,0,0,39472.67,12,Salaried,2.0856,0.7691,0.506,Low
C04479,60,46-65,71942.48,708.0,170979.69,1.9,22476.68,5000.0,0,1,44664.52,24,Salaried,2.689,0.834,0.6208,Low
C04480,45,31-45,153785.85,729.0,402375.38,12.8,162981.31,6601.37,0,2,56973.41,48,Salaried,3.6763,0.5151,0.3705,Low
C04481,42,31-45,83183.4,504.0,130443.79,19.2,90362.68,5000.0,1,1,6651.34,48,Salaried,2.6545,0.7213,0.08,High
C04482,34,31-45,134917.35,695.0,449472.27,15.0,181481.23,6539.1,2,3,12175.32,36,Salaried,4.6766,0.5816,0.0902,High
C04483,58,46-65,53323.8,732.0,168503.41,20.1,34431.25,5000.0,0,1,3803.43,36,Salaried,3.8057,1.1252,0.0713,Medium
C04484,23,21-30,43254.37,724.0,24374.68,22.8,44492.88,5000.0,1,0,9930.38,24,Business,1.5922,1.3871,0.2296,Low
C04485,42,31-45,57411.21,740.0,97193.55,7.9,83988.93,5000.0,0,0,25221.29,24,Salaried,3.1559,1.0451,0.4393,Low
C04486,37,31-45,34359.57,655.0,109096.68,4.3,31778.76,5000.0,0,2,16644.88,48,Self-employed,4.1,1.7462,0.4844,Medium
C04487,45,31-45,84801.96,602.0,66307.1,0.8,10077.42,5696.25,0,0,36985.87,48,Business,0.9007,0.8061,0.4361,Low
C04488,32,31-45,52570.46,545.0,77049.31,2.1,7744.93,5000.0,0,1,28603.48,36,Salaried,1.613,1.1413,0.5441,Low
C04489,50,46-65,44920.91,762.0,150938.16,12.5,32816.63,5000.0,1,0,1071.46,60,Salaried,4.0906,1.3357,0.0239,Medium
C04490,38,31-45,85511.37,733.0,239888.86,2.2,52540.93,5347.03,0,1,10959.8,36,Self-employed,3.4198,0.7504,0.1282,Low
C04491,29,21-30,34651.59,768.0,105053.14,10.5,31281.59,5000.0,1,1,23792.73,36,Self-employed,3.9344,1.7315,0.6866,High
C04492,29,21-30,99301.78,626.0,311403.35,13.0,89638.0,5000.0,0,3,52970.18,36,Salaried,4.0386,0.6042,0.5334,Medium
C04493,52,46-65,49963.95,740.0,49333.66,9.2,103663.65,5000.0,0,1,22829.45,36,Self-employed,3.0622,1.2009,0.4569,Low
C04494,32,31-45,122963.84,567.0,312217.69,7.1,195605.28,5000.0,0,1,18156.86,60,Business,4.1299,0.4879,0.1477,High
C04495,34,31-45,52372.5,615.0,153511.75,4.8,4287.3,5000.0,0,0,1178.89,36,Salaried,3.013,1.1456,0.0225,High
C04496,49,46-65,92013.71,689.0,66188.33,21.0,65819.55,5000.0,0,2,0.0,36,Business,1.4347,0.6521,0.0,Low
C04497,35,31-45,71747.04,730.0,31718.68,1.0,93382.21,5000.0,0,1,15792.32,24,Salaried,1.7436,0.8363,0.2201,Low
C04498,38,31-45,97859.55,806.0,70170.68,4.7,22303.14,6410.75,0,0,71339.37,24,Self-employed,0.945,0.7861,0.729,Low
C04499,32,31-45,69051.88,662.0,182654.01,7.2,12401.35,5000.0,0,0,28101.83,36,Self-employed,2.8248,0.8689,0.407,Medium
C04500,36,31-45,26037.0,615.0,51735.31,6.6,40785.1,5000.0,0,2,2442.4,36,Business,3.5534,2.3044,0.0938,High
C04501,52,46-65,113207.65,611.0,376063.12,13.6,172110.54,5000.0,0,2,44994.65,36,Self-employed,4.8422,0.53,0.3975,Medium
C04502,45,31-45,61939.72,628.0,50315.94,9.8,110392.95,5000.0,0,1,24730.09,36,Salaried,2.5946,0.9687,0.3993,Medium
C04503,65,46-65,100345.69,847.0,238937.25,3.3,138554.22,6466.34,0,2,21077.0,36,Salaried,3.7619,0.7733,0.21,Low
C04504,55,46-65,95013.87,737.0,27031.93,14.5,95700.11,5546.76,0,1,13690.81,36,Salaried,1.2917,0.7005,0.1441,Low
C04505,21,21-30,42481.73,763.0,120394.73,4.7,71127.28,5000.0,0,1,11891.1,24,Self-employed,4.5083,1.4124,0.2799,Low
C04506,38,31-45,39300.99,662.0,99262.69,10.6,30760.27,5000.0,0,1,23432.59,24,Salaried,3.3084,1.5267,0.5962,High
C04507,34,31-45,93207.91,680.0,252799.54,19.9,46319.77,5000.0,0,0,30739.63,24,Self-employed,3.2092,0.6437,0.3298,Medium
C04508,47,46-65,55014.69,732.0,36976.1,5.6,10203.71,5000.0,1,0,24938.87,48,Business,0.8576,1.0906,0.4533,Low
C04509,32,31-45,108790.43,642.0,41962.1,5.8,123804.62,5000.0,0,1,14645.13,36,Self-employed,1.5237,0.5515,0.1346,Low
C04510,64,46-65,58931.56,658.0,26587.26,7.9,18102.52,5000.0,0,1,14941.53,12,Salaried,0.7583,1.0181,0.2535,Low
C04511,34,31-45,114121.38,629.0,345700.66,8.1,156656.3,7046.36,0,1,10203.41,36,Salaried,4.402,0.7409,0.0894,Medium
C04512,44,31-45,82039.82,646.0,49973.31,10.1,82742.25,5000.0,1,4,45890.48,36,Salaried,1.6177,0.7314,0.5594,Low
C04513,26,21-30,76155.21,684.0,195173.49,12.2,146379.93,5000.0,0,2,28209.35,48,Salaried,4.485,0.7879,0.3704,Medium
C04514,61,46-65,52914.7,618.0,69549.52,4.5,36853.49,5000.0,1,2,25086.32,36,Business,2.0108,1.1339,0.4741,Medium
C04515,62,46-65,73863.77,701.0,149995.91,8.7,56385.33,5000.0,0,0,52811.71,36,Salaried,2.7941,0.8123,0.715,Low
C04516,56,46-65,125268.1,701.0,106377.49,4.0,,5000.0,0,1,12305.53,48,Salaried,1.2572,0.479,0.0982,Low
C04517,36,31-45,63090.41,667.0,23475.88,13.2,40898.42,5000.0,0,1,18606.81,48,Salaried,1.0203,0.951,0.2949,Low
C04518,23,21-30,87054.4,618.0,175689.84,16.5,84123.45,5000.0,1,6,21013.37,24,Salaried,2.9845,0.6892,0.2414,High
C04519,52,46-65,66678.68,688.0,88759.64,6.6,9577.6,5000.0,0,0,13807.51,36,Self-employed,1.4748,0.8998,0.2071,Low
C04520,40,31-45,69610.78,642.0,103634.75,9.5,93313.44,5000.0,0,0,18713.58,36,Self-employed,2.8293,0.8619,0.2688,Low
C04521,65,46-65,167714.51,683.0,357041.89,19.2,38319.04,5000.0,0,0,71342.84,24,Business,2.3573,0.3578,0.4254,Low
C04522,52,46-65,125881.22,762.0,147900.02,11.0,207993.19,8463.71,0,1,60032.89,12,Business,2.8272,0.8068,0.4769,Low
C04523,45,31-45,67901.58,586.0,141981.44,4.0,50321.35,5000.0,0,0,41133.68,12,Self-employed,2.8321,0.8836,0.6058,Medium
C04524,65,46-65,,843.0,180014.92,2.6,49515.88,5000.0,0,1,20293.02,36,Business,3.1384,0.8204,0.2775,Low
C04525,57,46-65,44183.81,675.0,5000.0,5.1,79804.14,5000.0,0,3,25631.18,36,Salaried,1.9193,1.358,0.5801,Low
C04526,41,31-45,59101.3,711.0,80740.31,7.5,,5000.0,0,1,28496.44,24,Business,2.7424,1.0152,0.4822,Low
C04527,21,21-30,77057.82,624.0,39657.47,14.2,46480.07,5000.0,1,5,16207.61,24,Business,1.1178,0.7786,0.2103,Low
C04528,25,21-30,103774.96,766.0,19668.09,7.0,59051.01,5151.92,0,3,16189.1,24,Salaried,0.7586,0.5957,0.156,Low
C04529,40,31-45,98146.25,671.0,27517.34,3.8,46041.56,5000.0,0,0,70810.88,24,Business,0.7495,0.6113,0.7215,Low
C04530,46,46-65,35314.54,650.0,89556.49,7.3,41221.61,5000.0,0,2,8861.32,24,Self-employed,3.7032,1.699,0.2509,High
C04531,22,21-30,111244.2,637.0,61548.54,7.6,150958.09,5000.0,0,1,32823.46,48,Salaried,1.9103,0.5394,0.2951,Low
C04532,26,21-30,61902.57,660.0,185727.58,5.2,102105.03,5000.0,1,1,18797.81,48,Salaried,4.6498,0.9693,0.3037,High
C04533,52,46-65,37771.02,711.0,100929.54,7.0,6770.21,5000.0,0,2,19251.23,36,Business,2.8514,1.5885,0.5097,Medium
C04534,54,46-65,135557.9,693.0,32056.63,9.6,32774.04,5598.17,0,2,72150.97,36,Business,0.4783,0.4956,0.5323,Low
C04535,22,21-30,145356.7,677.0,313768.63,2.3,58857.3,5000.0,0,4,8121.65,60,Salaried,2.5635,0.4128,0.0559,Low
C04536,43,31-45,75147.14,627.0,5697.68,7.6,125084.81,5000.0,0,2,41164.53,36,Salaried,1.7404,0.7984,0.5478,Low
C04537,24,21-30,95988.05,622.0,39048.9,30.8,183255.17,5000.0,0,3,23493.13,24,Salaried,2.316,0.6251,0.2448,Low
C04538,53,46-65,99135.18,645.0,345812.29,10.8,51273.88,5000.0,0,2,21829.79,60,Salaried,4.0055,0.6052,0.2202,Medium
C04539,58,46-65,140058.75,715.0,224206.84,14.3,106058.64,8076.11,0,2,65282.51,48,Salaried,2.358,0.6919,0.4661,Low
C04540,60,46-65,97011.06,730.0,5000.0,19.1,145894.09,5000.0,0,2,47078.27,24,Salaried,1.5554,0.6185,0.4853,Low
C04541,47,46-65,31316.93,740.0,85701.72,21.3,31366.27,5000.0,0,1,16190.59,48,Salaried,3.7382,1.9159,0.517,Medium
C04542,49,46-65,196326.98,680.0,500000.0,5.9,349702.44,12803.17,1,4,113959.92,36,Business,4.328,0.7826,0.5805,High
C04543,62,46-65,116804.15,709.0,247635.81,2.5,178796.46,5000.0,1,0,12966.84,60,Salaried,3.6508,0.5137,0.111,Low
C04544,48,46-65,49114.24,667.0,116430.05,15.8,39174.84,5000.0,0,3,13369.43,48,Salaried,3.1682,1.2216,0.2722,Medium
C04545,41,31-45,36895.64,549.0,100714.97,7.5,30775.91,5000.0,0,2,29083.41,36,Self-employed,3.5639,1.6262,0.7883,High
C04546,54,46-65,85801.34,664.0,225595.66,7.8,20164.65,5000.0,0,1,40205.08,48,Salaried,2.8643,0.6993,0.4686,Low
C04547,47,46-65,55776.03,652.0,94281.73,12.1,0.0,5000.0,0,2,16394.85,24,Salaried,1.6904,1.0757,0.2939,Low
C04548,58,46-65,77935.75,602.0,221819.93,8.8,120044.71,5000.0,0,2,13437.09,60,Self-employed,4.3865,0.7699,0.1724,High
C04549,44,31-45,97832.91,637.0,190851.57,10.2,52260.33,5000.0,0,1,11809.5,36,Salaried,2.485,0.6133,0.1207,Low
C04550,60,46-65,,690.0,36546.63,10.7,34323.19,5000.0,1,2,40332.66,36,Salaried,1.4888,1.2605,0.8473,Low
C04551,23,21-30,35181.76,595.0,5000.0,15.9,59806.37,5000.0,0,1,7147.55,24,Salaried,1.842,1.7054,0.2032,Medium
C04552,22,21-30,80365.7,627.0,106570.38,11.4,3837.27,5000.0,0,1,35530.34,36,Salaried,1.3738,0.7466,0.4421,Low
C04553,25,21-30,48473.82,796.0,23906.55,3.9,76300.69,5000.0,0,0,15092.31,24,Salaried,2.0672,1.2378,0.3113,Low
C04554,46,46-65,70438.5,560.0,10344.58,3.9,76916.02,5000.0,0,0,5986.02,24,Salaried,1.2388,0.8518,0.085,Low
C04555,52,46-65,31048.72,666.0,52154.67,5.6,4339.26,5000.0,0,0,5619.32,24,Salaried,1.8195,1.9324,0.181,Low
C04556,30,21-30,56581.77,593.0,174451.17,11.0,12824.43,5000.0,1,2,16102.08,60,Self-employed,3.3098,1.0604,0.2846,High
C04557,28,21-30,96313.72,624.0,41649.38,4.2,52427.18,5000.0,0,1,2260.25,24,Salaried,0.9768,0.623,0.0235,Low
C04558,59,46-65,90708.42,665.0,104677.82,4.2,35531.49,5000.0,0,3,48944.95,48,Salaried,1.5457,0.6615,0.5396,Low
C04559,54,46-65,42131.28,606.0,122738.28,10.5,,5000.0,0,1,4232.85,60,Salaried,2.9132,1.4241,0.1005,High
C04560,50,46-65,34186.88,723.0,67838.69,5.9,60433.33,5000.0,0,2,26444.91,36,Business,3.7521,1.7551,0.7735,Low
C04561,42,31-45,65566.0,781.0,175781.21,20.3,111415.73,5000.0,0,0,16490.56,48,Salaried,4.3803,0.9151,0.2515,Low
C04562,39,31-45,88495.82,743.0,183735.48,6.1,41079.31,5125.95,0,1,47607.19,36,Salaried,2.5404,0.6951,0.538,Low
C04563,21,21-30,81225.85,757.0,184465.33,13.5,77816.06,5000.0,1,1,17858.33,36,Salaried,3.229,0.7387,0.2199,Medium
C04564,29,21-30,49043.09,577.0,33699.21,7.9,48097.49,5000.0,1,1,2023.15,60,Salaried,1.6679,1.2234,0.0413,Medium
C04565,61,46-65,76568.88,662.0,88691.21,3.6,35433.19,5000.0,0,1,10962.68,48,Self-employed,1.6211,0.7836,0.1432,Low
C04566,36,31-45,148514.53,715.0,330563.96,6.0,261632.66,7370.54,0,1,76113.93,36,Salaried,3.9875,0.5955,0.5125,Low
C04567,52,46-65,72763.67,745.0,12111.81,8.3,17578.89,5000.0,1,1,32258.38,12,Salaried,0.408,0.8246,0.4433,Low
C04568,52,46-65,26473.81,812.0,14959.04,6.1,34018.48,5000.0,0,0,8637.09,60,Self-employed,1.85,2.2664,0.3263,Low
C04569,34,31-45,72685.9,760.0,106571.67,18.9,57438.35,5000.0,1,3,20373.1,12,Salaried,2.2564,0.8255,0.2803,Low
C04570,30,21-30,200049.25,747.0,467601.36,4.6,228083.65,13074.78,0,0,21247.06,36,Salaried,3.4776,0.7843,0.1062,Low
C04571,52,46-65,32018.77,850.0,50724.34,6.6,46887.51,5000.0,0,2,2185.6,48,Salaried,3.0486,1.8739,0.0683,Low
C04572,25,21-30,66071.39,687.0,158873.63,11.3,95290.93,5000.0,0,0,42595.47,36,Salaried,3.8468,0.9081,0.6447,Medium
C04573,43,31-45,57391.88,658.0,145815.06,24.0,59492.34,5000.0,0,2,33240.45,12,Business,3.5773,1.0454,0.5792,Medium
C04574,60,46-65,68519.81,693.0,9724.71,12.3,13400.09,5000.0,0,2,18128.53,48,Salaried,0.3375,0.8757,0.2646,Low
C04575,53,46-65,72329.06,611.0,222312.1,10.9,44372.56,5000.0,0,0,7212.1,60,Self-employed,3.6871,0.8295,0.0997,High
C04576,55,46-65,121677.23,685.0,355571.74,14.6,83382.79,6056.42,0,1,63822.92,60,Self-employed,3.6075,0.5973,0.5245,Medium
C04577,24,21-30,68102.78,550.0,67601.27,17.0,35030.96,5000.0,0,1,6582.84,48,Salaried,1.507,0.881,0.0967,Low
C04578,29,21-30,131220.62,640.0,232723.02,19.2,37670.35,5000.0,0,2,31165.69,36,Business,2.0606,0.4572,0.2375,Low
C04579,33,31-45,60927.01,671.0,60877.17,12.3,71838.18,5000.0,1,3,10617.93,36,Salaried,2.1783,0.9848,0.1743,Medium
C04580,34,31-45,,751.0,162597.38,10.0,65397.31,5000.0,0,0,33784.88,36,Salaried,4.2525,1.1191,0.6301,Low
C04581,29,21-30,44985.34,763.0,84847.25,4.7,7493.84,5000.0,1,1,14042.67,48,Salaried,2.0527,1.3338,0.3122,Low
C04582,64,46-65,23926.57,608.0,28360.18,10.4,33371.76,5000.0,1,0,13168.47,12,Self-employed,2.5801,2.5077,0.5504,High
C04583,28,21-30,75646.19,836.0,221374.59,21.4,62572.8,5000.0,1,2,43094.74,36,Salaried,3.7536,0.7932,0.5697,Medium
C04584,52,46-65,,691.0,438388.75,1.3,205156.28,5746.36,0,0,92235.68,24,Salaried,3.1992,0.3428,0.4585,Medium
C04585,47,46-65,83631.21,698.0,44091.17,18.0,119491.59,5000.0,0,2,30299.75,48,Salaried,1.956,0.7174,0.3623,Low
C04586,48,46-65,94831.19,559.0,215538.98,9.9,83763.42,5000.0,1,0,47522.12,12,Business,3.1562,0.6327,0.5011,High
C04587,30,21-30,51791.19,633.0,144710.4,15.5,63256.0,5000.0,0,2,1718.92,12,Salaried,4.0155,1.1585,0.0332,High
C04588,34,31-45,56826.56,759.0,78337.23,12.6,105684.19,5000.0,0,0,14062.92,48,Salaried,3.2383,1.0558,0.2475,Medium
C04589,48,46-65,111713.78,693.0,212988.01,9.0,111699.68,5000.0,0,3,17903.92,36,Salaried,2.9064,0.5371,0.1603,Low
C04590,34,31-45,196206.72,688.0,439183.73,9.9,325876.44,9180.0,0,1,12773.5,48,Salaried,3.8993,0.5614,0.0651,Low
C04591,52,46-65,147342.33,697.0,285520.61,13.3,11126.53,6770.39,0,1,67136.34,36,Salaried,2.0133,0.5514,0.4556,Low
C04592,22,21-30,101217.52,,331783.02,4.9,77795.25,6688.9,0,1,52199.74,48,Salaried,4.0465,0.793,0.5157,Medium
C04593,24,21-30,66268.86,673.0,109193.81,9.0,99199.92,5000.0,0,1,28374.23,60,Salaried,3.1447,0.9054,0.4282,Medium
C04594,53,46-65,72946.97,786.0,159913.65,12.2,78834.37,5000.0,0,0,21423.85,24,Self-employed,3.2729,0.8225,0.2937,Low
C04595,48,46-65,42946.63,762.0,103688.24,14.1,28237.84,5000.0,0,0,4281.51,36,Self-employed,3.0719,1.3971,0.0997,Low
C04596,22,21-30,29309.01,671.0,13012.93,13.3,33665.59,5000.0,0,3,17726.38,36,Salaried,1.5926,2.0472,0.6048,Low
C04597,61,46-65,34975.51,797.0,5000.0,7.4,38787.71,5000.0,0,1,27779.22,36,Business,1.252,1.7155,0.7942,Low
C04598,21,21-30,66804.96,586.0,237519.57,9.5,71449.91,5000.0,0,1,43757.03,36,Salaried,4.6249,0.8981,0.655,High
C04599,63,46-65,55356.36,607.0,143213.65,3.8,44853.16,5000.0,0,3,26961.72,24,Salaried,3.3974,1.0839,0.4871,Low
C04600,53,46-65,28968.07,820.0,40380.38,17.4,29063.78,5000.0,0,0,12329.52,60,Salaried,2.3973,2.0712,0.4256,Low
C04601,65,46-65,63679.29,723.0,9522.72,10.7,38094.86,5000.0,0,2,40528.58,24,Business,0.7478,0.9422,0.6364,Low
C04602,63,46-65,54557.25,658.0,28075.97,9.4,65042.76,5000.0,0,0,2023.41,48,Self-employed,1.7068,1.0998,0.0371,Low
C04603,35,31-45,34100.78,676.0,15136.62,9.4,0.0,5000.0,0,1,4026.7,24,Self-employed,0.4439,1.7595,0.1181,Low
C04604,55,46-65,53026.34,620.0,90480.69,8.0,101400.65,5000.0,0,1,5317.05,36,Salaried,3.6186,1.1315,0.1003,High
C04605,30,21-30,54481.6,701.0,97319.1,14.3,89640.67,5000.0,0,1,31162.28,48,Salaried,3.4316,1.1013,0.572,Medium
C04606,42,31-45,46304.39,695.0,48055.84,9.6,92816.17,5000.0,0,2,0.0,48,Salaried,3.0423,1.2958,0.0,Medium
C04607,31,31-45,108208.06,681.0,241467.74,4.6,157232.97,6345.02,0,1,4977.56,12,Self-employed,3.6846,0.7036,0.046,Medium
C04608,42,31-45,22823.52,593.0,68858.48,5.7,39260.21,5000.0,0,0,9342.2,36,Self-employed,4.7372,2.6289,0.4093,High
C04609,60,46-65,21806.28,700.0,80352.3,3.4,20133.03,5000.0,0,3,9249.74,36,Business,4.6081,2.7515,0.4242,Medium
C04610,40,31-45,65117.57,640.0,197138.23,20.9,100865.53,5000.0,0,3,32809.6,48,Salaried,4.5764,0.9214,0.5039,Medium
C04611,25,21-30,68529.01,606.0,111470.12,8.5,18328.56,5000.0,0,0,14768.9,24,Salaried,1.8941,0.8755,0.2155,Low
C04612,35,31-45,81182.98,775.0,157589.68,22.2,143930.46,5000.0,0,0,20857.97,36,Self-employed,3.7141,0.7391,0.2569,Low
C04613,56,46-65,48325.14,843.0,100452.27,10.2,45378.48,5000.0,1,3,8014.87,60,Self-employed,3.0177,1.2416,0.1659,Low
C04614,44,31-45,39233.43,826.0,20111.61,7.2,38583.56,5000.0,0,1,16005.96,48,Self-employed,1.496,1.5293,0.408,Low
C04615,46,46-65,64738.97,729.0,194324.71,8.2,21127.59,5000.0,0,2,38464.5,12,Salaried,3.328,0.9268,0.5941,Low
C04616,40,31-45,50984.38,660.0,140009.05,10.0,46046.46,5000.0,0,1,13638.85,36,Salaried,3.6493,1.1768,0.2675,High
C04617,34,31-45,152547.58,675.0,335518.34,4.7,216350.66,5000.0,1,2,12098.02,48,Salaried,3.6177,0.3933,0.0793,Medium
C04618,47,46-65,54383.58,710.0,43712.07,3.8,61253.66,5000.0,0,4,37317.62,48,Business,1.9301,1.1033,0.6862,Low
C04619,49,46-65,63126.17,648.0,52109.28,16.4,,5000.0,0,1,20598.72,36,Salaried,1.5652,0.9505,0.3263,Low
C04620,61,46-65,253627.65,779.0,500000.0,6.9,187482.7,11377.12,1,1,126418.42,36,Self-employed,2.7106,0.5383,0.4984,Low
C04621,48,46-65,58397.27,527.0,52798.67,22.5,18797.47,5000.0,0,1,31795.63,60,Salaried,1.226,1.0274,0.5445,Low
C04622,65,46-65,88258.81,658.0,21806.1,12.4,47143.41,5000.0,0,1,50484.31,36,Self-employed,0.7812,0.6798,0.572,Low
C04623,58,46-65,92745.34,740.0,211496.54,6.6,90833.19,5069.5,0,0,25736.36,36,Business,3.2598,0.6559,0.2775,Low
C04624,24,21-30,97189.06,617.0,241048.73,27.5,96155.71,6319.92,0,2,64613.02,36,Self-employed,3.4696,0.7803,0.6648,High
C04625,38,31-45,76218.58,662.0,64700.42,16.9,33569.72,5000.0,0,0,14138.41,60,Business,1.2893,0.7872,0.1855,Low
C04626,38,31-45,72312.7,725.0,69051.86,3.0,73856.62,5000.0,0,0,48923.14,36,Salaried,1.9763,0.8297,0.6765,Low
C04627,21,21-30,68687.77,794.0,191577.7,5.3,138881.05,5000.0,1,0,21738.33,48,Salaried,4.811,0.8735,0.3165,Low
C04628,29,21-30,47351.13,583.0,157418.29,0.4,80537.73,5000.0,0,2,10181.78,48,Self-employed,5.0254,1.2671,0.215,High
C04629,55,46-65,77744.1,577.0,136302.51,7.7,20774.24,5000.0,0,2,37983.72,48,Salaried,2.0204,0.7718,0.4886,Low
C04630,36,31-45,198371.69,609.0,500000.0,25.4,299453.69,11221.15,0,2,24187.46,48,Business,4.0301,0.6788,0.1219,Medium
C04631,27,21-30,126502.53,565.0,145768.87,2.2,32754.85,8124.87,0,1,3706.96,36,Self-employed,1.4112,0.7707,0.0293,Low
C04632,33,31-45,76825.93,570.0,206165.17,11.1,4681.19,5000.0,0,1,28611.26,12,Business,2.7445,0.781,0.3724,Medium
C04633,33,31-45,104073.11,607.0,196635.78,31.2,65793.2,5000.0,0,2,53223.9,48,Salaried,2.5216,0.5765,0.5114,Low
C04634,28,21-30,40299.56,773.0,121931.82,8.0,73214.88,5000.0,0,1,14451.9,36,Self-employed,4.8424,1.4889,0.3586,Low
C04635,25,21-30,56323.15,657.0,146604.67,10.7,82904.2,5000.0,1,2,37853.74,60,Salaried,4.0749,1.0653,0.6721,High
C04636,55,46-65,109475.93,682.0,121054.89,6.9,160766.23,6347.45,0,0,31055.37,48,Business,2.5743,0.6958,0.2837,Low
C04637,58,46-65,147279.07,608.0,105711.0,5.2,92297.27,9990.79,0,0,42825.39,12,Salaried,1.3444,0.814,0.2908,Low
C04638,43,31-45,42538.56,728.0,104351.78,14.0,38205.9,5000.0,0,0,13736.45,48,Self-employed,3.3513,1.4105,0.3229,Low
C04639,48,46-65,49819.86,821.0,11251.16,14.2,19579.28,5000.0,1,0,27161.73,36,Salaried,0.6188,1.2043,0.5452,Low
C04640,62,46-65,215755.1,613.0,500000.0,11.8,341840.08,7427.61,0,1,28981.74,60,Self-employed,3.9018,0.4131,0.1343,Medium
C04641,58,46-65,68534.07,809.0,116751.02,6.1,43533.07,5000.0,1,2,16667.24,36,Salaried,2.3388,0.8755,0.2432,Low
C04642,22,21-30,177192.44,707.0,56852.2,11.9,85731.04,10071.03,2,0,32064.05,36,Salaried,0.8047,0.682,0.181,Low
C04643,63,46-65,72832.25,681.0,180543.39,2.8,118931.64,5000.0,0,0,15107.41,36,Salaried,4.1118,0.8238,0.2074,Medium
C04644,24,21-30,74424.59,710.0,127293.31,12.7,26197.42,5000.0,1,1,7377.93,24,Salaried,2.0624,0.8062,0.0991,Low
C04645,22,21-30,54946.9,709.0,174033.93,5.0,30394.01,5000.0,0,2,33961.14,36,Self-employed,3.7205,1.092,0.6181,Medium
C04646,39,31-45,109157.59,819.0,104951.31,4.7,182060.88,5000.0,0,2,68939.86,36,Salaried,2.6293,0.5497,0.6316,Low
C04647,54,46-65,137162.3,719.0,21737.47,21.5,34156.48,5000.0,0,0,75410.93,60,Salaried,0.4075,0.4374,0.5498,Low
C04648,24,21-30,36786.69,721.0,30535.15,0.9,7406.7,5000.0,0,2,13190.97,12,Salaried,1.0314,1.631,0.3586,Low
C04649,34,31-45,53545.91,648.0,70218.8,7.9,73415.75,5000.0,0,0,8115.67,48,Self-employed,2.6825,1.1205,0.1516,Medium
C04650,32,31-45,107520.39,743.0,241841.07,3.1,59657.39,5099.25,0,1,16627.17,36,Self-employed,2.8041,0.5691,0.1546,Low
C04651,38,31-45,60529.78,608.0,96964.22,9.8,88780.8,5000.0,0,2,0.0,36,Business,3.0687,0.9912,0.0,High
C04652,65,46-65,49552.13,688.0,26692.37,5.4,69176.85,5000.0,0,3,4996.68,60,Salaried,1.9347,1.2108,0.1008,Low
C04653,35,31-45,113254.27,850.0,379615.11,3.3,114203.37,6305.87,0,1,42920.41,36,Self-employed,4.3603,0.6681,0.379,Low
C04654,30,21-30,119257.68,492.0,64111.57,6.9,27645.57,7931.05,0,2,15620.71,60,Self-employed,0.7694,0.798,0.131,Low
C04655,26,21-30,50758.76,697.0,67278.17,4.4,45079.11,5000.0,1,2,32728.85,48,Salaried,2.2136,1.1821,0.6448,Medium
C04656,29,21-30,73053.27,700.0,211417.87,4.6,108742.41,5000.0,0,0,17215.03,36,Salaried,4.3826,0.8213,0.2357,Medium
C04657,26,21-30,33439.11,663.0,67112.01,13.0,13896.63,5000.0,0,1,2837.27,60,Salaried,2.4226,1.7943,0.0848,Low
C04658,46,46-65,39720.71,665.0,64884.96,2.7,0.0,5000.0,0,2,27655.98,36,Salaried,1.6335,1.5105,0.6963,Low
C04659,39,31-45,69593.99,687.0,239451.35,1.2,21155.67,5000.0,0,1,37455.97,60,Business,3.7447,0.8621,0.5382,Medium
C04660,43,31-45,66132.55,661.0,135753.22,10.2,51740.68,5000.0,0,1,8975.26,36,Salaried,2.8351,0.9073,0.1357,Low
C04661,58,46-65,38191.21,697.0,5000.0,7.8,79634.8,5000.0,0,0,17934.4,60,Salaried,2.2161,1.571,0.4696,Low
C04662,47,46-65,43842.41,643.0,5000.0,5.2,16034.68,5000.0,0,3,10680.88,60,Self-employed,0.4798,1.3685,0.2436,Low
C04663,27,21-30,36183.85,832.0,102659.72,12.9,11160.98,5000.0,0,1,0.0,36,Business,3.1456,1.6582,0.0,Low
C04664,37,31-45,83485.27,661.0,100841.93,22.7,159767.84,5000.0,0,1,20571.45,36,Salaried,3.1216,0.7187,0.2464,Low
C04665,35,31-45,22025.17,723.0,67327.75,8.5,982.37,5000.0,0,2,4085.73,60,Self-employed,3.1015,2.7242,0.1855,High
C04666,58,46-65,37263.7,630.0,6951.85,8.7,23358.48,5000.0,0,1,6124.15,36,Salaried,0.8134,1.6101,0.1643,Low
C04667,34,31-45,23330.68,750.0,7055.72,3.6,19912.27,5000.0,2,2,9416.03,36,Salaried,1.1559,2.5717,0.4036,Low
C04668,27,21-30,81846.75,735.0,258463.18,2.8,64870.44,5000.0,0,2,6807.62,12,Salaried,3.9505,0.7331,0.0832,Medium
C04669,54,46-65,24116.2,711.0,82156.53,8.0,0.0,5000.0,1,3,1981.63,36,Salaried,3.4067,2.488,0.0822,High
C04670,40,31-45,66144.27,603.0,19761.59,2.1,114459.44,5000.0,0,0,0.0,24,Salaried,2.0292,0.9071,0.0,Low
C04671,25,21-30,160152.34,624.0,107954.11,1.8,70201.59,9343.81,0,1,117156.92,48,Salaried,1.1124,0.7001,0.7315,Low
C04672,52,46-65,,806.0,415551.66,11.2,114279.49,7928.95,1,0,43841.18,60,Salaried,3.2472,0.5831,0.2687,Low
C04673,30,21-30,24074.14,623.0,51815.89,2.9,19968.78,5000.0,0,0,25357.6,24,Self-employed,2.9818,2.4923,1.0533,Medium
C04674,60,46-65,76593.53,728.0,101490.77,11.5,109978.73,5000.0,0,0,41282.65,36,Business,2.7609,0.7834,0.539,Low
C04675,58,46-65,37729.91,609.0,31046.62,17.7,52346.03,5000.0,0,2,17836.46,24,Salaried,2.2103,1.5903,0.4727,Medium
C04676,37,31-45,33722.4,756.0,121420.1,10.7,34764.9,5000.0,0,0,19759.5,48,Self-employed,4.6315,1.7792,0.5859,Medium
C04677,46,46-65,61067.44,629.0,43554.53,2.5,0.0,5000.0,0,3,36300.07,36,Self-employed,0.7132,0.9825,0.5944,Low
C04678,46,46-65,127733.67,608.0,143204.67,27.6,107767.65,5638.29,0,1,81648.74,24,Self-employed,1.9648,0.5297,0.6392,Low
C04679,50,46-65,90395.97,627.0,125171.45,9.1,104004.88,5364.43,0,1,45332.93,36,Salaried,2.5352,0.7121,0.5015,Low
C04680,24,21-30,43862.5,638.0,35978.53,8.5,33403.51,5000.0,0,1,0.0,60,Salaried,1.5818,1.3679,0.0,Low
C04681,35,31-45,95789.78,710.0,181070.82,7.7,120836.46,6182.2,0,2,14217.84,60,Business,3.1518,0.7745,0.1484,Medium
C04682,28,21-30,18922.42,685.0,24120.62,5.1,15407.81,5000.0,0,0,3083.32,60,Salaried,2.089,3.1708,0.1629,Low
C04683,52,46-65,42959.9,598.0,97380.46,3.9,4563.27,5000.0,0,1,30965.02,48,Self-employed,2.373,1.3967,0.7208,Medium
C04684,24,21-30,41315.88,678.0,52414.46,0.9,71286.83,5000.0,0,0,32208.21,24,Business,2.994,1.4522,0.7796,Medium
C04685,44,31-45,67861.15,594.0,31615.24,3.1,64971.35,5000.0,0,2,29012.03,36,Salaried,1.4233,0.8842,0.4275,Low
C04686,53,46-65,58138.72,728.0,173038.85,7.2,58675.89,5000.0,0,1,4153.14,60,Salaried,3.9855,1.032,0.0714,Low
C04687,63,46-65,60134.17,742.0,137124.86,11.1,95588.99,5000.0,0,3,20352.11,24,Business,3.8699,0.9978,0.3384,Low
C04688,33,31-45,59044.51,678.0,69807.51,4.2,73233.94,5000.0,0,3,20361.4,24,Salaried,2.4226,1.0162,0.3448,Low
C04689,21,21-30,65806.02,700.0,24165.27,10.3,88212.74,5000.0,1,2,22008.59,60,Business,1.7077,0.9118,0.3344,Low
C04690,53,46-65,87484.3,811.0,179640.92,6.8,71407.5,5420.82,0,1,6106.06,36,Business,2.8696,0.7436,0.0698,Low
C04691,21,21-30,70563.95,668.0,212577.93,8.0,76752.4,5000.0,0,0,53071.49,48,Salaried,4.1003,0.8503,0.7521,Medium
C04692,23,21-30,55589.47,609.0,125610.22,14.9,63698.63,5000.0,2,1,22868.48,24,Salaried,3.4055,1.0793,0.4114,High
C04693,65,46-65,81072.91,723.0,226630.73,10.3,45117.9,5000.0,0,2,52590.62,36,Salaried,3.3519,0.7401,0.6487,Low
C04694,59,46-65,102386.54,595.0,50190.1,11.7,17835.16,5597.52,0,0,5301.59,48,Salaried,0.6644,0.656,0.0518,Low
C04695,52,46-65,47874.02,664.0,174186.87,29.4,82641.62,5000.0,1,0,15021.73,60,Salaried,5.3647,1.2533,0.3138,High
C04696,58,46-65,62910.67,635.0,67307.45,4.3,23110.7,5000.0,0,1,14988.95,12,Salaried,1.4372,0.9537,0.2383,Low
C04697,24,21-30,123154.03,627.0,116664.58,14.1,145531.08,5000.0,0,0,65306.72,24,Salaried,2.129,0.4872,0.5303,Low
C04698,25,21-30,35440.98,661.0,77891.69,11.6,37322.71,5000.0,0,1,20494.99,60,Salaried,3.2509,1.693,0.5783,Medium
C04699,34,31-45,175383.23,747.0,15987.16,11.5,277287.94,7581.97,0,0,20731.03,36,Self-employed,1.6722,0.5188,0.1182,Low
C04700,22,21-30,31120.04,763.0,57114.88,9.5,36192.15,5000.0,0,0,15558.36,48,Self-employed,2.9983,1.928,0.4999,Low
C04701,60,46-65,53755.0,749.0,40429.62,10.8,24683.37,5000.0,1,3,17030.62,60,Salaried,1.2113,1.1162,0.3168,Low
C04702,23,21-30,38543.32,705.0,115857.34,6.9,9491.69,5000.0,0,3,14889.03,12,Salaried,3.2522,1.5567,0.3863,Medium
C04703,45,31-45,216533.9,661.0,500000.0,8.6,160094.25,8601.49,0,0,62504.95,36,Salaried,3.0485,0.4767,0.2887,Low
C04704,59,46-65,49281.3,503.0,118360.0,16.2,32199.69,5000.0,0,2,5249.83,48,Salaried,3.0551,1.2175,0.1065,High
C04705,54,46-65,49349.35,708.0,89493.1,5.5,42550.11,5000.0,0,1,6504.4,12,Salaried,2.6757,1.2158,0.1318,Medium
C04706,31,31-45,53009.73,509.0,60133.31,6.0,96499.43,5000.0,0,0,34625.19,36,Business,2.9548,1.1319,0.6532,High
C04707,42,31-45,68509.25,536.0,199894.84,11.1,,5000.0,1,1,24450.3,24,Business,3.93,0.8758,0.3569,High
C04708,45,31-45,54257.67,668.0,89197.78,10.4,60494.59,5000.0,0,1,38879.07,48,Self-employed,2.7589,1.1058,0.7166,Low
C04709,55,46-65,60418.75,700.0,106548.85,6.8,33348.57,5000.0,0,0,13351.59,60,Salaried,2.3155,0.9931,0.221,Low
C04710,40,31-45,18000.0,646.0,28810.73,11.3,10270.21,5000.0,0,0,5423.34,12,Self-employed,2.1712,3.3333,0.3013,Medium
C04711,33,31-45,67075.92,795.0,66690.83,11.2,34552.88,5000.0,0,0,38686.19,36,Salaried,1.5094,0.8945,0.5768,Low
C04712,56,46-65,65639.71,715.0,78669.05,26.7,95413.79,5000.0,2,1,38220.79,24,Salaried,2.6521,0.9141,0.5823,Medium
C04713,60,46-65,115076.84,661.0,302988.91,32.0,89970.75,7858.54,0,3,45729.04,48,Salaried,3.4148,0.8195,0.3974,Medium
C04714,43,31-45,133535.96,784.0,402048.57,35.0,152505.91,5022.04,0,2,64909.52,48,Salaried,4.1528,0.4513,0.4861,Low
C04715,22,21-30,58624.21,797.0,212086.82,11.1,52617.23,5000.0,0,0,648.88,60,Self-employed,4.5153,1.0235,0.0111,Low
C04716,43,31-45,101830.87,718.0,165991.29,15.0,112910.09,6909.33,0,0,25956.63,24,Salaried,2.7389,0.8142,0.2549,Low
C04717,61,46-65,35464.22,622.0,63360.23,10.9,73465.72,5000.0,1,2,0.0,24,Self-employed,3.8581,1.6918,0.0,High
C04718,65,46-65,99129.35,639.0,249288.19,8.1,118513.17,5000.0,0,0,17804.91,36,Business,3.7103,0.6053,0.1796,Medium
C04719,39,31-45,47442.84,571.0,69239.75,11.6,31924.34,5000.0,0,1,18473.76,36,Salaried,2.1323,1.2647,0.3894,Medium
C04720,27,21-30,33879.28,677.0,43884.95,7.9,23321.67,5000.0,0,3,12869.71,60,Salaried,1.9837,1.771,0.3799,Low
C04721,46,46-65,58692.59,601.0,152079.04,9.0,24692.04,5000.0,1,1,31436.48,36,Business,3.0118,1.0223,0.5356,Medium
C04722,58,46-65,140421.29,655.0,133193.4,8.5,116131.77,5000.0,0,2,49385.31,60,Salaried,1.7756,0.4273,0.3517,Low
C04723,63,46-65,71804.01,700.0,86378.77,8.6,50016.75,5000.0,0,0,1583.34,36,Business,1.8996,0.8356,0.0221,Low
C04724,23,21-30,148036.04,531.0,200431.74,5.6,164338.51,7751.47,0,0,101874.3,36,Salaried,2.4641,0.6283,0.6882,Medium
C04725,34,31-45,43059.56,585.0,100227.22,14.1,,5000.0,0,2,12590.38,36,Self-employed,4.0959,1.3934,0.2924,High
C04726,42,31-45,115665.84,642.0,122292.09,11.4,39250.94,5000.0,1,1,16224.3,24,Self-employed,1.3966,0.5187,0.1403,Low
C04727,25,21-30,45408.5,676.0,41286.71,5.5,78051.61,5000.0,0,2,27793.9,36,Salaried,2.6281,1.3213,0.6121,Low
C04728,60,46-65,73575.94,643.0,51934.69,8.3,96470.69,5000.0,0,3,25026.19,48,Salaried,2.017,0.8155,0.3401,Low
C04729,26,21-30,73226.9,660.0,228302.36,4.1,93351.46,5000.0,0,1,18811.77,36,Salaried,4.3926,0.8194,0.2569,Medium
C04730,50,46-65,93523.03,627.0,297607.98,9.9,118569.59,5175.33,0,2,23665.69,24,Self-employed,4.45,0.6641,0.253,Medium
C04731,62,46-65,74611.5,571.0,224157.1,16.1,120013.31,5000.0,0,1,20735.62,36,Salaried,4.6128,0.8042,0.2779,High
C04732,51,46-65,43286.28,640.0,119997.46,7.0,30939.07,5000.0,0,0,12147.33,36,Salaried,3.4869,1.3861,0.2806,Medium
C04733,55,46-65,105483.66,664.0,70316.52,13.9,204332.46,5000.0,2,1,31479.32,36,Self-employed,2.6037,0.5688,0.2984,High
C04734,32,31-45,168476.86,657.0,93039.94,8.6,127859.87,5391.75,0,2,68702.83,60,Salaried,1.3112,0.384,0.4078,Low
C04735,58,46-65,47148.18,688.0,78691.67,7.2,22578.69,5000.0,0,1,8440.88,36,Salaried,2.1479,1.2726,0.179,Low
C04736,39,31-45,23688.97,711.0,67331.55,5.2,26956.23,5000.0,0,1,0.0,48,Salaried,3.9802,2.5328,0.0,Medium
C04737,23,21-30,85542.47,731.0,224590.57,7.8,49183.33,5976.0,0,0,36116.39,36,Salaried,3.2004,0.8383,0.4222,Low
C04738,37,31-45,54176.0,632.0,52782.62,14.2,0.0,5000.0,0,1,21336.95,24,Business,0.9743,1.1075,0.3938,Low
C04739,36,31-45,60478.06,562.0,185142.78,10.8,8325.12,5000.0,0,1,7339.47,24,Self-employed,3.199,0.9921,0.1214,High
C04740,44,31-45,88259.83,775.0,116030.81,4.6,62622.51,5000.0,0,2,31137.23,36,Business,2.0242,0.6798,0.3528,Low
C04741,32,31-45,50570.65,709.0,101015.35,11.7,22144.14,5000.0,0,3,32203.33,36,Business,2.4354,1.1865,0.6368,Low
C04742,41,31-45,56065.39,608.0,163266.76,9.7,21010.35,5000.0,0,0,10099.96,48,Salaried,3.2868,1.0702,0.1801,High
C04743,40,31-45,61517.49,701.0,113929.76,4.1,12309.07,5000.0,0,0,5250.85,24,Salaried,2.0521,0.9753,0.0854,Low
C04744,35,31-45,145875.27,760.0,403959.14,3.3,169269.55,5139.97,0,2,55263.51,24,Salaried,3.9296,0.4228,0.3788,Low
C04745,52,46-65,66083.93,810.0,180390.3,3.2,34309.8,5000.0,0,0,20720.97,36,Business,3.2489,0.9079,0.3136,Low
C04746,34,31-45,32942.6,699.0,83235.49,14.8,52010.83,5000.0,0,2,14281.05,60,Business,4.1055,1.8213,0.4335,Medium
C04747,55,46-65,33671.58,759.0,91233.02,4.2,51764.66,5000.0,0,1,9828.68,48,Salaried,4.2468,1.7819,0.2919,Medium
C04748,32,31-45,70173.01,589.0,116881.64,7.4,95787.6,5000.0,0,0,29300.07,60,Self-employed,3.0306,0.855,0.4175,Medium
C04749,59,46-65,34924.96,677.0,45410.52,11.2,31656.19,5000.0,0,0,0.0,24,Salaried,2.2066,1.718,0.0,Low
C04750,37,31-45,27525.71,655.0,83824.44,10.8,31231.66,5000.0,0,1,8229.54,60,Salaried,4.18,2.1798,0.299,Medium
C04751,22,21-30,92197.41,706.0,200931.23,10.8,8228.18,6099.32,0,1,3996.42,36,Business,2.2686,0.7939,0.0433,Low
C04752,27,21-30,94713.96,801.0,172841.64,3.8,154874.63,5000.0,0,1,69437.26,36,Salaried,3.4601,0.6335,0.7331,Low
C04753,57,46-65,53085.94,699.0,93861.3,11.4,0.0,5000.0,0,1,0.0,60,Salaried,1.7681,1.1302,0.0,Low
C04754,60,46-65,76393.67,610.0,54532.52,7.1,26602.65,5164.81,0,0,52319.25,24,Salaried,1.0621,0.8113,0.6849,Low
C04755,30,21-30,72085.59,585.0,117549.63,9.1,23550.01,5000.0,0,0,16090.74,60,Self-employed,1.9574,0.8323,0.2232,Medium
C04756,48,46-65,90533.32,803.0,323053.98,8.9,182530.01,5000.0,0,0,29246.15,60,Business,5.5845,0.6627,0.323,Low
C04757,46,46-65,90649.44,719.0,116395.84,8.0,6086.26,5000.0,0,0,52356.66,12,Salaried,1.3512,0.6619,0.5776,Low
C04758,27,21-30,18000.0,714.0,24029.9,15.8,0.0,5000.0,0,0,2944.13,48,Salaried,1.335,3.3333,0.1636,Low
C04759,41,31-45,56946.53,654.0,40776.18,14.5,0.0,5000.0,0,0,14020.44,48,Salaried,0.716,1.0536,0.2462,Low
C04760,52,46-65,86421.33,700.0,162050.07,35.0,158316.28,5000.0,0,0,2504.23,36,Salaried,3.707,0.6943,0.029,Low
C04761,64,46-65,51864.58,606.0,72211.87,19.9,50562.78,5000.0,0,2,33265.13,36,Salaried,2.3672,1.1569,0.6414,Medium
C04762,59,46-65,66307.22,709.0,178150.49,2.5,104766.75,5000.0,0,1,26318.29,48,Salaried,4.2668,0.9049,0.3969,High
C04763,25,21-30,98226.13,,60274.7,8.5,171527.37,5000.0,0,1,32924.44,24,Salaried,2.3599,0.6108,0.3352,Low
C04764,31,31-45,67958.43,653.0,59123.75,19.0,106587.23,5000.0,1,1,18467.98,48,Self-employed,2.4384,0.8829,0.2718,High
C04765,40,31-45,148969.7,632.0,50660.6,7.8,50707.94,5000.0,1,1,93368.98,48,Salaried,0.6805,0.4028,0.6268,Low
C04766,27,21-30,120811.29,436.0,36177.71,6.8,221697.76,7403.23,1,1,15514.7,60,Business,2.1345,0.7354,0.1284,High
C04767,46,46-65,60896.58,654.0,174691.96,3.7,47869.22,5000.0,2,1,25006.22,48,Salaried,3.6547,0.9853,0.4106,High
C04768,21,21-30,58291.83,613.0,175519.27,3.4,46754.64,5000.0,1,1,11283.91,36,Business,3.8131,1.0293,0.1936,High
C04769,26,21-30,18000.0,664.0,53130.44,13.8,0.0,5000.0,0,4,0.0,36,Business,2.9517,3.3333,0.0,Medium
C04770,23,21-30,54315.58,680.0,149892.17,9.3,65928.65,5000.0,0,1,22861.3,60,Self-employed,3.9735,1.1047,0.4209,High
C04771,34,31-45,30879.4,813.0,14443.81,1.4,47122.48,5000.0,0,1,10820.78,60,Salaried,1.9938,1.943,0.3504,Low
C04772,55,46-65,73410.25,703.0,233379.6,16.5,134647.47,5000.0,0,0,31454.03,36,Salaried,5.0133,0.8173,0.4285,Low
C04773,28,21-30,70701.46,705.0,122139.1,17.8,57706.83,5000.0,0,2,34214.99,36,Business,2.5437,0.8486,0.4839,Low
C04774,65,46-65,95307.45,717.0,268220.82,7.4,30842.98,5000.0,0,2,22934.86,36,Self-employed,3.1379,0.6295,0.2406,Medium
C04775,33,31-45,140127.96,745.0,317259.38,8.6,242961.75,5000.0,0,6,84250.22,36,Salaried,3.9979,0.4282,0.6012,Low
C04776,23,21-30,64067.62,714.0,106928.27,20.3,0.0,5000.0,0,0,49807.22,36,Salaried,1.669,0.9365,0.7774,Low
C04777,36,31-45,227833.76,701.0,231103.98,7.2,231150.51,15878.84,0,1,52191.96,60,Business,2.0289,0.8363,0.2291,Low
C04778,54,46-65,73864.74,733.0,43103.98,2.1,11138.31,5000.0,0,2,38105.6,36,Self-employed,0.7343,0.8123,0.5159,Low
C04779,25,21-30,31619.32,498.0,50605.22,13.9,6386.28,5000.0,0,0,15523.82,60,Business,1.8024,1.8976,0.491,Medium
C04780,24,21-30,47715.09,837.0,87819.25,17.5,43132.36,5000.0,0,2,24562.94,60,Self-employed,2.7444,1.2575,0.5148,Low
C04781,59,46-65,52951.51,799.0,169686.57,9.6,68236.03,5000.0,1,1,38693.82,60,Salaried,4.4932,1.1331,0.7307,Low
C04782,47,46-65,90022.28,696.0,12914.44,4.2,164163.65,5000.0,1,2,15690.7,48,Business,1.967,0.6665,0.1743,Medium
C04783,36,31-45,38605.7,574.0,82178.97,18.9,69222.63,5000.0,0,3,23944.87,36,Salaried,3.9217,1.5542,0.6202,High
C04784,55,46-65,55174.48,771.0,89554.39,6.5,43092.58,5000.0,1,1,25116.15,24,Salaried,2.4041,1.0875,0.4552,Low
C04785,58,46-65,59490.41,628.0,10144.56,4.7,33135.87,5000.0,0,2,29767.87,36,Salaried,0.7275,1.0086,0.5004,Low
C04786,37,31-45,50801.24,720.0,57261.71,9.5,67521.08,5000.0,0,3,27914.04,60,Salaried,2.4563,1.1811,0.5495,Low
C04787,46,46-65,101561.62,584.0,156147.67,7.4,89613.96,5000.0,0,3,15490.34,36,Self-employed,2.4198,0.5908,0.1525,Medium
C04788,21,21-30,92491.25,847.0,178344.31,13.1,75314.52,5000.0,0,1,28170.19,48,Salaried,2.7425,0.6487,0.3046,Low
C04789,34,31-45,123470.12,572.0,104300.41,29.1,204855.17,6301.0,0,1,54513.47,24,Salaried,2.5039,0.6124,0.4415,Medium
C04790,47,46-65,54180.63,685.0,23014.45,4.5,40712.83,5000.0,0,0,10707.5,60,Business,1.1762,1.1074,0.1976,Low
C04791,29,21-30,125936.45,521.0,137146.21,14.5,27803.89,5000.0,0,0,18544.22,60,Salaried,1.3098,0.4764,0.1473,Low
C04792,65,46-65,30697.73,677.0,86146.42,7.2,66075.05,5000.0,0,3,21551.04,24,Salaried,4.9587,1.9545,0.702,Low
C04793,64,46-65,30288.74,648.0,91169.9,13.1,9985.68,5000.0,0,0,9056.26,24,Salaried,3.3397,1.9809,0.299,High
C04794,32,31-45,33341.28,765.0,22448.36,9.7,28259.44,5000.0,0,0,14395.32,36,Business,1.5209,1.7996,0.4318,Low
C04795,38,31-45,65330.15,648.0,142321.52,6.3,99738.71,5000.0,0,1,29662.68,48,Business,3.7052,0.9184,0.454,High
C04796,29,21-30,125926.1,765.0,404829.04,14.7,40765.37,5000.0,0,1,81572.25,48,Salaried,3.5385,0.4765,0.6478,Low
C04797,43,31-45,46675.02,603.0,16145.9,6.8,43747.33,5000.0,0,1,29714.43,36,Salaried,1.2832,1.2855,0.6366,Low
C04798,26,21-30,50009.15,659.0,32870.45,4.8,103755.55,5000.0,0,1,14470.33,48,Salaried,2.732,1.1998,0.2894,Medium
C04799,38,31-45,57718.48,660.0,5000.0,14.1,42437.58,5000.0,0,0,8898.72,48,Self-employed,0.8219,1.0395,0.1542,Low
C04800,45,31-45,89071.8,717.0,73686.91,4.8,89567.11,5000.0,0,0,22876.0,36,Salaried,1.8328,0.6736,0.2568,Low
C04801,48,46-65,49983.52,708.0,149942.27,13.7,50487.18,5000.0,0,0,2578.03,60,Salaried,4.0099,1.2004,0.0516,Medium
C04802,47,46-65,48473.05,734.0,155464.8,9.0,57539.23,5000.0,0,1,34659.6,36,Business,4.3943,1.2378,0.715,Medium
C04803,30,21-30,31013.42,700.0,82623.02,9.4,39699.16,5000.0,0,1,14782.13,24,Salaried,3.9442,1.9346,0.4766,Medium
C04804,56,46-65,47462.53,730.0,69513.67,4.4,85328.77,5000.0,0,2,22219.48,36,Salaried,3.2624,1.2642,0.4681,Medium
C04805,52,46-65,124212.18,613.0,348067.83,9.7,47152.24,5480.6,0,0,12216.92,12,Salaried,3.1818,0.5295,0.0984,Medium
C04806,54,46-65,68333.26,709.0,76618.4,6.4,56364.07,5000.0,0,0,0.0,24,Salaried,1.9461,0.878,0.0,Low
C04807,42,31-45,43270.33,801.0,14823.84,20.9,3856.62,5000.0,0,0,12667.06,36,Salaried,0.4317,1.3866,0.2927,Low
C04808,61,46-65,128286.55,554.0,38554.93,3.3,48814.17,7627.76,0,0,64587.64,48,Self-employed,0.681,0.7135,0.5035,Low
C04809,38,31-45,47111.63,717.0,159951.01,16.8,29134.51,5000.0,0,2,9845.47,24,Self-employed,4.0136,1.2736,0.209,Medium
C04810,57,46-65,141934.1,731.0,367198.68,17.6,90949.52,7489.11,0,2,2881.67,36,Salaried,3.2279,0.6332,0.0203,Low
C04811,30,21-30,140663.58,790.0,296660.79,11.6,133120.13,6288.91,1,3,41467.92,36,Salaried,3.0554,0.5365,0.2948,Low
C04812,32,31-45,67033.58,734.0,159863.35,20.2,76307.12,5000.0,1,0,27686.16,24,Salaried,3.5232,0.8951,0.413,Medium
C04813,44,31-45,28508.01,688.0,23491.53,7.4,4216.13,5000.0,0,3,17688.56,36,Salaried,0.9719,2.1047,0.6205,Low
C04814,46,46-65,228974.95,712.0,320805.25,8.1,350000.0,9014.46,0,3,117123.45,24,Self-employed,2.9296,0.4724,0.5115,Low
C04815,54,46-65,80430.15,625.0,224159.06,12.1,111573.72,5000.0,0,0,40329.96,24,Self-employed,4.1742,0.746,0.5014,Medium
C04816,34,31-45,54393.76,651.0,194875.46,7.6,80943.19,5000.0,1,0,25384.47,12,Salaried,5.0708,1.1031,0.4667,Medium
C04817,60,46-65,109975.5,580.0,227011.9,1.6,51525.41,5000.0,0,0,46724.8,60,Salaried,2.5327,0.5456,0.4249,Medium
C04818,35,31-45,95645.99,792.0,54924.73,3.4,37734.49,5173.95,0,3,31243.34,60,Salaried,0.9688,0.6491,0.3267,Low
C04819,45,31-45,133673.91,714.0,456733.66,3.7,47954.8,9290.62,1,1,89282.01,36,Business,3.7755,0.834,0.6679,High
C04820,62,46-65,45154.77,611.0,75553.14,14.2,40446.32,5000.0,1,0,0.0,36,Salaried,2.5689,1.3288,0.0,Medium
C04821,45,31-45,77443.42,700.0,88758.98,8.6,133927.92,5000.0,0,0,38205.78,12,Salaried,2.8755,0.7748,0.4933,Low
C04822,51,46-65,33857.44,767.0,5000.0,13.5,21779.59,5000.0,0,0,5912.6,36,Salaried,0.791,1.7721,0.1746,Low
C04823,61,46-65,93772.46,754.0,5000.0,14.9,74304.56,5000.0,0,2,43719.53,48,Salaried,0.8457,0.6398,0.4662,Low
C04824,64,46-65,64184.86,610.0,138693.15,7.5,80703.61,5000.0,0,0,35065.8,60,Salaried,3.4182,0.9348,0.5463,Medium
C04825,43,31-45,75864.01,445.0,175844.32,10.5,86601.36,5000.0,0,1,15858.25,48,Business,3.4594,0.7909,0.209,High
C04826,39,31-45,59973.03,710.0,56217.26,3.3,99596.73,5000.0,0,1,16640.22,36,Salaried,2.5981,1.0004,0.2775,Low
C04827,29,21-30,56618.93,613.0,47317.03,5.6,1504.97,5000.0,0,0,35985.55,36,Salaried,0.8623,1.0597,0.6356,Low
C04828,45,31-45,40320.5,727.0,86466.51,7.3,51763.93,5000.0,0,4,12262.73,36,Salaried,3.4283,1.4881,0.3041,Medium
C04829,62,46-65,100396.15,751.0,175358.96,8.8,89182.09,6403.67,0,1,70555.56,36,Salaried,2.635,0.7654,0.7028,Low
C04830,42,31-45,147484.71,764.0,174012.85,2.8,88996.39,5000.0,0,1,81880.81,24,Salaried,1.7833,0.4068,0.5552,Low
C04831,36,31-45,47857.11,811.0,44924.7,7.3,51569.49,5000.0,1,2,10643.82,48,Business,2.0163,1.2537,0.2224,Low
C04832,25,21-30,88131.9,773.0,266554.85,4.8,97719.1,5000.0,0,2,48838.56,36,Self-employed,4.1333,0.6808,0.5542,Low
C04833,38,31-45,82441.44,811.0,281494.65,27.4,11359.15,5000.0,1,0,37183.04,36,Self-employed,3.5523,0.7278,0.451,Low
C04834,31,31-45,65290.14,783.0,71846.76,9.2,1152.12,5000.0,0,1,22311.47,48,Salaried,1.1181,0.919,0.3417,Low
C04835,64,46-65,28071.63,790.0,81582.79,13.5,41732.08,5000.0,0,1,0.0,60,Salaried,4.3929,2.1374,0.0,Low
C04836,44,31-45,31769.56,677.0,93046.33,13.5,36759.35,5000.0,0,2,19499.26,24,Salaried,4.0859,1.8886,0.6138,Low
C04837,27,21-30,42302.54,583.0,5752.2,9.6,33536.11,5000.0,1,0,18181.39,24,Salaried,0.9287,1.4184,0.4298,Low
C04838,24,21-30,20044.1,850.0,58564.92,11.3,15815.43,5000.0,0,1,709.32,48,Salaried,3.7108,2.9934,0.0354,Low
C04839,59,46-65,141006.24,685.0,243530.53,10.6,145243.93,5687.31,0,1,16825.83,36,Self-employed,2.7571,0.484,0.1193,Medium
C04840,62,46-65,79568.96,772.0,159484.77,10.6,127906.89,5000.0,0,1,2820.09,12,Self-employed,3.6119,0.7541,0.0354,Medium
C04841,55,46-65,63937.67,639.0,130391.01,19.0,125615.13,5000.0,0,0,19436.1,36,Salaried,4.004,0.9384,0.304,Medium
C04842,26,21-30,19487.19,752.0,11729.0,9.0,31391.9,5000.0,0,2,6111.25,24,Salaried,2.2128,3.0789,0.3136,Low
C04843,25,21-30,23837.46,497.0,76417.9,4.7,16675.46,5000.0,0,2,9502.33,48,Salaried,3.9053,2.517,0.3986,High
C04844,29,21-30,64916.35,649.0,165314.8,13.8,82612.05,5000.0,0,2,28513.63,48,Self-employed,3.8192,0.9243,0.4392,Medium
C04845,54,46-65,192127.03,673.0,75146.91,4.0,84804.2,12251.53,0,3,17078.9,36,Salaried,0.8325,0.7652,0.0889,Low
C04846,55,46-65,44262.29,715.0,103826.3,8.0,66156.03,5000.0,0,2,29492.58,48,Salaried,3.8403,1.3556,0.6663,Medium
C04847,58,46-65,104530.22,760.0,352791.98,6.2,54272.52,5102.58,0,1,30244.36,36,Self-employed,3.8942,0.5858,0.2893,Low
C04848,25,21-30,49920.96,598.0,161809.18,7.5,8638.64,5000.0,0,2,3184.21,12,Salaried,3.4144,1.2019,0.0638,High
C04849,27,21-30,67005.11,729.0,159414.31,11.9,89657.21,5000.0,0,0,35250.24,36,Salaried,3.7172,0.8955,0.5261,Low
C04850,61,46-65,126781.28,772.0,93944.59,11.3,63736.52,7815.67,0,4,76813.76,48,Salaried,1.2437,0.7398,0.6059,Low
C04851,62,46-65,53737.65,850.0,65349.01,7.6,0.0,5000.0,0,2,10706.7,24,Self-employed,1.2161,1.1165,0.1992,Low
C04852,53,46-65,44470.66,733.0,39413.31,5.7,59044.62,5000.0,0,0,35864.91,36,Self-employed,2.214,1.3492,0.8065,Low
C04853,25,21-30,141787.02,646.0,430026.19,15.3,26123.3,6720.07,0,1,99915.84,60,Salaried,3.2171,0.5687,0.7047,Medium
C04854,24,21-30,66649.27,585.0,184488.02,12.3,35400.31,5000.0,0,3,47447.86,36,Self-employed,3.2992,0.9002,0.7119,Medium
C04855,23,21-30,118457.01,817.0,372755.02,2.8,83277.5,5287.74,0,1,36461.65,12,Salaried,3.8498,0.5357,0.3078,Low
C04856,52,46-65,44589.59,735.0,32981.52,3.1,14512.15,5000.0,0,0,5460.45,48,Self-employed,1.0651,1.3456,0.1225,Low
C04857,59,46-65,140901.08,678.0,470231.62,6.2,28046.97,5597.12,0,0,42271.5,24,Salaried,3.5364,0.4767,0.3,Low
C04858,49,46-65,75556.62,559.0,259240.13,2.0,8903.56,5000.0,2,0,25634.11,36,Self-employed,3.5489,0.7941,0.3393,High
C04859,32,31-45,82559.6,610.0,194630.77,3.5,67103.19,5000.0,1,0,53862.32,36,Salaried,3.1702,0.7267,0.6524,High
C04860,55,46-65,69880.27,727.0,219589.08,9.8,102606.17,5000.0,0,0,38250.85,36,Self-employed,4.6107,0.8586,0.5474,Low
C04861,23,21-30,49223.74,707.0,70227.24,11.2,50311.02,5000.0,0,2,27449.07,24,Salaried,2.4488,1.2189,0.5576,Low
C04862,58,46-65,64939.87,534.0,74175.02,7.9,61636.14,5000.0,0,1,2849.39,36,Salaried,2.0913,0.9239,0.0439,Medium
C04863,61,46-65,50956.01,727.0,27721.53,7.9,74014.65,5000.0,1,2,17617.95,36,Business,1.9965,1.1775,0.3457,Medium
C04864,53,46-65,110182.45,562.0,34806.09,6.3,149875.56,7322.76,1,0,57067.02,48,Self-employed,1.6761,0.7975,0.5179,Medium
C04865,60,46-65,58131.39,782.0,18530.42,5.3,59418.0,5000.0,0,2,22137.72,48,Salaried,1.3409,1.0321,0.3808,Low
C04866,47,46-65,28540.05,696.0,79203.13,13.3,56934.99,5000.0,0,2,5529.73,36,Salaried,4.7701,2.1023,0.1938,Medium
C04867,42,31-45,25808.51,645.0,24713.42,13.9,38440.13,5000.0,0,0,3215.57,36,Salaried,2.447,2.3248,0.1246,Low
C04868,35,31-45,25145.84,754.0,6241.44,7.7,53083.15,5000.0,0,0,10252.95,36,Salaried,2.3592,2.3861,0.4077,Low
C04869,62,46-65,91310.99,707.0,54268.73,3.6,7452.53,5000.0,0,0,13473.91,48,Self-employed,0.6759,0.6571,0.1476,Low
C04870,52,46-65,34503.47,779.0,90660.43,5.4,38753.36,5000.0,0,0,22503.56,36,Salaried,3.7507,1.739,0.6522,Low
C04871,29,21-30,76664.17,686.0,238118.3,8.2,59958.55,5000.0,0,1,45306.02,36,Salaried,3.8881,0.7826,0.591,Low
C04872,64,46-65,70070.6,690.0,109455.92,7.7,126741.32,5000.0,0,3,24586.0,48,Salaried,3.3708,0.8563,0.3509,Medium
C04873,23,21-30,62727.35,659.0,164690.93,12.5,89695.07,5000.0,1,1,23615.06,36,Self-employed,4.0554,0.9565,0.3765,Medium
C04874,47,46-65,82724.03,700.0,291305.96,5.1,0.0,5000.0,1,2,12703.34,24,Self-employed,3.5214,0.7253,0.1536,Medium
C04875,29,21-30,70913.03,807.0,197504.63,11.6,20633.18,5000.0,0,0,48318.14,24,Self-employed,3.0761,0.8461,0.6814,Low
C04876,50,46-65,18000.0,642.0,20178.11,8.4,4600.46,5000.0,0,0,16776.99,12,Self-employed,1.3766,3.3333,0.9321,Low
C04877,39,31-45,54401.59,729.0,113845.8,26.8,31933.4,5000.0,0,1,19027.82,48,Salaried,2.6797,1.1029,0.3498,Low
C04878,40,31-45,82121.02,614.0,283919.96,8.1,108989.28,5465.06,0,2,29045.91,24,Salaried,4.7845,0.7986,0.3537,High
C04879,51,46-65,160219.19,525.0,184910.61,5.5,84983.38,5267.47,1,2,36182.78,36,Salaried,1.6845,0.3945,0.2258,High
C04880,55,46-65,164340.25,696.0,465113.87,18.5,154742.51,11115.28,1,2,48552.85,36,Salaried,3.7718,0.8116,0.2954,High
C04881,38,31-45,30712.03,708.0,48102.88,7.7,81317.39,5000.0,0,2,0.0,12,Self-employed,4.214,1.9536,0.0,Medium
C04882,65,46-65,53626.23,672.0,30667.33,11.2,62131.68,5000.0,0,0,33257.84,60,Salaried,1.7305,1.1189,0.6202,Low
C04883,43,31-45,27468.07,568.0,61952.48,2.2,45196.92,5000.0,1,1,875.07,24,Business,3.9009,2.1844,0.0319,High
C04884,28,21-30,149953.32,703.0,427252.43,16.1,179183.32,5000.0,1,3,69712.37,24,Salaried,4.0442,0.4001,0.4649,Medium
C04885,21,21-30,113460.89,700.0,337840.46,5.4,67453.15,5668.33,0,0,49208.52,48,Business,3.5721,0.5995,0.4337,Medium
C04886,30,21-30,78823.46,613.0,249602.46,3.9,0.0,5000.0,0,1,17594.09,36,Business,3.1666,0.7612,0.2232,Medium
C04887,52,46-65,71217.56,578.0,192240.3,14.3,71423.13,5000.0,0,1,46314.1,24,Salaried,3.7022,0.8425,0.6503,High
C04888,45,31-45,138897.24,661.0,264771.27,5.0,204983.64,7353.18,1,3,68356.04,36,Salaried,3.382,0.6353,0.4921,High
C04889,36,31-45,126547.3,729.0,410417.54,4.5,157366.57,8256.68,0,2,50627.07,48,Salaried,4.4867,0.7829,0.4001,Low
C04890,42,31-45,122892.73,711.0,94616.97,3.5,129561.95,5000.0,0,1,58391.47,24,Salaried,1.8242,0.4882,0.4751,Low
C04891,58,46-65,83559.69,614.0,27148.6,6.2,19356.04,5000.0,0,2,50668.24,24,Salaried,0.5565,0.718,0.6064,Low
C04892,46,46-65,53640.89,690.0,79967.65,5.0,23490.2,5000.0,0,0,3846.01,36,Self-employed,1.9287,1.1185,0.0717,Low
C04893,23,21-30,99117.49,747.0,200708.32,13.2,44893.82,6106.92,1,1,39684.29,12,Self-employed,2.4779,0.7394,0.4004,Low
C04894,23,21-30,101820.38,592.0,253947.4,5.2,175739.94,5000.0,1,2,67882.86,24,Salaried,4.2201,0.5893,0.6667,High
C04895,42,31-45,58529.84,685.0,182343.74,5.9,43869.66,5000.0,0,3,0.0,24,,3.8649,1.0251,0.0,Medium
C04896,39,31-45,53581.31,780.0,5000.0,5.6,99874.93,5000.0,0,0,24981.9,24,Salaried,1.9573,1.1198,0.4662,Low
C04897,59,46-65,121232.42,584.0,355111.38,11.8,15014.26,5000.0,0,0,73122.01,36,Self-employed,3.053,0.4949,0.6032,Medium
C04898,47,46-65,162333.22,767.0,357642.1,13.9,145772.05,7907.09,0,2,76963.87,36,Salaried,3.1011,0.5845,0.4741,Low
C04899,55,46-65,43043.86,801.0,145667.4,8.3,17401.54,5000.0,0,1,15211.52,36,Salaried,3.7884,1.3939,0.3534,Low
C04900,47,46-65,56234.48,663.0,89240.65,8.1,89576.74,5000.0,0,1,13363.68,60,Salaried,3.1799,1.067,0.2376,Medium
C04901,36,31-45,78838.42,654.0,173072.47,9.0,19273.25,5000.0,0,1,0.0,36,Salaried,2.4397,0.7611,0.0,Low
C04902,50,46-65,84946.08,757.0,234897.08,9.5,27501.67,5000.0,0,3,46240.1,48,Salaried,3.089,0.7063,0.5443,Low
C04903,48,46-65,48768.56,666.0,92918.45,12.5,0.0,5000.0,0,1,31218.84,48,Salaried,1.9053,1.2303,0.6401,Low
C04904,53,46-65,183153.32,504.0,123625.73,12.0,25024.48,8577.54,0,1,70864.38,24,Salaried,0.8116,0.562,0.3869,Low
C04905,29,21-30,81985.28,673.0,30565.32,0.4,59939.85,5000.0,0,1,56547.88,60,Salaried,1.1039,0.7318,0.6897,Low
C04906,49,46-65,87064.41,715.0,46015.64,4.2,135958.67,5000.0,0,1,38869.36,36,Self-employed,2.0901,0.6891,0.4464,Low
C04907,33,31-45,171018.8,736.0,313851.26,1.7,289185.76,11427.25,0,1,25907.82,36,Salaried,3.5261,0.8018,0.1515,Medium
C04908,56,46-65,50774.96,614.0,109713.02,9.9,42912.91,5000.0,1,0,1543.85,60,Salaried,3.0059,1.1817,0.0304,High
C04909,56,46-65,61914.21,660.0,121234.6,3.3,93457.02,5000.0,0,1,32447.53,36,Business,3.4676,0.9691,0.5241,Medium
C04910,49,46-65,32624.39,753.0,76065.88,11.0,22440.83,5000.0,0,3,17214.88,24,Self-employed,3.0194,1.8391,0.5277,Low
C04911,63,46-65,59121.49,676.0,12943.41,9.4,68084.2,5000.0,0,0,29135.28,36,Salaried,1.3705,1.0149,0.4928,Low
C04912,45,31-45,28659.28,565.0,27521.61,8.0,19627.08,5000.0,0,0,5355.53,24,Self-employed,1.6451,2.0936,0.1869,Medium
C04913,22,21-30,98072.25,773.0,260155.3,7.1,62244.45,5478.06,0,1,57064.65,24,Salaried,3.2874,0.6703,0.5819,Low
C04914,48,46-65,81890.7,664.0,233112.99,13.7,14794.85,5000.0,0,2,45588.5,36,Salaried,3.0273,0.7327,0.5567,Low
C04915,55,46-65,55812.57,762.0,142335.71,11.5,94878.32,5000.0,1,4,36238.38,60,Self-employed,4.2502,1.075,0.6493,High
C04916,25,21-30,61507.2,575.0,158407.07,4.0,43984.53,5000.0,0,2,39490.98,48,Business,3.2905,0.9755,0.6421,High
C04917,25,21-30,98809.5,671.0,346823.33,9.7,52844.6,6390.52,0,0,30487.1,60,Self-employed,4.0448,0.7761,0.3085,Low
C04918,33,31-45,34802.85,718.0,122667.58,8.8,24741.38,5000.0,1,1,17038.57,36,Salaried,4.2355,1.724,0.4896,Medium
C04919,58,46-65,72724.59,673.0,167939.93,16.3,34342.45,5000.0,0,3,31960.37,36,Salaried,2.7815,0.825,0.4395,Medium
C04920,44,31-45,95499.18,591.0,115675.73,17.7,94810.4,5000.0,0,0,64051.29,12,Salaried,2.2041,0.6283,0.6707,Low
C04921,64,46-65,24389.11,501.0,5748.46,8.5,30065.67,5000.0,0,2,8474.8,36,Self-employed,1.4684,2.4601,0.3475,Medium
C04922,60,46-65,94736.86,794.0,199367.67,25.6,132245.68,5000.0,0,0,35513.43,12,Salaried,3.5004,0.6333,0.3749,Low
C04923,45,31-45,25884.72,699.0,33033.1,5.0,36275.67,5000.0,0,0,8661.91,48,Salaried,2.6776,2.318,0.3346,Low
C04924,51,46-65,60929.06,768.0,43774.64,2.7,66614.11,5000.0,0,0,34659.21,60,Self-employed,1.8118,0.9848,0.5688,Low
C04925,35,31-45,34278.63,750.0,14031.32,18.9,23329.88,5000.0,0,0,14084.02,36,Business,1.0899,1.7504,0.4109,Low
C04926,25,21-30,142818.26,725.0,462020.66,4.5,267741.58,9465.09,1,2,6418.54,24,Salaried,5.1097,0.7953,0.0449,High
C04927,38,31-45,34397.05,656.0,8864.94,2.8,42387.97,5000.0,0,2,11973.29,24,Self-employed,1.49,1.7443,0.3481,Low
C04928,47,46-65,26226.83,717.0,102157.65,4.8,20508.54,5000.0,0,1,15375.73,12,Salaried,4.6771,2.2877,0.5863,Medium
C04929,29,21-30,69946.52,787.0,228598.31,5.9,67850.5,5000.0,1,1,40252.93,48,Salaried,4.2382,0.8578,0.5755,Medium
C04930,30,21-30,51772.06,686.0,138123.75,1.8,89403.6,5000.0,0,1,21315.9,36,Salaried,4.3948,1.1589,0.4117,Medium
C04931,21,21-30,28413.22,823.0,5000.0,6.8,51443.93,5000.0,0,3,872.99,60,Salaried,1.9865,2.1117,0.0307,Low
C04932,54,46-65,86798.18,568.0,262592.24,5.5,59616.51,5659.02,1,2,37176.87,48,Salaried,3.7122,0.7824,0.4283,High
C04933,61,46-65,21738.02,559.0,33233.0,8.7,21839.35,5000.0,1,1,17338.07,48,Salaried,2.5335,2.7601,0.7976,High
C04934,58,46-65,36761.63,754.0,36325.11,1.1,48633.08,5000.0,0,1,4041.39,24,Salaried,2.3111,1.6321,0.1099,Low
C04935,38,31-45,47371.33,619.0,112081.87,7.2,72248.91,5000.0,1,2,14395.96,36,Self-employed,3.8912,1.2666,0.3039,High
C04936,47,46-65,101049.41,833.0,47203.48,28.4,11833.95,5000.0,0,1,66594.68,48,Salaried,0.5842,0.5938,0.659,Low
C04937,64,46-65,132541.38,780.0,338017.72,14.8,200543.69,6371.8,0,1,41801.29,36,Business,4.0633,0.5769,0.3154,Low
C04938,47,46-65,119213.68,799.0,383268.36,3.0,55433.13,6583.54,0,0,66451.3,36,Salaried,3.68,0.6627,0.5574,Low
C04939,34,31-45,59745.07,746.0,107349.14,5.0,16749.62,5000.0,0,0,2785.91,48,Salaried,2.0771,1.0043,0.0466,Low
C04940,36,31-45,18000.0,611.0,51763.94,6.1,10715.39,5000.0,1,2,0.0,36,Salaried,3.4711,3.3333,0.0,High
C04941,53,46-65,80588.54,556.0,123209.06,18.5,31310.1,5000.0,0,0,15085.59,36,Salaried,1.9174,0.7445,0.1872,Low
C04942,41,31-45,145941.06,792.0,437688.37,6.9,35936.08,7529.7,0,0,28530.13,48,Salaried,3.2453,0.6191,0.1955,Low
C04943,58,46-65,128120.6,568.0,348103.35,6.2,223819.57,5000.0,0,4,77675.16,36,Salaried,4.4639,0.4683,0.6063,High
C04944,59,46-65,83848.3,,42512.46,3.4,105394.0,5000.0,0,0,59126.1,24,Business,1.764,0.7156,0.7052,Low
C04945,22,21-30,33789.86,730.0,103033.1,6.2,52068.3,5000.0,1,0,7498.89,48,Salaried,4.5902,1.7757,0.2219,Medium
C04946,53,46-65,48689.74,674.0,171825.16,6.7,9266.54,5000.0,0,3,5178.45,36,Salaried,3.7193,1.2323,0.1064,High
C04947,37,31-45,188290.35,713.0,265855.82,9.2,15271.97,12333.67,0,2,112645.71,60,Business,1.4931,0.786,0.5983,Medium
C04948,44,31-45,29820.2,715.0,86097.74,4.6,25272.73,5000.0,0,1,17989.57,36,Salaried,3.7347,2.0121,0.6033,Medium
C04949,32,31-45,34573.05,665.0,27757.07,3.4,9935.72,5000.0,0,1,12921.96,36,Salaried,1.0902,1.7355,0.3738,Low
C04950,37,31-45,,787.0,22154.85,3.3,97840.3,5000.0,0,4,22281.83,36,Business,1.0993,0.5497,0.2041,Low
C04951,35,31-45,51277.38,784.0,46578.47,15.0,85437.08,5000.0,1,2,20190.5,48,Salaried,2.5745,1.1701,0.3938,Low
C04952,23,21-30,33934.15,692.0,65026.72,16.5,25990.06,5000.0,1,2,18471.57,60,Business,2.6822,1.7681,0.5443,Medium
C04953,56,46-65,150621.7,635.0,49731.7,15.2,206662.9,8459.49,1,0,39703.29,36,Salaried,1.7022,0.674,0.2636,Low
C04954,27,21-30,83761.05,778.0,53530.52,6.2,107929.92,5077.24,0,1,8494.91,36,Salaried,1.9276,0.7274,0.1014,Low
C04955,37,31-45,52688.47,528.0,179189.07,14.7,13561.38,5000.0,1,0,0.0,36,Salaried,3.6583,1.1388,0.0,High
C04956,29,21-30,34612.37,713.0,63143.83,13.4,14313.51,5000.0,0,1,20383.78,24,Salaried,2.2379,1.7335,0.5889,Low
C04957,28,21-30,200429.16,735.0,500000.0,10.8,217216.58,8728.97,0,2,87960.23,60,Salaried,3.5784,0.5226,0.4389,Low
C04958,37,31-45,64131.7,618.0,55141.23,6.6,19555.59,5000.0,0,2,18789.06,12,Salaried,1.1647,0.9356,0.293,Low
C04959,62,46-65,140178.65,753.0,56543.76,10.8,124627.41,5000.0,0,1,38845.73,48,Salaried,1.2924,0.428,0.2771,Low
C04960,63,46-65,106259.66,678.0,286273.94,3.1,118116.43,5000.0,1,2,22991.09,48,Salaried,3.8057,0.5647,0.2164,Medium
C04961,38,31-45,48807.86,639.0,64307.95,13.8,41625.24,5000.0,0,1,11175.0,60,Salaried,2.1704,1.2293,0.229,Low
C04962,43,31-45,49022.02,752.0,77117.43,1.4,31103.02,5000.0,1,1,335.93,36,Salaried,2.2076,1.2239,0.0069,Low
C04963,65,46-65,144006.79,599.0,492896.65,6.6,187920.44,5000.0,0,1,50451.85,36,Business,4.7277,0.4166,0.3503,High
C04964,31,31-45,145295.82,745.0,186319.92,7.5,116324.23,6326.6,0,0,94525.0,60,Salaried,2.083,0.5225,0.6506,Low
C04965,63,46-65,23152.05,531.0,36247.65,6.4,33884.22,5000.0,0,1,12846.26,36,,3.0292,2.5916,0.5549,High
C04966,25,21-30,87949.82,701.0,218661.75,14.0,53845.18,5000.0,0,0,15362.96,24,Business,3.0984,0.6822,0.1747,Medium
C04967,31,31-45,60807.86,683.0,33531.45,3.1,86419.58,5000.0,0,1,14524.75,24,Salaried,1.9726,0.9867,0.2389,Low
C04968,36,31-45,36820.68,640.0,85687.44,4.1,37721.24,5000.0,1,0,9502.51,24,Salaried,3.3516,1.6295,0.2581,High
C04969,22,21-30,75064.49,709.0,136452.28,8.7,138852.25,5000.0,1,2,9465.57,36,Salaried,3.6676,0.7993,0.1261,Medium
C04970,57,46-65,30941.83,674.0,15616.23,2.5,26403.52,5000.0,0,0,11663.68,48,Self-employed,1.358,1.9391,0.377,Low
C04971,59,46-65,50291.54,759.0,99813.46,6.1,65613.7,5000.0,0,0,23343.75,36,Salaried,3.2894,1.193,0.4642,Low
C04972,38,31-45,41897.52,722.0,73204.38,19.5,30887.41,5000.0,1,1,16070.67,48,Salaried,2.4844,1.4321,0.3836,Low
C04973,58,46-65,49377.86,714.0,118820.38,13.8,14750.31,5000.0,0,1,27307.46,24,,2.7051,1.2151,0.553,Low
C04974,55,46-65,62494.22,702.0,205877.91,21.6,70479.19,5000.0,0,3,8893.87,36,Salaried,4.4221,0.9601,0.1423,Low
C04975,57,46-65,37182.03,645.0,103532.55,8.2,20676.09,5000.0,1,1,16063.47,24,Business,3.3406,1.6137,0.432,High
C04976,57,46-65,154413.76,657.0,218707.05,14.4,162581.66,5000.0,0,0,63397.13,48,Business,2.4693,0.3886,0.4106,Low
C04977,46,46-65,85258.95,699.0,280479.23,14.9,165359.66,5000.0,0,2,50113.0,48,Salaried,5.2292,0.7037,0.5878,Low
C04978,25,21-30,174407.92,667.0,491614.13,2.5,181700.52,11645.24,0,0,40866.46,48,Salaried,3.8606,0.8012,0.2343,Medium
C04979,62,46-65,59521.84,763.0,24749.81,5.3,11569.0,5000.0,0,0,9482.47,12,Salaried,0.6102,1.008,0.1593,Low
C04980,48,46-65,48064.93,687.0,14075.77,6.4,0.0,5000.0,0,1,19706.21,48,Self-employed,0.2928,1.2483,0.41,Low
C04981,61,46-65,170974.75,708.0,165920.2,28.8,16447.18,8469.84,1,0,42659.35,48,Salaried,1.0666,0.5945,0.2495,Low
C04982,64,46-65,47297.36,575.0,26336.8,16.7,81418.51,5000.0,0,4,22933.96,60,Business,2.2783,1.2686,0.4849,High
C04983,29,21-30,58928.61,751.0,100298.8,3.7,39399.15,5000.0,0,2,42228.19,60,Salaried,2.3706,1.0182,0.7166,Low
C04984,39,31-45,96584.02,636.0,120181.36,20.8,151487.47,6826.19,0,1,50239.21,48,Salaried,2.8128,0.8481,0.5202,Medium
C04985,29,21-30,32905.44,602.0,130826.16,6.0,31249.01,5000.0,0,2,13347.52,48,Self-employed,4.9255,1.8234,0.4056,High
C04986,23,21-30,96120.19,803.0,176027.54,11.8,159892.96,6754.53,1,0,57674.89,36,Self-employed,3.4948,0.8433,0.6,Low
C04987,64,46-65,89588.61,732.0,88511.11,6.7,65419.44,6274.66,0,1,58323.99,48,Business,1.7182,0.8405,0.651,Low
C04988,62,46-65,130649.24,753.0,441951.36,1.5,207412.71,5000.0,0,2,66413.57,36,Salaried,4.9703,0.4592,0.5083,Low
C04989,62,46-65,106050.11,714.0,204028.37,20.9,116319.91,5000.0,0,1,40735.36,48,Salaried,3.0207,0.5658,0.3841,Low
C04990,60,46-65,132870.55,673.0,55944.47,15.3,64166.11,5000.0,0,1,83596.68,60,Self-employed,0.904,0.4516,0.6292,Low
C04991,50,46-65,61169.9,659.0,24001.74,7.2,81482.53,5000.0,1,1,11556.2,36,Self-employed,1.7244,0.9809,0.1889,Low
C04992,44,31-45,40444.01,738.0,98652.85,10.7,2219.81,5000.0,0,0,15138.74,36,Salaried,2.4941,1.4835,0.3743,Low
C04993,65,46-65,207447.7,765.0,386075.96,5.3,81449.5,7106.01,0,3,38498.04,36,Salaried,2.2537,0.4111,0.1856,Low
C04994,45,31-45,28070.09,675.0,78905.85,4.8,27502.47,5000.0,1,1,11268.52,48,Business,3.7908,2.1375,0.4014,High
C04995,49,46-65,29660.17,835.0,86357.61,15.3,24547.26,5000.0,0,3,24061.06,48,Self-employed,3.7392,2.0229,0.8112,Low
C04996,30,21-30,88695.37,665.0,202632.91,14.0,85177.03,5027.7,0,1,34176.22,48,Business,3.2449,0.6802,0.3853,Medium
C04997,54,46-65,158876.89,575.0,498944.4,24.8,176942.08,10830.55,0,3,22733.31,24,Business,4.2542,0.818,0.1431,High
C04998,57,46-65,72142.28,551.0,206873.37,14.3,141473.7,5000.0,0,1,5565.01,60,Self-employed,4.8286,0.8317,0.0771,High
C04999,51,46-65,112618.31,553.0,275328.32,10.5,83408.16,7072.67,0,1,19039.23,24,Salaried,3.1854,0.7536,0.1691,High
C05000,43,31-45,21686.63,649.0,30965.19,14.6,38279.54,5000.0,0,4,5779.29,36,Salaried,3.193,2.7667,0.2665,Medium
C05001,29,21-30,49384.55,663.0,90561.98,11.4,46742.9,5000.0,2,2,17828.72,36,Business,2.7803,1.215,0.361,High
C05002,22,21-30,23189.88,731.0,28033.17,12.0,9324.0,5000.0,0,0,11814.24,36,Self-employed,1.6109,2.5873,0.5095,Low
C05003,49,46-65,99844.43,678.0,182706.52,13.5,72367.87,5292.38,0,3,23672.73,24,Business,2.5547,0.6361,0.2371,Low
C05004,51,46-65,27754.83,743.0,27314.3,15.1,65654.7,5000.0,0,1,9994.11,36,Salaried,3.3497,2.1618,0.3601,Low
C05005,55,46-65,32187.78,683.0,71774.9,7.9,0.0,5000.0,0,1,11540.75,48,Self-employed,2.2299,1.8641,0.3585,Low
C05006,63,46-65,86237.16,681.0,121651.45,1.3,26986.96,5000.0,0,1,67737.02,36,Self-employed,1.7236,0.6958,0.7855,Low
C05007,43,31-45,116558.19,637.0,229428.2,8.2,145217.23,5000.0,0,1,39265.07,60,Salaried,3.2142,0.5148,0.3369,Medium
C05008,58,46-65,59558.25,787.0,86650.25,4.1,38762.03,5000.0,0,0,23868.68,36,Salaried,2.1057,1.0074,0.4008,Low
C05009,53,46-65,88941.79,565.0,290607.08,17.5,21877.46,5995.4,0,0,38527.26,36,Salaried,3.5134,0.8089,0.4332,Medium
C05010,33,31-45,87371.64,703.0,116932.57,19.9,37808.64,5000.0,1,1,43920.52,48,Salaried,1.7711,0.6867,0.5027,Low
C05011,59,46-65,57737.25,666.0,142883.46,4.4,0.0,5000.0,0,3,5293.04,36,Salaried,2.4747,1.0392,0.0917,Medium
C05012,23,21-30,35598.35,739.0,73720.31,6.6,21140.99,5000.0,0,1,27861.0,36,Salaried,2.6648,1.6855,0.7826,Low
C05013,47,46-65,88683.83,678.0,137047.33,7.6,65411.17,5018.12,1,0,6909.86,36,Salaried,2.2829,0.679,0.0779,Low
C05014,63,46-65,91066.49,681.0,259346.02,4.6,160312.29,5000.0,0,6,24162.87,36,Business,4.6083,0.6589,0.2653,High
C05015,50,46-65,106282.51,660.0,348998.4,11.4,161521.68,5000.0,0,1,61221.0,12,Business,4.8034,0.5645,0.576,Medium
C05016,63,46-65,77171.0,784.0,223708.48,3.2,0.0,5000.0,0,2,26809.27,24,Self-employed,2.8989,0.7775,0.3474,Low
C05017,23,21-30,34182.45,680.0,142184.06,9.9,0.0,5000.0,0,2,0.0,12,Salaried,4.1596,1.7553,0.0,Medium
C05018,44,31-45,95018.76,828.0,159538.71,13.9,168926.73,5000.0,1,0,43029.61,60,Salaried,3.4568,0.6315,0.4529,Low
C05019,56,46-65,64950.65,700.0,213971.98,12.2,93178.31,5000.0,0,1,19667.07,36,Salaried,4.729,0.9238,0.3028,Low
C05020,49,46-65,49843.18,682.0,141938.23,11.6,47578.5,5000.0,0,1,11075.95,60,Salaried,3.8023,1.2038,0.2222,Medium
C05021,60,46-65,55275.93,669.0,153151.13,5.0,62146.81,5000.0,0,0,2925.91,36,Salaried,3.895,1.0855,0.0529,Medium
C05022,41,31-45,44466.93,722.0,131705.02,19.3,15868.17,5000.0,0,0,14305.38,24,Salaried,3.3187,1.3493,0.3217,Medium
C05023,51,46-65,105980.1,636.0,284041.28,16.5,41818.98,5000.0,1,2,0.0,48,Salaried,3.0747,0.5661,0.0,High
C05024,39,31-45,29797.49,691.0,51690.6,6.5,15201.43,5000.0,0,0,1894.29,36,Salaried,2.2449,2.0136,0.0636,Low
C05025,60,46-65,37636.34,681.0,77302.58,13.1,30977.98,5000.0,0,4,16564.29,36,Self-employed,2.877,1.5942,0.4401,Medium
C05026,26,21-30,54247.79,704.0,90095.74,5.8,90483.72,5000.0,0,0,8340.62,60,Salaried,3.3288,1.106,0.1538,Low
C05027,32,31-45,157898.15,706.0,394053.63,13.2,29835.5,11095.71,0,0,9208.66,60,Salaried,2.6846,0.8433,0.0583,Low
C05028,25,21-30,116075.58,710.0,159344.64,3.3,3740.8,7207.11,0,0,38718.78,48,Salaried,1.405,0.7451,0.3336,Low
C05029,52,46-65,26362.03,687.0,81936.44,15.7,54170.14,5000.0,0,1,4486.81,36,Salaried,5.163,2.276,0.1702,Medium
C05030,31,31-45,136678.05,798.0,259050.81,6.0,212392.48,7961.33,0,4,35733.34,60,Salaried,3.4493,0.699,0.2614,Low
C05031,35,31-45,136533.28,712.0,177710.11,4.3,76306.19,5000.0,0,0,7528.76,36,Business,1.8605,0.4395,0.0551,Low
C05032,58,46-65,34079.05,850.0,29185.49,3.8,30466.16,5000.0,0,0,5300.83,60,Salaried,1.7504,1.7606,0.1555,Low
C05033,37,31-45,18000.0,684.0,10385.53,10.3,18262.72,5000.0,1,1,5630.5,12,Salaried,1.5916,3.3333,0.3128,Medium
C05034,27,21-30,62468.68,,141282.9,1.9,,5000.0,0,1,17682.82,60,Business,2.5834,0.9605,0.2831,Low
C05035,21,21-30,120508.55,626.0,185169.48,12.3,189823.26,7695.35,0,2,39954.39,24,Business,3.1118,0.7663,0.3315,High
C05036,31,31-45,155957.16,785.0,46102.82,7.4,92086.06,8274.91,0,1,21085.9,36,Salaried,0.8861,0.6367,0.1352,Low
C05037,62,46-65,40262.97,627.0,52784.96,13.9,10215.05,5000.0,0,0,25581.83,48,Self-employed,1.5647,1.4902,0.6354,Low
C05038,45,31-45,170370.55,714.0,238208.18,1.6,141619.77,5000.0,0,1,41984.91,48,Salaried,2.2294,0.3522,0.2464,Low
C05039,65,46-65,19087.32,660.0,16906.61,9.0,16788.03,5000.0,0,0,14823.07,48,Salaried,1.7653,3.1434,0.7766,Low
C05040,30,21-30,53088.45,714.0,37325.16,7.3,82931.91,5000.0,0,2,6672.71,36,Self-employed,2.2652,1.1302,0.1257,Low
C05041,36,31-45,51672.28,662.0,117131.41,4.7,66091.22,5000.0,0,0,21655.16,36,Self-employed,3.5459,1.1612,0.4191,Medium
C05042,28,21-30,122507.55,621.0,330816.48,4.0,4966.99,5000.0,0,3,18114.87,60,Business,2.7409,0.4898,0.1479,Medium
C05043,38,31-45,132748.14,660.0,437135.14,12.8,163861.7,6956.23,0,0,8771.85,36,Salaried,4.5273,0.6288,0.0661,Medium
C05044,46,46-65,109860.38,796.0,58863.49,3.4,30913.28,5000.0,1,0,69341.55,36,Salaried,0.8172,0.5461,0.6312,Low
C05045,57,46-65,30925.61,715.0,24659.37,8.6,19689.88,5000.0,0,1,5829.16,24,Salaried,1.4341,1.9401,0.1885,Low
C05046,37,31-45,104462.46,583.0,35444.56,2.7,58431.05,5000.0,0,2,12454.41,36,Salaried,0.8987,0.5744,0.1192,Low
C05047,55,46-65,86001.12,762.0,189552.67,2.2,0.0,5000.0,1,0,9294.18,36,Self-employed,2.2041,0.6977,0.1081,Low
C05048,49,46-65,25925.02,,14550.66,8.2,14809.28,5000.0,1,4,21305.01,60,Self-employed,1.1325,2.3144,0.8218,Low
C05049,34,31-45,20853.66,736.0,28717.47,9.8,46720.1,5000.0,0,1,7155.1,36,,3.6175,2.8772,0.3431,Medium
C05050,62,46-65,115040.17,721.0,236122.71,4.7,9418.25,7031.47,0,3,10358.72,12,Self-employed,2.1344,0.7335,0.09,Low
C05051,40,31-45,58870.06,726.0,82646.08,11.6,80197.38,5000.0,0,0,0.0,24,Salaried,2.7662,1.0192,0.0,Low
C05052,27,21-30,32057.69,819.0,49016.71,16.4,24032.47,5000.0,0,1,14053.78,24,Self-employed,2.2787,1.8716,0.4384,Low
C05053,64,46-65,57968.09,618.0,133589.03,13.1,58638.0,5000.0,0,1,16506.98,24,Business,3.3161,1.0351,0.2848,High
C05054,62,46-65,79408.85,726.0,244619.06,8.2,75100.02,5000.0,0,3,52036.32,36,,4.0262,0.7556,0.6553,Low
C05055,23,21-30,62104.54,774.0,90382.98,15.8,25643.15,5000.0,0,1,22395.08,36,Salaried,1.8682,0.9661,0.3606,Low
C05056,61,46-65,27682.35,632.0,43172.97,9.2,35762.84,5000.0,1,0,15363.64,36,Salaried,2.8515,2.1674,0.555,High
C05057,63,46-65,183358.56,624.0,366834.66,4.2,164791.4,7986.0,0,1,36737.4,24,Salaried,2.8994,0.5226,0.2004,High
C05058,58,46-65,112923.11,658.0,45711.62,12.3,224365.76,6175.77,0,0,24751.76,12,Salaried,2.3917,0.6563,0.2192,Low
C05059,32,31-45,,704.0,13200.07,14.7,113744.28,5000.0,0,3,27179.21,60,Salaried,2.3486,1.1101,0.5028,Low
C05060,49,46-65,55261.98,574.0,86667.61,2.8,22509.52,5000.0,0,0,42185.03,48,Salaried,1.9756,1.0857,0.7634,Low
C05061,45,31-45,79210.22,721.0,55169.99,6.9,117020.97,5000.0,0,0,46812.97,36,Business,2.1738,0.7575,0.591,Medium
C05062,48,46-65,34921.25,574.0,5000.0,4.2,26601.4,5000.0,0,1,9862.57,36,Salaried,0.9049,1.7182,0.2824,Low
C05063,48,46-65,77622.65,777.0,198253.45,9.4,88472.7,5000.0,0,2,27240.22,60,Business,3.6938,0.773,0.3509,Low
C05064,49,46-65,31264.54,719.0,105307.62,7.5,58452.63,5000.0,1,3,512.07,24,Salaried,5.2379,1.9191,0.0164,High
C05065,44,31-45,62526.69,823.0,29543.93,4.1,64084.76,5000.0,1,0,35104.13,60,Salaried,1.4974,0.9596,0.5614,Low
C05066,52,46-65,34181.1,730.0,70379.62,8.2,24642.79,5000.0,1,0,11007.75,48,Salaried,2.78,1.7554,0.322,Medium
C05067,44,31-45,35143.55,657.0,105372.22,10.0,17313.19,5000.0,0,0,12969.62,36,Salaried,3.491,1.7073,0.369,Low
C05068,21,21-30,160699.27,620.0,159019.67,11.8,234211.72,7291.95,0,2,27434.26,60,Salaried,2.447,0.5445,0.1707,Medium
C05069,22,21-30,67152.19,698.0,177075.08,22.5,71990.48,5000.0,0,1,30260.96,48,Salaried,3.709,0.8935,0.4506,Low
C05070,64,46-65,72854.25,678.0,45304.2,7.2,12433.66,5000.0,0,1,45884.89,24,Salaried,0.7925,0.8236,0.6298,Low
C05071,61,46-65,21501.62,769.0,51202.37,8.8,27103.66,5000.0,0,0,16699.8,24,Salaried,3.6419,2.7905,0.7767,Low
C05072,47,46-65,46807.17,610.0,24277.71,8.5,14897.94,5000.0,0,2,17359.89,36,Salaried,0.837,1.2819,0.3709,Low
C05073,28,21-30,83768.24,832.0,94782.01,28.4,126589.87,5000.0,0,0,45333.12,36,Self-employed,2.6427,0.7163,0.5412,Low
C05074,56,46-65,72324.45,776.0,236381.42,6.0,39344.64,5000.0,0,1,19999.26,36,Salaried,3.8123,0.8296,0.2765,Low
C05075,27,21-30,19879.14,665.0,48926.91,7.4,0.0,5000.0,0,0,11034.03,48,Salaried,2.4612,3.0182,0.5551,Medium
C05076,37,31-45,72843.49,815.0,61813.62,7.8,107904.79,5000.0,0,1,35839.81,48,Salaried,2.3299,0.8237,0.492,Low
C05077,35,31-45,79518.89,621.0,226956.61,3.3,105745.2,5000.0,0,0,47968.05,24,Self-employed,4.1839,0.7545,0.6032,Medium
C05078,21,21-30,131690.75,695.0,412558.1,11.4,111144.93,5000.0,0,2,36987.08,36,Self-employed,3.9768,0.4556,0.2809,Medium
C05079,57,46-65,45331.86,584.0,83940.21,9.6,52270.06,5000.0,1,0,25961.25,36,Self-employed,3.0047,1.3236,0.5727,High
C05080,43,31-45,18939.5,,22176.57,5.8,16714.11,5000.0,0,1,0.0,24,Salaried,2.0534,3.168,0.0,Low
C05081,35,31-45,37568.4,556.0,24998.42,11.7,0.0,5000.0,0,0,21464.01,60,Self-employed,0.6654,1.5971,0.5713,Low
C05082,43,31-45,35552.18,572.0,110724.99,10.6,0.0,5000.0,0,0,9276.46,36,Business,3.1144,1.6877,0.2609,High
C05083,21,21-30,97473.17,632.0,75619.32,4.0,96786.01,5000.0,0,4,66624.45,36,Salaried,1.7687,0.6156,0.6835,Low
C05084,40,31-45,18000.0,779.0,15994.13,11.5,614.28,5000.0,0,1,3755.71,36,Self-employed,0.9227,3.3333,0.2087,Low
C05085,44,31-45,50794.66,752.0,31567.47,2.0,55469.16,5000.0,0,2,15992.1,24,Salaried,1.7135,1.1812,0.3148,Low
C05086,36,31-45,142390.71,689.0,67029.64,8.8,132752.77,5000.0,1,4,64807.5,60,Salaried,1.4031,0.4214,0.4551,Low
C05087,58,46-65,65258.36,756.0,119831.27,4.7,65972.88,5000.0,0,2,0.0,60,Salaried,2.8472,0.9194,0.0,High
C05088,32,31-45,106416.59,671.0,152458.25,19.6,7754.23,7475.42,0,3,11752.42,36,Self-employed,1.5055,0.843,0.1104,Low
C05089,27,21-30,26348.15,712.0,5000.0,15.8,20063.46,5000.0,0,3,14540.43,48,Self-employed,0.9512,2.2772,0.5519,Low
C05090,44,31-45,26931.4,804.0,21731.19,19.8,25045.65,5000.0,0,3,5595.08,48,Salaried,1.7369,2.2279,0.2078,Low
C05091,60,46-65,143290.01,662.0,50193.37,5.1,89475.94,5902.09,0,2,55765.99,60,Salaried,0.9747,0.4943,0.3892,Low
C05092,37,31-45,68721.06,623.0,14204.24,4.1,111335.13,5000.0,0,0,31781.14,24,Salaried,1.8268,0.8731,0.4625,Low
C05093,23,21-30,68798.93,715.0,60947.62,8.0,116126.1,5000.0,0,1,26977.74,24,Salaried,2.5738,0.8721,0.3921,Low
C05094,64,46-65,35142.22,736.0,87907.68,5.5,13930.53,5000.0,0,0,14601.06,48,Self-employed,2.8979,1.7073,0.4155,Low
C05095,40,31-45,68704.67,688.0,8204.01,4.7,29645.44,5000.0,0,2,38924.25,48,Salaried,0.5509,0.8733,0.5665,Low
C05096,28,21-30,34609.27,755.0,44599.79,16.6,15384.81,5000.0,1,2,7177.22,24,Salaried,1.7332,1.7336,0.2074,Low
C05097,48,46-65,124856.62,665.0,259235.96,16.4,92163.62,5000.0,0,0,69410.44,48,Self-employed,2.8144,0.4806,0.5559,Low
C05098,35,31-45,291399.2,690.0,500000.0,13.7,350000.0,17360.86,0,4,56038.19,60,Self-employed,2.917,0.7149,0.1923,High
C05099,63,46-65,84821.99,708.0,212114.65,2.2,9758.14,5000.0,0,0,31483.2,36,Salaried,2.6157,0.7074,0.3712,Low
C05100,34,31-45,45840.44,702.0,145794.18,10.7,41835.42,5000.0,1,1,5848.48,48,Salaried,4.0931,1.3089,0.1276,Low
C05101,45,31-45,18000.0,801.0,16280.6,7.0,1503.97,5000.0,1,1,0.0,48,Salaried,0.988,3.3333,0.0,Low
C05102,45,31-45,25737.06,708.0,13520.7,12.9,39439.75,5000.0,0,1,14990.52,48,Salaried,2.0578,2.3313,0.5824,Low
C05103,31,31-45,152865.93,657.0,52123.28,12.6,192334.79,7832.41,1,2,25356.92,48,Salaried,1.5992,0.6148,0.1659,Low
C05104,43,31-45,36904.44,720.0,25952.15,9.9,61010.37,5000.0,0,0,6907.97,36,Salaried,2.3564,1.6258,0.1872,Low
C05105,25,21-30,53007.22,756.0,191335.51,16.7,62540.73,5000.0,0,3,12254.03,36,Salaried,4.7895,1.1319,0.2312,Low
C05106,49,46-65,93206.42,738.0,188248.29,9.7,82345.18,6049.04,0,2,42378.11,36,Salaried,2.9032,0.7788,0.4547,Low
C05107,55,46-65,146884.51,734.0,398320.47,1.9,29158.82,9540.06,0,4,85664.65,36,Salaried,2.9103,0.7794,0.5832,Low
C05108,63,46-65,58242.45,568.0,198349.44,6.7,76974.88,5000.0,0,0,11570.36,36,Self-employed,4.7272,1.0302,0.1987,High
C05109,35,31-45,,493.0,161320.77,5.1,66635.95,5000.0,0,2,29274.21,48,Self-employed,4.3813,1.1532,0.5626,High
C05110,33,31-45,67611.55,776.0,110460.56,4.1,36527.2,5000.0,1,2,30930.63,24,Salaried,2.174,0.8874,0.4575,Low
C05111,45,31-45,46025.08,713.0,136687.97,4.3,76784.27,5000.0,0,2,8069.12,60,Salaried,4.6382,1.3036,0.1753,Medium
C05112,52,46-65,47407.8,678.0,66317.65,6.1,69784.92,5000.0,1,0,27434.8,36,Business,2.8709,1.2656,0.5787,Medium
C05113,65,46-65,81525.95,732.0,34669.83,5.5,72475.24,5000.0,0,3,27272.92,24,Salaried,1.3142,0.736,0.3345,Low
C05114,22,21-30,71973.47,825.0,137519.9,11.2,125858.06,5000.0,0,3,26260.69,60,Business,3.6594,0.8336,0.3649,Low
C05115,31,31-45,209929.17,786.0,500000.0,4.9,272886.51,9461.92,0,0,85324.57,24,Business,3.6817,0.5409,0.4064,Low
C05116,32,31-45,82744.22,752.0,224608.8,11.5,137872.72,5000.0,0,2,44210.95,48,Salaried,4.3807,0.7251,0.5343,Low
C05117,32,31-45,122427.29,613.0,183685.83,14.5,141947.64,5164.0,0,1,22563.29,24,Business,2.6598,0.5062,0.1843,Medium
C05118,41,31-45,36059.86,623.0,107698.45,11.3,61584.68,5000.0,2,0,6333.72,48,Salaried,4.6945,1.6639,0.1756,Low
C05119,60,46-65,86766.78,501.0,144635.63,9.0,43041.71,5504.89,2,0,8603.47,36,Salaried,2.163,0.7613,0.0992,High
C05120,22,21-30,43673.76,728.0,99816.61,12.1,32431.63,5000.0,0,1,5377.19,36,Business,3.0281,1.3738,0.1231,Medium
C05121,57,46-65,80792.7,763.0,96555.71,4.2,95322.48,5000.0,0,2,64151.73,48,Salaried,2.3749,0.7426,0.794,Low
C05122,48,46-65,94923.4,769.0,70605.03,2.1,160417.05,5595.64,0,0,45236.57,36,Salaried,2.4338,0.7074,0.4766,Low
C05123,48,46-65,66807.49,731.0,87232.19,12.4,111073.43,5000.0,0,2,28788.78,36,Salaried,2.9683,0.8981,0.4309,Low
C05124,51,46-65,244304.75,668.0,500000.0,9.7,65413.18,12491.75,0,0,94564.95,36,Salaried,2.3144,0.6136,0.3871,Low
C05125,26,21-30,142561.88,638.0,500000.0,20.6,,7288.23,0,2,38733.46,48,Salaried,4.8479,0.6135,0.2717,Medium
C05126,54,46-65,124197.4,618.0,125111.81,14.6,59676.13,5000.0,0,0,21210.28,60,Salaried,1.4879,0.4831,0.1708,Low
C05127,32,31-45,98962.86,668.0,74045.37,6.7,112183.05,5000.0,0,0,962.46,60,Self-employed,1.8818,0.6063,0.0097,Medium
C05128,44,31-45,171440.41,607.0,63440.34,7.3,104898.05,9445.06,0,2,78510.21,60,Salaried,0.9819,0.6611,0.4579,Low
C05129,51,46-65,29490.09,812.0,75551.35,9.2,46708.36,5000.0,1,2,8845.59,60,Business,4.1458,2.0346,0.3,Medium
C05130,48,46-65,138108.97,582.0,280627.32,7.5,127396.45,7624.2,0,2,76394.16,36,Salaried,2.9544,0.6625,0.5531,Medium
C05131,35,31-45,37682.77,665.0,85828.47,9.0,63790.66,5000.0,0,1,27198.32,36,Salaried,3.9705,1.5922,0.7218,Medium
C05132,38,31-45,47655.63,535.0,5000.0,5.7,75332.53,5000.0,1,2,28805.33,48,Self-employed,1.6857,1.259,0.6044,High
C05133,42,31-45,88513.33,702.0,27086.73,13.3,20787.17,5000.0,0,3,10925.58,60,Salaried,0.5409,0.6779,0.1234,Low
C05134,22,21-30,128080.42,680.0,410286.4,10.9,152145.09,5000.0,0,3,79961.55,60,Self-employed,4.3912,0.4685,0.6243,Low
C05135,53,46-65,34464.17,653.0,66584.93,7.9,47019.99,5000.0,0,1,11378.78,36,Business,3.2963,1.7409,0.3302,Medium
C05136,25,21-30,49032.71,610.0,28278.43,3.8,37985.84,5000.0,0,1,16688.26,48,Salaried,1.3514,1.2237,0.3403,Low
C05137,41,31-45,68581.99,680.0,59109.51,7.8,14521.64,5000.0,0,0,0.0,60,Business,1.0736,0.8749,0.0,Low
C05138,50,46-65,58667.5,639.0,37365.06,10.1,87213.55,5000.0,0,3,33752.18,36,Salaried,2.1235,1.0227,0.5753,Low
C05139,24,21-30,103970.26,670.0,39069.96,7.5,8178.2,5000.0,0,2,29762.66,60,Business,0.4544,0.5771,0.2863,Low
C05140,65,46-65,350000.0,827.0,118147.18,6.5,88482.94,16680.75,1,1,50148.83,48,Salaried,0.5904,0.5719,0.1433,Low
C05141,37,31-45,81860.26,693.0,218449.33,1.6,98614.91,5158.5,0,0,30455.63,36,Salaried,3.8732,0.7562,0.372,Low
C05142,21,21-30,43381.33,720.0,43395.17,29.0,21620.58,5000.0,0,1,14273.43,60,Business,1.4987,1.3831,0.329,Low
C05143,50,46-65,31858.61,645.0,60919.49,4.6,39535.96,5000.0,0,0,20490.94,36,Salaried,3.1532,1.8833,0.6432,Medium
C05144,46,46-65,54352.88,621.0,109313.39,10.4,37362.32,5000.0,1,1,7050.65,24,Self-employed,2.6986,1.1039,0.1297,High
C05145,49,46-65,38754.61,678.0,55824.71,4.1,13418.4,5000.0,3,2,19946.85,36,Salaried,1.7867,1.5482,0.5147,Medium
C05146,54,46-65,84060.74,850.0,140074.4,9.9,66284.21,5000.0,0,1,36541.88,24,Salaried,2.4549,0.7138,0.4347,Low
C05147,42,31-45,83345.88,658.0,269236.73,10.4,67105.77,5000.0,0,0,32747.4,48,Salaried,4.0355,0.7199,0.3929,Medium
C05148,58,46-65,50382.54,707.0,48727.29,6.8,12761.93,5000.0,0,1,22710.28,48,Self-employed,1.2204,1.1909,0.4508,Low
C05149,37,31-45,193661.64,618.0,500000.0,7.5,161241.3,8795.79,0,1,119240.82,48,Salaried,3.4144,0.545,0.6157,Medium
C05150,45,31-45,43375.35,473.0,58441.53,5.4,51611.19,5000.0,1,0,9901.11,36,Salaried,2.5372,1.3833,0.2283,High
C05151,28,21-30,60867.55,621.0,49826.31,29.0,58397.38,5000.0,0,1,39.65,36,Salaried,1.778,0.9857,0.0007,Low
C05152,48,46-65,92381.5,850.0,40400.38,13.8,30566.14,5000.0,0,1,6032.64,60,Business,0.7682,0.6495,0.0653,Low
C05153,32,31-45,106167.44,725.0,257469.5,9.0,136792.73,5000.0,0,0,40976.78,36,Business,3.7136,0.5651,0.386,Low
C05154,52,46-65,131243.5,803.0,192475.97,5.8,102261.66,7656.28,0,2,44866.45,48,Salaried,2.2457,0.7,0.3419,Low
C05155,57,46-65,82274.43,654.0,230637.7,13.0,6068.95,5000.0,1,0,44636.23,36,Salaried,2.877,0.7293,0.5425,Medium
C05156,59,46-65,115860.78,503.0,74313.66,13.1,104871.61,7028.13,0,1,8816.38,36,Self-employed,1.5466,0.7279,0.0761,Medium
C05157,62,46-65,45086.27,597.0,81705.68,4.2,73062.53,5000.0,0,2,0.0,36,Salaried,3.4327,1.3308,0.0,High
C05158,26,21-30,107698.14,710.0,20012.51,2.6,198097.23,5000.0,0,2,4858.29,36,Salaried,2.0252,0.5571,0.0451,Low
C05159,27,21-30,106910.1,698.0,108462.6,5.7,24004.63,6970.9,0,0,39381.75,60,Salaried,1.2391,0.7824,0.3684,Low
C05160,62,46-65,149377.24,679.0,342139.81,5.5,115199.31,5000.0,1,0,99325.44,60,Salaried,3.0616,0.4017,0.6649,Low
C05161,38,31-45,25964.95,640.0,16022.3,2.8,53613.7,5000.0,0,3,0.0,36,Salaried,2.6819,2.3108,0.0,Medium
C05162,22,21-30,39465.88,750.0,40620.89,4.6,31571.82,5000.0,0,0,18842.34,12,Salaried,1.8292,1.5203,0.4774,Low
C05163,33,31-45,102218.72,642.0,197120.08,3.8,179364.74,5000.0,0,3,46679.61,36,Business,3.6831,0.587,0.4567,High
C05164,58,46-65,18000.0,703.0,43113.5,16.8,23733.12,5000.0,0,2,9517.29,24,Salaried,3.7137,3.3333,0.5287,Medium
C05165,36,31-45,85199.08,695.0,228174.16,10.1,142900.51,5000.0,0,0,10511.62,36,Self-employed,4.3554,0.7042,0.1234,Low
C05166,24,21-30,116428.77,652.0,69189.38,10.9,172797.85,5000.0,0,1,18160.37,24,Salaried,2.0784,0.5153,0.156,Low
C05167,53,46-65,47341.2,614.0,29608.67,13.5,0.0,5000.0,0,1,0.0,36,Self-employed,0.6254,1.2674,0.0,High
C05168,29,21-30,51304.72,648.0,66149.41,4.0,72774.05,5000.0,0,0,35542.03,48,Salaried,2.7078,1.1695,0.6928,Low
C05169,36,31-45,36003.34,821.0,39770.58,11.0,23635.24,5000.0,0,3,20451.53,24,Self-employed,1.7611,1.6665,0.568,Low
C05170,21,21-30,48790.54,763.0,47883.03,6.4,56676.57,5000.0,2,1,2757.91,24,Salaried,2.143,1.2297,0.0565,High
C05171,48,46-65,49574.4,757.0,62375.91,16.8,32258.36,5000.0,0,0,33169.87,24,Business,1.9089,1.2103,0.6691,Low
C05172,41,31-45,44648.67,621.0,54788.28,15.4,70153.43,5000.0,0,1,2000.01,36,Salaried,2.7983,1.3438,0.0448,Medium
C05173,60,46-65,43322.16,572.0,96193.4,18.8,25089.84,5000.0,0,1,24542.43,36,Salaried,2.7996,1.385,0.5665,Medium
C05174,36,31-45,55999.05,762.0,5000.0,4.4,0.0,5000.0,0,2,29312.53,24,Salaried,0.0893,1.0714,0.5234,Low
C05175,30,21-30,55627.62,748.0,48406.18,7.6,27541.12,5000.0,1,1,33524.43,48,Salaried,1.3653,1.0786,0.6027,Low
C05176,28,21-30,182209.99,690.0,172438.95,5.5,100952.2,11010.51,1,2,94139.61,36,Salaried,1.5004,0.7251,0.5167,Low
C05177,30,21-30,52330.82,652.0,48407.14,5.2,17395.92,5000.0,0,0,8999.56,24,Salaried,1.2574,1.1466,0.172,Low
C05178,41,31-45,78544.86,570.0,214706.69,5.7,0.0,5000.0,1,1,29892.04,12,Self-employed,2.7336,0.7639,0.3806,High
C05179,24,21-30,47327.98,745.0,53429.41,12.4,68609.38,5000.0,0,0,13657.81,48,Salaried,2.5786,1.2677,0.2886,Low
C05180,39,31-45,46998.21,769.0,28467.05,5.3,65430.29,5000.0,0,1,6258.12,36,Salaried,1.9979,1.2766,0.1332,Low
C05181,59,46-65,25456.81,629.0,88122.19,4.6,32967.37,5000.0,0,4,105.93,36,Salaried,4.7567,2.3569,0.0042,High
C05182,55,46-65,,623.0,35390.06,5.2,53234.76,5000.0,0,1,1470.83,48,Self-employed,3.2358,2.1907,0.0537,High
C05183,49,46-65,33466.28,773.0,35917.18,3.0,3238.91,5000.0,0,0,4134.8,60,Salaried,1.17,1.7928,0.1236,Low
C05184,61,46-65,71910.37,632.0,182226.77,5.3,106266.18,5000.0,0,2,5080.93,36,Salaried,4.0118,0.8344,0.0707,High
C05185,56,46-65,117481.72,813.0,261228.94,15.7,109450.44,6093.09,1,1,4708.31,48,Self-employed,3.1552,0.6224,0.0401,Low
C05186,50,46-65,24330.28,672.0,72464.18,24.8,1921.53,5000.0,0,0,4476.26,48,Self-employed,3.0573,2.4661,0.184,Medium
C05187,59,46-65,48057.35,651.0,137239.34,6.5,78702.56,5000.0,2,1,3749.74,36,Salaried,4.4934,1.2485,0.078,High
C05188,26,21-30,30648.92,683.0,63479.08,16.2,64929.39,5000.0,0,4,536.51,24,Salaried,4.1897,1.9577,0.0175,High
C05189,57,46-65,56206.64,651.0,42880.9,20.9,7807.42,5000.0,0,2,12223.51,60,Salaried,0.9018,1.0675,0.2175,High
C05190,34,31-45,117455.61,764.0,205095.54,15.2,5868.1,7444.34,0,0,21450.1,24,Self-employed,1.7961,0.7606,0.1826,Low
C05191,53,46-65,50835.86,746.0,29272.86,2.0,60355.66,5000.0,0,1,6520.22,24,Salaried,1.7631,1.1803,0.1283,Low
C05192,62,46-65,63323.27,762.0,131319.47,6.4,28849.45,5000.0,0,0,14887.04,24,Salaried,2.5294,0.9475,0.2351,Low
C05193,43,31-45,144714.51,694.0,449301.01,18.2,108280.11,8254.38,0,3,45209.4,60,Salaried,3.853,0.6845,0.3124,Medium
C05194,24,21-30,83615.82,646.0,19312.54,12.8,10876.78,5520.14,0,1,25164.97,60,Salaried,0.361,0.7922,0.301,Low
C05195,37,31-45,42791.38,679.0,119944.37,14.5,0.0,5000.0,0,1,18508.65,60,Salaried,2.803,1.4022,0.4325,Medium
C05196,39,31-45,70936.89,648.0,133035.13,8.4,88892.23,5000.0,0,0,5932.39,36,Salaried,3.1285,0.8458,0.0836,Medium
C05197,63,46-65,41232.85,790.0,8155.78,10.2,66892.1,5000.0,0,0,16512.31,60,Salaried,1.8201,1.4552,0.4005,Low
C05198,63,46-65,81912.56,755.0,253688.31,6.9,93355.52,5000.0,0,3,19848.98,60,Self-employed,4.2368,0.7325,0.2423,Low
C05199,46,46-65,86299.55,673.0,151272.91,16.1,130893.22,5000.0,0,1,46489.75,36,Salaried,3.2696,0.6953,0.5387,Low
C05200,63,46-65,30644.38,611.0,38603.67,7.0,23822.11,5000.0,0,1,0.0,48,Salaried,2.0371,1.9579,0.0,Medium
C05201,40,31-45,71573.11,796.0,119277.54,9.2,15150.78,5000.0,0,1,17416.36,24,Business,1.8782,0.8383,0.2433,Low
C05202,39,31-45,60929.78,690.0,37932.58,5.7,47290.12,5000.0,0,1,47836.69,36,Salaried,1.3987,0.9847,0.7851,Low
C05203,58,46-65,87703.33,670.0,44685.98,4.7,39132.27,5063.86,2,2,49820.09,24,Business,0.9557,0.6929,0.5681,Low
C05204,51,46-65,102681.11,796.0,251084.47,16.9,102146.96,5000.0,2,2,11676.43,60,Business,3.4401,0.5843,0.1137,Medium
C05205,44,31-45,84519.69,642.0,260912.93,15.9,141177.75,5000.0,2,1,22123.36,36,Self-employed,4.7574,0.7099,0.2618,High
C05206,41,31-45,55016.38,656.0,145902.28,5.2,16987.36,5000.0,0,1,20069.35,12,Salaried,2.9607,1.0906,0.3648,Medium
C05207,52,46-65,108605.14,663.0,325984.57,10.4,185930.83,5636.24,1,4,61743.79,36,Business,4.7135,0.6228,0.5685,Medium
C05208,54,46-65,40213.5,581.0,110380.83,15.8,50031.24,5000.0,0,0,5566.94,24,Salaried,3.989,1.492,0.1384,High
C05209,43,31-45,31440.6,704.0,5000.0,27.4,6204.46,5000.0,1,0,18726.47,48,Salaried,0.3564,1.9084,0.5956,Low
C05210,22,21-30,18000.0,623.0,64294.41,10.9,19526.92,5000.0,0,0,12939.62,48,Salaried,4.6567,3.3333,0.7189,Medium
C05211,25,21-30,62540.21,637.0,183416.23,15.4,35290.91,5000.0,0,0,10709.61,36,Self-employed,3.4971,0.9594,0.1712,Medium
C05212,27,21-30,41369.2,627.0,62948.37,15.2,51617.04,5000.0,1,0,10893.28,36,Business,2.7693,1.4504,0.2633,High
C05213,41,31-45,80895.02,636.0,132757.53,14.0,80008.51,5000.0,0,0,52650.06,24,Salaried,2.6302,0.7417,0.6508,Low
C05214,48,46-65,21981.74,617.0,62845.53,2.4,35467.6,5000.0,0,1,12720.9,48,Salaried,4.4725,2.7295,0.5787,High
C05215,57,46-65,45533.08,699.0,160665.96,10.1,82239.48,5000.0,0,2,15828.29,36,Self-employed,5.3347,1.3177,0.3476,Medium
C05216,31,31-45,84186.6,668.0,291716.63,7.1,87282.15,5000.0,0,0,22442.17,24,Self-employed,4.5019,0.7127,0.2666,Medium
C05217,56,46-65,36891.36,684.0,81082.57,4.5,19876.51,5000.0,1,0,27770.6,60,Self-employed,2.7367,1.6264,0.7528,Medium
C05218,50,46-65,81408.4,850.0,222889.49,4.1,140933.95,5000.0,0,0,8764.53,60,Salaried,4.4691,0.737,0.1077,Low
C05219,23,21-30,47847.79,668.0,84285.2,5.7,6487.53,5000.0,1,2,22275.63,36,Salaried,1.8971,1.254,0.4656,Medium
C05220,36,31-45,,725.0,177683.53,18.0,68102.24,5000.0,0,2,29203.88,48,Salaried,3.8502,0.9399,0.4575,Medium
C05221,34,31-45,90172.47,734.0,195486.99,4.0,132223.9,5000.0,0,1,30976.98,60,Self-employed,3.6343,0.6654,0.3435,Medium
C05222,60,46-65,109774.21,675.0,379061.27,14.1,23592.01,5000.0,2,1,24267.67,24,Business,3.668,0.5466,0.2211,High
C05223,62,46-65,68392.15,701.0,244908.02,20.4,58014.15,5000.0,0,0,22216.76,36,Salaried,4.4292,0.8773,0.3248,Medium
C05224,57,46-65,41541.03,682.0,50053.89,5.7,692.78,5000.0,1,0,24470.41,48,Self-employed,1.2216,1.4444,0.5891,Low
C05225,44,31-45,50524.88,695.0,174120.71,19.4,12734.87,5000.0,0,1,33639.55,60,Salaried,3.6983,1.1875,0.6658,Medium
C05226,43,31-45,92269.41,636.0,214316.71,16.2,115446.38,5000.0,0,1,59475.49,60,Salaried,3.5739,0.6503,0.6446,Medium
C05227,35,31-45,37065.91,643.0,30842.04,6.9,82223.52,5000.0,1,0,5983.85,24,Salaried,3.0504,1.6187,0.1614,High
C05228,55,46-65,58935.91,681.0,5000.0,9.5,10260.66,5000.0,0,0,10784.41,60,Business,0.2589,1.0181,0.183,Low
C05229,24,21-30,52570.28,532.0,125363.59,5.0,53598.45,5000.0,1,2,32601.62,36,Salaried,3.4042,1.1413,0.6202,High
C05230,33,31-45,61407.89,792.0,61761.54,8.1,44899.5,5000.0,1,2,1920.08,36,Salaried,1.7369,0.9771,0.0313,Low
C05231,27,21-30,37310.76,842.0,39049.88,35.0,46249.65,5000.0,0,0,19930.71,24,Self-employed,2.2862,1.6081,0.5342,Low
C05232,43,31-45,23472.23,693.0,62830.08,9.1,31302.86,5000.0,0,1,3492.68,36,Self-employed,4.0104,2.5562,0.1488,Medium
C05233,34,31-45,86556.36,730.0,24898.18,6.1,102179.45,5475.35,1,0,32698.94,36,Salaried,1.4681,0.7591,0.3778,Low
C05234,29,21-30,110460.67,761.0,145858.91,2.4,88108.67,6977.18,1,2,62364.36,12,Salaried,2.1181,0.758,0.5646,Low
C05235,37,31-45,24256.66,581.0,88102.09,10.9,24342.94,5000.0,0,0,1031.2,24,,4.6356,2.4735,0.0425,High
C05236,59,46-65,79622.5,750.0,10807.71,4.5,115554.35,5000.0,0,0,66046.45,36,Salaried,1.587,0.7536,0.8295,Low
C05237,46,46-65,117935.5,648.0,265820.65,3.5,172513.57,5000.0,0,1,30753.02,24,Self-employed,3.7167,0.5088,0.2608,Medium
C05238,58,46-65,90209.82,850.0,62412.55,10.8,101963.62,5914.92,0,0,31782.6,24,Salaried,1.8222,0.7868,0.3523,Low
C05239,62,46-65,51687.64,666.0,159565.87,4.9,105428.08,5000.0,1,1,4197.37,36,Self-employed,5.1268,1.1608,0.0812,High
C05240,61,46-65,38685.48,748.0,56915.01,14.4,10600.69,5000.0,0,1,24442.76,48,Self-employed,1.7452,1.551,0.6318,Low
C05241,36,31-45,67960.4,667.0,195744.56,2.2,70313.81,5000.0,0,1,17278.96,48,Business,3.9149,0.8829,0.2543,High
C05242,60,46-65,74490.31,845.0,178581.12,12.3,85421.73,5000.0,0,0,43524.59,36,Salaried,3.5441,0.8055,0.5843,Low
C05243,61,46-65,68516.97,642.0,237638.48,22.4,20482.49,5000.0,0,1,9855.53,24,Business,3.7673,0.8757,0.1438,High
C05244,64,46-65,58868.92,767.0,117275.09,11.5,55105.18,5000.0,0,0,0.0,48,Business,2.9282,1.0192,0.0,Low
C05245,36,31-45,35835.13,727.0,64250.83,14.9,24174.34,5000.0,0,0,10215.32,36,Business,2.4676,1.6743,0.2851,Low
C05246,31,31-45,82012.02,710.0,41004.15,5.4,80347.77,5000.0,1,2,40703.27,48,Salaried,1.4797,0.7316,0.4963,Low
C05247,47,46-65,84213.67,697.0,152510.19,15.3,81160.67,5000.0,0,2,17427.12,48,Salaried,2.7747,0.7125,0.2069,Medium
C05248,62,46-65,72590.89,630.0,146506.47,11.4,109328.12,5000.0,0,1,2302.33,24,Salaried,3.5243,0.8265,0.0317,High
C05249,61,46-65,69091.64,486.0,145166.41,9.7,108405.24,5000.0,0,1,47650.24,36,Business,3.6701,0.8684,0.6897,High
C05250,46,46-65,163690.02,761.0,100424.06,18.1,51828.62,9298.16,0,4,21274.46,60,Self-employed,0.9301,0.6816,0.13,Low
C05251,27,21-30,46107.65,643.0,94564.46,12.8,25132.26,5000.0,0,1,38689.32,48,Self-employed,2.596,1.3013,0.8391,Medium
C05252,40,31-45,131522.32,768.0,196410.06,4.7,245341.74,5000.0,0,1,55604.1,12,Salaried,3.3588,0.4562,0.4228,Low
C05253,53,46-65,43409.3,706.0,78862.28,6.8,6597.62,5000.0,0,1,21332.18,36,Business,1.9687,1.3822,0.4914,Low
C05254,46,46-65,119618.81,770.0,298504.83,20.6,180225.7,5000.0,1,2,84207.85,48,Salaried,4.0021,0.5016,0.704,Medium
C05255,36,31-45,128090.8,740.0,171780.27,4.3,142946.77,5000.0,0,1,71835.4,36,Business,2.4571,0.4684,0.5608,Low
C05256,36,31-45,55324.13,495.0,121733.51,4.3,30550.8,5000.0,0,1,5374.79,36,Self-employed,2.7526,1.0845,0.0972,High
C05257,23,21-30,162051.95,726.0,251897.39,14.3,206846.19,10435.6,0,0,20791.62,48,Salaried,2.8308,0.7728,0.1283,Low
C05258,33,31-45,84129.48,654.0,226157.57,6.6,116149.98,5000.0,0,3,46556.01,24,Self-employed,4.0688,0.7132,0.5534,Medium
C05259,51,46-65,40120.5,767.0,109975.2,22.7,8425.1,5000.0,0,0,17838.58,60,Salaried,2.9511,1.4955,0.4446,Low
C05260,31,31-45,52910.46,724.0,76344.61,13.0,0.0,5000.0,0,3,16140.14,36,Self-employed,1.4429,1.134,0.305,Low
C05261,65,46-65,121195.69,725.0,144586.65,7.0,166981.08,5000.0,0,3,56591.67,60,Salaried,2.5708,0.4951,0.4669,Low
C05262,24,21-30,107993.7,660.0,258736.01,11.4,132772.34,5000.0,0,1,62212.13,60,Business,3.6253,0.5556,0.5761,Medium
C05263,47,46-65,36323.5,612.0,115015.36,5.4,18484.78,5000.0,0,0,20425.5,36,Salaried,3.6753,1.6518,0.5623,High
C05264,43,31-45,60207.43,648.0,21522.81,24.9,0.0,5000.0,0,1,27567.88,12,Salaried,0.3575,0.9966,0.4579,Low
C05265,58,46-65,72698.8,545.0,127028.47,9.9,88044.43,5000.0,0,3,49630.53,24,Salaried,2.9584,0.8253,0.6827,Medium
C05266,60,46-65,49166.12,636.0,59071.65,7.5,68996.3,5000.0,0,1,4024.05,48,Salaried,2.6048,1.2204,0.0818,Medium
C05267,45,31-45,237739.88,570.0,500000.0,6.1,343487.69,14158.75,0,2,105874.36,48,Salaried,3.5479,0.7147,0.4453,Medium
C05268,49,46-65,73914.01,,36085.75,4.6,115323.0,5000.0,0,0,4779.01,36,Salaried,2.0484,0.8118,0.0647,Low
C05269,52,46-65,62827.35,689.0,160180.26,5.0,78416.3,5000.0,1,3,45509.53,36,Self-employed,3.7977,0.955,0.7244,High
C05270,44,31-45,125130.27,720.0,315131.09,5.7,134580.52,8508.97,1,2,46064.1,36,Salaried,3.5939,0.816,0.3681,Medium
C05271,29,21-30,53171.36,678.0,158231.17,3.0,54571.09,5000.0,1,0,20085.85,24,Salaried,4.0022,1.1284,0.3778,High
C05272,40,31-45,113122.63,643.0,380784.06,7.0,136120.6,5000.0,0,1,53983.62,36,Salaried,4.5694,0.5304,0.4772,Medium
C05273,31,31-45,25975.0,609.0,55388.56,7.9,61165.92,5000.0,0,1,17076.45,36,Salaried,4.4872,2.3099,0.6574,High
C05274,41,31-45,50646.88,656.0,121475.38,11.5,6392.33,5000.0,0,1,13215.39,24,Self-employed,2.5247,1.1847,0.2609,Medium
C05275,48,46-65,115743.44,618.0,286132.38,5.2,120051.59,6997.56,0,1,51214.21,36,Salaried,3.5093,0.7255,0.4425,Medium
C05276,30,21-30,154160.77,675.0,479974.42,4.9,65657.92,8761.66,1,1,97427.91,36,Salaried,3.5394,0.682,0.632,Medium
C05277,32,31-45,42481.75,566.0,66801.63,8.4,44894.54,5000.0,0,4,30342.77,24,Self-employed,2.6293,1.4124,0.7143,High
C05278,58,46-65,39844.54,733.0,22695.89,7.5,49823.5,5000.0,0,0,12198.73,36,Salaried,1.8201,1.5059,0.3062,Low
C05279,37,31-45,88808.54,637.0,298780.99,11.0,48924.7,5000.0,1,1,27223.46,60,Business,3.9152,0.6756,0.3065,High
C05280,29,21-30,46141.77,708.0,8201.85,2.3,72208.93,5000.0,0,2,2221.22,12,Business,1.7427,1.3003,0.0481,Medium
C05281,53,46-65,56073.84,747.0,174552.05,11.4,65045.14,5000.0,0,0,10343.93,24,Salaried,4.2729,1.07,0.1845,Low
C05282,53,46-65,105257.53,705.0,106427.03,8.3,184912.35,5000.0,0,0,50267.38,48,Salaried,2.7679,0.57,0.4776,Low
C05283,58,46-65,48189.01,740.0,77992.6,1.5,40565.95,5000.0,0,2,14747.87,36,Salaried,2.4603,1.2451,0.306,Low
C05284,55,46-65,22052.0,525.0,79450.92,7.1,32936.9,5000.0,1,1,760.56,12,Salaried,5.0965,2.7208,0.0345,High
C05285,65,46-65,31778.53,643.0,76332.68,13.8,1958.21,5000.0,1,2,22998.95,48,Salaried,2.4636,1.8881,0.7237,Medium
C05286,46,46-65,65356.89,763.0,134883.35,9.0,101116.71,5000.0,0,2,13919.85,60,Business,3.6109,0.918,0.213,Medium
C05287,33,31-45,23324.51,718.0,20277.55,7.6,39115.02,5000.0,0,2,1864.97,24,Salaried,2.5464,2.5724,0.08,Low
C05288,59,46-65,55199.23,819.0,76657.92,5.3,101518.42,5000.0,0,4,14092.46,24,Salaried,3.2279,1.087,0.2553,Low
C05289,32,31-45,30226.96,808.0,15209.92,2.3,41107.74,5000.0,0,0,0.0,60,Salaried,1.8632,1.985,0.0,Low
C05290,34,31-45,160188.9,702.0,331860.02,8.7,258137.89,9789.65,1,2,74715.3,36,Self-employed,3.6831,0.7334,0.4664,High
C05291,58,46-65,213837.35,661.0,326588.8,15.9,233512.32,10036.14,0,1,19238.58,24,Self-employed,2.6193,0.5632,0.09,Low
C05292,60,46-65,36320.37,608.0,13859.62,20.6,27284.55,5000.0,1,0,6792.11,48,Salaried,1.1328,1.652,0.187,Low
C05293,36,31-45,74858.87,644.0,118954.51,4.2,45540.91,5000.0,0,1,52723.64,48,Self-employed,2.1974,0.8015,0.7043,Low
C05294,53,46-65,38327.41,649.0,135654.82,9.2,17363.45,5000.0,0,1,18306.01,24,Self-employed,3.9924,1.5655,0.4776,High
C05295,62,46-65,54831.44,636.0,174529.06,9.5,41624.36,5000.0,1,1,39109.24,36,Salaried,3.9421,1.0943,0.7133,High
C05296,56,46-65,175264.35,611.0,277794.2,6.4,92911.2,8262.44,1,1,49702.36,48,Salaried,2.1151,0.5657,0.2836,Medium
C05297,21,21-30,50285.09,710.0,180680.91,16.0,74582.38,5000.0,0,0,31210.58,24,Self-employed,5.0763,1.1932,0.6207,Low
C05298,50,46-65,55537.96,807.0,104580.64,9.8,54483.06,5000.0,0,1,24863.92,36,Self-employed,2.8641,1.0803,0.4477,Low
C05299,28,21-30,38706.06,750.0,50379.54,3.3,59495.6,5000.0,0,0,0.0,48,Business,2.8387,1.5501,0.0,Medium
C05300,59,46-65,122094.02,656.0,173397.96,7.7,189865.06,8272.7,0,0,56532.52,24,Salaried,2.9753,0.8131,0.463,Medium
C05301,24,21-30,18000.0,756.0,45676.55,14.4,212.75,5000.0,0,0,0.0,48,Salaried,2.5494,3.3333,0.0,Low
C05302,65,46-65,50950.2,706.0,57605.25,3.6,50797.89,5000.0,1,1,21173.99,48,Salaried,2.1276,1.1776,0.4156,Low
C05303,28,21-30,63380.1,677.0,62256.75,8.4,102824.28,5000.0,2,3,5671.79,48,Self-employed,2.6046,0.9467,0.0895,High
C05304,39,31-45,45186.34,672.0,148114.71,8.8,59387.5,5000.0,0,2,3406.93,36,Salaried,4.5921,1.3278,0.0754,High
C05305,31,31-45,104515.7,665.0,269877.75,9.8,29449.77,5275.6,0,1,65351.99,48,Salaried,2.8639,0.6057,0.6253,Medium
C05306,57,46-65,125901.8,729.0,338852.95,13.1,230420.85,7598.83,0,1,69736.48,36,Salaried,4.5216,0.7243,0.5539,Medium
C05307,38,31-45,29897.22,690.0,86541.29,5.8,29103.83,5000.0,0,1,1087.05,48,Salaried,3.8681,2.0069,0.0364,Medium
C05308,54,46-65,,625.0,487392.07,22.8,221852.44,14185.98,1,2,95186.99,48,Salaried,3.4501,0.8281,0.463,High
C05309,24,21-30,29713.3,622.0,5000.0,10.6,31289.0,5000.0,0,1,4178.24,48,Salaried,1.2213,2.0193,0.1406,Low
C05310,41,31-45,132043.86,703.0,342336.65,27.0,216511.69,5000.0,0,2,82869.33,24,Salaried,4.2323,0.4544,0.6276,Low
C05311,61,46-65,70583.22,712.0,67960.69,6.5,83250.81,5000.0,0,1,19698.0,60,,2.1423,0.8501,0.2791,Low
C05312,62,46-65,49271.79,657.0,32398.42,11.9,82384.03,5000.0,2,1,18795.77,60,Salaried,2.3296,1.2177,0.3815,Medium
C05313,30,21-30,51895.68,595.0,167991.17,0.6,30897.69,5000.0,1,0,18819.24,36,Salaried,3.8325,1.1562,0.3626,High
C05314,38,31-45,63812.89,774.0,24618.52,24.0,14247.8,5000.0,0,3,21230.28,48,Salaried,0.6091,0.9402,0.3327,Low
C05315,39,31-45,72894.78,758.0,33286.17,10.9,122701.61,5000.0,0,1,8735.63,36,Salaried,2.1399,0.8231,0.1198,Low
C05316,46,46-65,39185.33,531.0,50698.26,6.4,48228.97,5000.0,0,1,29294.01,36,Salaried,2.5246,1.5312,0.7476,High
C05317,45,31-45,57152.34,780.0,181431.96,2.8,65224.6,5000.0,0,1,30860.59,24,Salaried,4.3158,1.0498,0.54,Low
C05318,25,21-30,42543.08,664.0,136605.67,11.1,70387.97,5000.0,0,0,6435.14,36,Self-employed,4.8655,1.4103,0.1513,High
C05319,55,46-65,33318.41,694.0,9313.83,5.9,17058.41,5000.0,0,2,589.1,24,Salaried,0.7915,1.8008,0.0177,Low
C05320,31,31-45,41465.67,765.0,66296.63,15.5,38223.56,5000.0,1,0,0.0,24,Self-employed,2.5206,1.447,0.0,Low
C05321,35,31-45,34532.51,804.0,89742.76,22.3,17219.73,5000.0,0,2,7301.93,60,Salaried,3.0974,1.7375,0.2115,Low
C05322,58,46-65,51588.67,755.0,110367.61,9.9,53016.41,5000.0,0,1,1502.68,60,Salaried,3.1671,1.163,0.0291,Low
C05323,52,46-65,82454.65,698.0,91082.7,14.2,5887.65,5000.0,0,4,50281.84,36,Salaried,1.176,0.7277,0.6098,Low
C05324,38,31-45,69461.87,577.0,90012.5,7.2,64748.99,5000.0,1,1,33273.29,60,Self-employed,2.228,0.8638,0.479,Medium
C05325,62,46-65,192534.8,528.0,419268.61,1.2,233013.85,11381.43,1,1,89888.39,60,Salaried,3.3879,0.7094,0.4669,High
C05326,38,31-45,19271.71,746.0,5000.0,11.6,34514.59,5000.0,0,0,7015.31,24,Salaried,2.0504,3.1134,0.364,Low
C05327,46,46-65,84143.59,781.0,243151.0,13.5,18314.45,5450.0,0,3,37526.63,48,Self-employed,3.1074,0.7772,0.446,Medium
C05328,32,31-45,65229.93,619.0,68406.75,7.3,114332.95,5000.0,0,2,23765.7,60,Salaried,2.8015,0.9198,0.3643,Medium
C05329,29,21-30,101799.58,660.0,307950.23,2.5,19886.53,5000.0,0,1,53007.4,24,Salaried,3.2204,0.5894,0.5207,Medium
C05330,43,31-45,96393.92,638.0,229400.9,5.9,179742.26,5000.0,0,0,45191.91,48,Salaried,4.2445,0.6224,0.4688,Medium
C05331,46,46-65,59361.26,636.0,138937.94,11.2,46734.45,5000.0,0,2,15597.53,48,Salaried,3.1278,1.0108,0.2628,Medium
C05332,57,46-65,71474.84,761.0,200037.08,7.1,9065.46,5000.0,1,0,10844.48,48,Salaried,2.9255,0.8395,0.1517,Low
C05333,38,31-45,43170.15,696.0,37295.55,7.7,40793.58,5000.0,0,0,5069.13,24,Business,1.8089,1.3898,0.1174,Low
C05334,61,46-65,91095.76,663.0,88602.57,20.4,10837.9,5098.27,0,1,13968.77,48,Salaried,1.0916,0.6716,0.1533,Low
C05335,48,46-65,23127.11,850.0,45916.73,10.8,26331.51,5000.0,0,2,10385.69,12,Self-employed,3.124,2.5944,0.4491,Low
C05336,24,21-30,99647.78,572.0,280296.11,26.0,142992.64,5514.23,0,1,36261.68,36,Salaried,4.2478,0.664,0.3639,Medium
C05337,54,46-65,64176.81,721.0,178018.57,3.1,46365.11,5000.0,0,3,18298.61,12,Salaried,3.4963,0.9349,0.2851,Medium
C05338,46,46-65,49724.77,601.0,49365.37,2.6,47124.86,5000.0,0,2,14595.81,48,Salaried,1.9405,1.2066,0.2935,Medium
C05339,38,31-45,57196.57,668.0,150690.77,12.8,67861.54,5000.0,0,0,46117.45,36,Salaried,3.8211,1.049,0.8063,Medium
C05340,42,31-45,59550.78,691.0,62548.02,16.7,0.0,5000.0,0,0,16107.04,36,Self-employed,1.0503,1.0075,0.2705,Low
C05341,34,31-45,132675.24,743.0,73704.69,12.5,177287.82,9013.86,0,1,16104.39,36,Business,1.8918,0.8153,0.1214,Low
C05342,48,46-65,350000.0,660.0,332389.21,29.8,350000.0,23829.48,0,2,158649.86,24,Salaried,1.9497,0.817,0.4533,Low
C05343,46,46-65,127143.48,652.0,391582.77,20.9,109238.08,8371.64,1,2,24873.07,24,Salaried,3.939,0.7901,0.1956,High
C05344,41,31-45,47629.77,659.0,109298.24,17.6,0.0,5000.0,0,0,14089.25,48,Salaried,2.2947,1.2597,0.2958,Low
C05345,33,31-45,91906.09,599.0,156332.01,5.2,52913.3,5000.0,0,0,58503.15,60,Business,2.2767,0.6528,0.6366,Low
C05346,38,31-45,94133.91,727.0,244811.72,4.9,102652.55,5000.0,0,3,32027.86,60,Salaried,3.6912,0.6374,0.3402,Low
C05347,43,31-45,39077.58,701.0,21774.24,18.1,83900.82,5000.0,0,2,5079.02,24,Self-employed,2.7042,1.5354,0.13,Low
C05348,42,31-45,32490.5,713.0,30697.07,7.7,52494.7,5000.0,0,2,0.0,36,Salaried,2.5605,1.8467,0.0,Medium
C05349,34,31-45,62776.62,675.0,39703.77,15.2,85438.02,5000.0,0,0,28559.57,12,Salaried,1.9934,0.9558,0.4549,Low
C05350,47,46-65,101354.72,666.0,39399.14,7.7,58057.74,5000.0,1,0,39983.87,36,Self-employed,0.9615,0.592,0.3945,Low
C05351,31,31-45,26786.36,768.0,32123.45,2.2,25500.02,5000.0,0,2,0.0,36,Self-employed,2.1512,2.2399,0.0,Low
C05352,43,31-45,43723.84,757.0,58876.65,19.0,25020.23,5000.0,0,0,25252.7,48,Salaried,1.9188,1.3722,0.5775,Low
C05353,26,21-30,89063.15,786.0,250968.52,13.1,13315.0,5000.0,0,1,57112.57,48,Self-employed,2.9674,0.6737,0.6413,Low
C05354,42,31-45,66508.87,708.0,189140.84,6.0,60841.44,5000.0,0,0,17143.66,36,Business,3.7586,0.9021,0.2578,Low
C05355,56,46-65,141646.96,781.0,456701.19,1.4,136239.12,9371.22,0,1,23157.74,36,Self-employed,4.186,0.7939,0.1635,Low
C05356,57,46-65,29908.27,649.0,35240.12,25.3,38128.49,5000.0,0,2,15640.29,48,Salaried,2.4531,2.0061,0.5229,Medium
C05357,52,46-65,237004.23,665.0,450072.95,15.0,335898.36,11078.66,0,1,131138.78,36,Salaried,3.3163,0.5609,0.5533,Low
C05358,54,46-65,27896.23,770.0,8675.63,13.6,31971.98,5000.0,3,0,19229.43,60,Salaried,1.4571,2.1508,0.6893,Low
C05359,23,21-30,21292.34,743.0,13437.16,15.6,9851.15,5000.0,0,1,11933.45,12,Business,1.0937,2.8179,0.5605,Low
C05360,36,31-45,62927.62,,136347.16,3.5,89776.36,5000.0,0,1,11837.8,36,Business,3.5934,0.9535,0.1881,Medium
C05361,50,46-65,34828.46,602.0,67937.69,21.0,8989.73,5000.0,1,2,12545.18,24,Business,2.2088,1.7227,0.3602,High
C05362,57,46-65,63629.15,665.0,170007.53,0.1,74553.64,5000.0,0,0,24050.89,36,Salaried,3.8435,0.943,0.378,Medium
C05363,47,46-65,62416.99,629.0,186784.95,5.1,90535.33,5000.0,0,2,25137.03,36,Salaried,4.443,0.9613,0.4027,High
C05364,59,46-65,58364.71,809.0,15100.22,5.7,83606.65,5000.0,1,1,32254.43,36,Salaried,1.6912,1.028,0.5526,Low
C05365,33,31-45,40897.18,737.0,145557.43,5.6,74898.23,5000.0,0,3,21181.72,36,Salaried,5.3905,1.4671,0.5179,Medium
C05366,27,21-30,82462.87,623.0,40312.82,8.3,122966.67,5000.0,1,3,57859.85,60,Salaried,1.98,0.7276,0.7016,High
C05367,24,21-30,54590.06,602.0,173177.78,14.5,65245.91,5000.0,0,1,10563.55,24,Salaried,4.3675,1.0991,0.1935,High
C05368,47,46-65,119271.56,622.0,270338.39,3.5,57172.07,5000.0,1,1,35905.08,60,Salaried,2.7459,0.5031,0.301,High
C05369,50,46-65,58861.22,638.0,28926.89,2.7,46228.38,5000.0,0,0,0.0,48,Salaried,1.2768,1.0193,0.0,Low
C05370,33,31-45,38238.05,667.0,56895.29,16.3,32056.25,5000.0,1,1,27581.81,36,Self-employed,2.3263,1.5691,0.7213,High
C05371,56,46-65,25691.15,764.0,21190.61,6.9,8634.22,5000.0,2,2,9404.08,36,Salaried,1.1609,2.3354,0.366,Low
C05372,54,46-65,59129.33,608.0,168905.09,5.4,85339.8,5000.0,0,1,34904.52,36,Self-employed,4.2998,1.0147,0.5903,High
C05373,37,31-45,32340.64,850.0,32984.21,22.7,0.0,5000.0,0,0,20086.98,12,Salaried,1.0199,1.8553,0.6211,Low
C05374,31,31-45,30935.62,609.0,78995.95,15.3,0.0,5000.0,0,1,11689.96,12,Salaried,2.5536,1.9395,0.3779,Medium
C05375,54,46-65,86876.61,574.0,104842.23,5.1,52297.27,5000.0,0,1,44543.84,36,Salaried,1.8088,0.6906,0.5127,Low
C05376,51,46-65,24450.94,807.0,88362.38,1.1,47769.87,5000.0,2,0,13701.3,60,Salaried,5.5676,2.4539,0.5604,High
C05377,28,21-30,141329.44,779.0,144317.14,10.1,110478.34,8917.88,0,0,20699.64,36,Self-employed,1.8028,0.7572,0.1465,Low
C05378,32,31-45,70968.16,666.0,165695.2,5.2,17302.78,5000.0,0,2,51500.09,60,Salaried,2.5786,0.8454,0.7257,Low
C05379,42,31-45,63451.37,709.0,174229.69,15.0,80279.95,5000.0,1,0,416.86,60,Salaried,4.0111,0.9456,0.0066,Medium
C05380,44,31-45,36791.47,710.0,22488.52,15.7,0.0,5000.0,0,3,4662.24,48,Salaried,0.6112,1.6308,0.1267,Low
C05381,28,21-30,98967.55,690.0,48467.5,8.1,30062.08,5124.54,0,0,36013.9,48,Salaried,0.7935,0.6214,0.3639,Low
C05382,63,46-65,64896.23,583.0,119740.55,6.0,26651.86,5000.0,0,2,7092.23,36,Business,2.2558,0.9246,0.1093,Medium
C05383,38,31-45,44568.8,494.0,109667.37,8.4,69156.21,5000.0,0,1,10751.84,24,Salaried,4.0123,1.3462,0.2412,High
C05384,38,31-45,72551.08,617.0,205776.47,7.4,17550.07,5000.0,1,0,41425.13,24,Self-employed,3.0782,0.827,0.571,High
C05385,23,21-30,25760.83,816.0,20341.48,12.0,20147.43,5000.0,0,1,2640.51,48,Salaried,1.5717,2.3291,0.1025,Low
C05386,60,46-65,26442.1,819.0,94947.57,8.6,3845.13,5000.0,0,0,0.0,48,Salaried,3.7362,2.2691,0.0,Low
C05387,31,31-45,35102.94,660.0,111647.05,12.1,60483.34,5000.0,0,2,5025.89,60,Salaried,4.9036,1.7093,0.1432,Medium
C05388,65,46-65,78777.49,608.0,210753.64,7.8,56905.38,5000.0,1,1,26477.97,36,Salaried,3.3977,0.7616,0.3361,High
C05389,43,31-45,64883.62,701.0,5000.0,5.1,65531.91,5000.0,0,1,47305.66,24,Salaried,1.0871,0.9247,0.7291,Low
C05390,60,46-65,115737.64,713.0,54566.93,9.8,29389.13,7930.68,0,0,33453.07,36,Salaried,0.7254,0.8223,0.289,Low
C05391,29,21-30,39188.87,725.0,145129.89,5.8,64732.18,5000.0,0,0,19300.48,36,Self-employed,5.3551,1.531,0.4925,Medium
C05392,28,21-30,89161.97,490.0,245306.88,19.4,10987.04,5000.0,0,0,37396.82,24,Salaried,2.8745,0.6729,0.4194,Medium
C05393,57,46-65,61053.98,850.0,135679.76,11.5,40548.12,5000.0,1,2,21427.22,36,Business,2.8864,0.9827,0.351,Low
C05394,57,46-65,38695.08,765.0,120369.17,5.5,36497.21,5000.0,0,0,18982.47,60,Salaried,4.0539,1.5506,0.4906,Low
C05395,45,31-45,80343.12,665.0,24030.49,11.9,98301.43,5000.0,1,1,12621.73,12,Salaried,1.5226,0.7468,0.1571,Low
C05396,22,21-30,62682.4,626.0,170112.39,12.0,28898.18,5000.0,0,1,2023.53,36,Salaried,3.1749,0.9572,0.0323,High
C05397,63,46-65,45987.6,754.0,100036.18,10.5,0.0,5000.0,0,4,12239.75,24,Salaried,2.1753,1.3047,0.2662,Low
C05398,38,31-45,66518.94,717.0,213618.18,5.9,64817.72,5000.0,0,1,41855.59,36,Salaried,4.1858,0.902,0.6292,Medium
C05399,63,46-65,60530.39,687.0,167042.71,15.2,99924.95,5000.0,0,2,15099.88,48,Salaried,4.4105,0.9912,0.2495,Low
C05400,60,46-65,59731.46,714.0,111341.97,15.3,68874.3,5000.0,0,1,27196.14,36,Salaried,3.0171,1.0045,0.4553,Medium
C05401,59,46-65,51803.67,672.0,24331.13,4.9,108237.98,5000.0,0,1,18927.07,24,Business,2.5591,1.1582,0.3654,Low
C05402,51,46-65,31711.06,710.0,105403.59,3.7,17927.95,5000.0,0,2,20680.3,60,Salaried,3.8892,1.8921,0.6521,Medium
C05403,51,46-65,67728.58,734.0,173349.91,6.4,67422.7,5000.0,0,2,14281.73,36,Self-employed,3.555,0.8859,0.2109,Low
C05404,44,31-45,41799.92,706.0,56112.03,12.8,39041.18,5000.0,0,3,30251.13,24,Business,2.2764,1.4354,0.7237,Low
C05405,22,21-30,37084.77,702.0,150607.48,6.3,17322.46,5000.0,0,0,17820.54,24,Business,4.5283,1.6179,0.4805,Medium
C05406,38,31-45,56940.24,784.0,83756.56,12.0,26167.88,5000.0,0,1,32974.72,24,Business,1.9305,1.0537,0.5791,Low
C05407,53,46-65,97329.47,560.0,136992.17,15.2,44793.83,5000.0,0,0,25684.14,48,Salaried,1.8677,0.6165,0.2639,Low
C05408,57,46-65,71986.22,620.0,242176.07,3.0,125157.8,5000.0,0,3,10240.21,48,Salaried,5.1028,0.8335,0.1423,High
C05409,46,46-65,48533.73,682.0,93729.11,14.8,62049.67,5000.0,0,0,8911.0,48,Salaried,3.2097,1.2363,0.1836,Low
C05410,52,46-65,47472.33,625.0,141967.87,8.2,26684.1,5000.0,0,2,9194.14,48,Salaried,3.5526,1.2639,0.1937,High
C05411,21,21-30,92211.47,650.0,287282.28,26.6,,5000.0,0,1,49528.16,48,Salaried,4.5977,0.6507,0.5371,Medium
C05412,42,31-45,18000.0,777.0,31874.67,8.0,5142.27,5000.0,1,2,7016.36,36,Salaried,2.0565,3.3333,0.3898,Low
C05413,43,31-45,100779.81,669.0,102771.44,5.6,90813.64,5000.0,0,1,60882.2,36,Business,1.9209,0.5954,0.6041,Low
C05414,61,46-65,23189.01,543.0,75534.97,11.2,11280.79,5000.0,0,0,3227.23,36,Salaried,3.7438,2.5874,0.1392,High
C05415,34,31-45,29841.88,648.0,44646.58,11.6,38786.47,5000.0,0,0,9333.48,24,Business,2.7958,2.0106,0.3128,High
C05416,31,31-45,48986.32,684.0,102686.82,29.9,27112.57,5000.0,0,1,4370.59,60,Salaried,2.6497,1.2248,0.0892,Low
C05417,36,31-45,214424.04,683.0,419936.74,7.1,103900.16,9145.35,0,0,21800.3,60,Salaried,2.443,0.5118,0.1017,Low
C05418,28,21-30,163525.33,722.0,20958.2,7.9,162286.12,7840.57,0,2,60338.9,60,Self-employed,1.1206,0.5754,0.369,Low
C05419,46,46-65,95866.4,716.0,45851.98,6.3,68706.86,5000.0,1,2,0.0,36,Salaried,1.195,0.6259,0.0,Low
C05420,49,46-65,79082.02,670.0,182635.88,10.1,119976.85,5366.33,0,3,38471.34,60,Salaried,3.8266,0.8143,0.4865,Medium
C05421,57,46-65,23339.21,591.0,57751.05,7.9,6184.78,5000.0,0,2,12549.78,24,,2.7394,2.5708,0.5377,High
C05422,64,46-65,70852.78,647.0,124281.66,8.0,99078.71,5000.0,0,1,40960.69,48,Salaried,3.1525,0.8468,0.5781,Low
C05423,24,21-30,48053.52,633.0,23965.2,21.9,55561.44,5000.0,1,1,47.82,36,Salaried,1.655,1.2486,0.001,Medium
C05424,32,31-45,41480.32,659.0,56092.94,6.1,46709.49,5000.0,1,1,12176.52,36,Self-employed,2.4783,1.4465,0.2935,Low
C05425,34,31-45,70776.64,732.0,206063.04,11.3,14776.31,5000.0,0,2,32382.41,36,Salaried,3.1202,0.8477,0.4575,Low
C05426,32,31-45,50162.95,710.0,29292.97,21.0,0.0,5000.0,0,0,692.87,36,Salaried,0.584,1.1961,0.0138,Low
C05427,58,46-65,104846.99,742.0,215201.83,7.1,55080.94,6758.89,0,0,20038.87,60,Salaried,2.5779,0.7736,0.1911,Low
C05428,27,21-30,22412.35,651.0,65954.63,8.0,11400.15,5000.0,1,0,12645.28,36,Self-employed,3.4514,2.6771,0.5642,High
C05429,22,21-30,67737.74,793.0,110634.85,8.4,27078.71,5000.0,0,4,8081.42,48,Salaried,2.033,0.8858,0.1193,Low
C05430,59,46-65,40080.25,730.0,84082.3,3.9,28777.0,5000.0,0,1,12140.62,48,Salaried,2.8158,1.497,0.3029,Medium
C05431,64,46-65,51888.0,688.0,170717.45,7.5,76983.51,5000.0,0,2,10092.8,36,Salaried,4.7738,1.1563,0.1945,Medium
C05432,31,31-45,76855.87,725.0,49431.24,3.8,100180.7,5000.0,0,0,12548.95,24,Salaried,1.9467,0.7807,0.1633,Low
C05433,35,31-45,35158.55,629.0,14509.29,25.9,56805.12,5000.0,0,1,16540.82,24,Self-employed,2.0284,1.7066,0.4705,Low
C05434,43,31-45,71144.64,522.0,24204.44,6.6,49626.22,5000.0,0,2,38262.63,48,Salaried,1.0378,0.8434,0.5378,Low
C05435,44,31-45,57835.41,634.0,154855.39,15.3,94382.97,5000.0,1,3,15481.99,24,Self-employed,4.3094,1.0374,0.2677,High
C05436,65,46-65,45198.53,736.0,139883.72,9.9,26128.56,5000.0,0,4,25293.08,36,Salaried,3.673,1.3275,0.5596,Medium
C05437,39,31-45,50177.79,686.0,105738.18,5.0,20904.45,5000.0,0,2,14012.81,24,Salaried,2.5239,1.1957,0.2793,Low
C05438,21,21-30,59703.09,670.0,185006.47,7.4,8482.13,5000.0,0,4,24937.81,36,Business,3.2408,1.005,0.4177,High
C05439,40,31-45,42609.5,616.0,106787.51,5.9,17510.24,5000.0,0,1,16412.57,12,Salaried,2.9171,1.4081,0.3852,High
C05440,46,46-65,65254.12,533.0,68075.7,5.3,88657.97,5000.0,0,1,21471.15,36,Salaried,2.4019,0.9195,0.329,High
C05441,44,31-45,55778.59,787.0,47026.01,6.1,19659.1,5000.0,0,0,38945.05,48,Business,1.1955,1.0757,0.6982,Low
C05442,44,31-45,46440.96,664.0,99912.0,11.0,38443.42,5000.0,0,1,29404.85,48,Business,2.9792,1.292,0.6332,Medium
C05443,62,46-65,155835.43,648.0,377519.67,11.6,29479.79,9011.5,1,0,76465.13,60,Business,2.6117,0.6939,0.4907,Medium
C05444,57,46-65,81676.74,630.0,168598.12,11.4,70829.71,5738.79,0,3,49931.54,48,Salaried,2.9314,0.8431,0.6113,Medium
C05445,32,31-45,52662.07,774.0,102190.61,11.0,69873.46,5000.0,0,1,27071.38,36,Salaried,3.2673,1.1393,0.5141,Low
C05446,36,31-45,70429.38,746.0,122022.16,11.5,36562.22,5000.0,0,0,47865.17,36,Self-employed,2.2517,0.8519,0.6796,Low
C05447,51,46-65,36952.61,607.0,45120.13,6.1,0.0,5000.0,1,2,16671.62,48,Self-employed,1.221,1.6237,0.4512,Low
C05448,39,31-45,51119.34,767.0,120683.68,12.9,79617.27,5000.0,0,3,33164.52,24,Business,3.9183,1.1737,0.6488,Low
C05449,40,31-45,54507.85,669.0,158194.19,5.1,58486.79,5000.0,0,0,20305.81,48,Salaried,3.9752,1.1008,0.3725,High
C05450,28,21-30,32741.74,634.0,92550.77,6.4,70720.98,5000.0,0,0,8743.24,36,Salaried,4.9867,1.8325,0.267,High
C05451,32,31-45,80433.6,658.0,95272.18,2.3,26560.5,5299.0,0,2,45529.62,36,Business,1.5147,0.7906,0.5661,Low
C05452,54,46-65,49220.01,621.0,145067.42,4.7,74373.39,5000.0,0,1,11469.88,48,Salaried,4.4584,1.219,0.233,Medium
C05453,58,46-65,53457.16,581.0,68159.16,11.5,40852.25,5000.0,0,1,10591.56,60,Business,2.0392,1.1224,0.1981,High
C05454,56,46-65,47540.95,738.0,64709.43,12.2,49459.06,5000.0,0,1,21509.31,48,Salaried,2.4015,1.2621,0.4524,Low
C05455,34,31-45,330923.45,663.0,500000.0,17.2,350000.0,9874.82,0,1,20678.95,12,Self-employed,2.5686,0.3581,0.0625,Low
C05456,27,21-30,45148.13,726.0,151092.2,4.8,0.0,5000.0,0,1,29392.74,48,Salaried,3.3466,1.329,0.651,Medium
C05457,28,21-30,20834.6,702.0,53193.49,5.2,24527.01,5000.0,0,1,0.0,24,Salaried,3.7304,2.8798,0.0,Low
C05458,38,31-45,26961.9,721.0,13592.93,4.1,12028.39,5000.0,0,0,7824.47,36,Salaried,0.9503,2.2254,0.2902,Low
C05459,44,31-45,98691.98,527.0,108259.86,11.7,41298.08,6318.65,1,2,9260.46,60,Self-employed,1.5154,0.7683,0.0938,High
C05460,61,46-65,135562.97,615.0,367790.73,4.5,186635.52,8989.74,0,0,97373.25,12,Salaried,4.0898,0.7958,0.7183,Medium
C05461,61,46-65,44674.32,723.0,128530.65,16.9,29617.35,5000.0,0,0,12567.15,36,Salaried,3.54,1.3431,0.2813,Medium
C05462,21,21-30,131342.65,584.0,257301.69,6.1,131230.96,8576.11,0,3,23449.2,36,Salaried,2.9582,0.7835,0.1785,High
C05463,52,46-65,97735.2,708.0,12968.44,8.6,103443.75,5308.82,0,0,25279.14,60,Salaried,1.1911,0.6518,0.2586,Low
C05464,34,31-45,58567.11,576.0,91494.83,9.8,63502.8,5000.0,0,4,47981.95,24,Salaried,2.6465,1.0245,0.8193,Medium
C05465,29,21-30,56325.19,681.0,5000.0,17.0,878.25,5000.0,0,1,10057.48,48,Business,0.1044,1.0652,0.1786,Low
C05466,45,31-45,71798.67,801.0,72116.36,21.9,0.0,5000.0,1,2,42777.09,36,Salaried,1.0044,0.8357,0.5958,Low
C05467,22,21-30,105318.38,738.0,258368.95,10.7,71725.43,5559.09,0,2,15110.91,48,Salaried,3.1343,0.6334,0.1435,Low
C05468,36,31-45,80874.56,541.0,35626.55,13.2,144451.5,5000.0,0,1,15145.91,36,Salaried,2.2266,0.7419,0.1873,High
C05469,45,31-45,44797.07,744.0,102004.97,4.7,74670.49,5000.0,1,2,2202.47,24,Business,3.9439,1.3394,0.0492,High
C05470,33,31-45,59061.15,817.0,135942.52,20.7,42619.68,5000.0,0,0,8659.3,36,Self-employed,3.0233,1.0159,0.1466,Low
C05471,47,46-65,193268.84,850.0,315689.17,13.6,159977.83,7280.78,0,0,125019.95,24,Self-employed,2.4612,0.4521,0.6469,Low
C05472,41,31-45,74630.92,716.0,88746.06,34.1,72145.02,5000.0,0,1,22588.59,48,Salaried,2.1558,0.804,0.3027,Low
C05473,56,46-65,104848.48,578.0,319276.35,8.9,153035.52,5265.91,0,0,43405.87,36,Salaried,4.5047,0.6027,0.414,High
C05474,29,21-30,87472.46,713.0,167352.62,5.2,67727.77,6082.82,0,1,20964.01,24,Business,2.6875,0.8345,0.2397,Low
C05475,23,21-30,75545.42,800.0,242865.6,7.1,87136.92,5000.0,0,0,12750.21,24,Salaried,4.3683,0.7942,0.1688,Low
C05476,44,31-45,69004.5,666.0,107125.18,16.7,0.0,5000.0,0,0,22700.5,36,Salaried,1.5524,0.8695,0.329,Low
C05477,32,31-45,106479.46,758.0,220584.02,20.8,177833.75,5000.0,0,0,4373.75,12,Salaried,3.7417,0.5635,0.0411,Low
C05478,52,46-65,96509.41,617.0,330501.93,25.9,98080.25,5329.96,0,1,65586.72,36,Self-employed,4.4408,0.6627,0.6796,Medium
C05479,25,21-30,75153.2,708.0,43756.32,5.4,58813.17,5000.0,1,2,24253.14,60,Self-employed,1.3648,0.7984,0.3227,Low
C05480,46,46-65,44381.29,493.0,44650.76,3.3,0.0,5000.0,0,2,2462.0,48,Salaried,1.0061,1.3519,0.0555,Medium
C05481,65,46-65,80354.22,609.0,242671.4,8.2,4813.69,5091.37,0,1,0.0,48,Salaried,3.0799,0.7603,0.0,High
C05482,25,21-30,62648.07,680.0,90258.53,4.7,30304.09,5000.0,0,1,0.0,36,Self-employed,1.9244,0.9577,0.0,Low
C05483,34,31-45,54863.4,653.0,77796.82,15.3,86751.93,5000.0,0,1,5448.56,36,,2.9992,1.0936,0.0993,Medium
C05484,58,46-65,283642.33,582.0,500000.0,7.9,300840.97,17942.71,1,0,41093.11,12,Salaried,2.8234,0.7591,0.1449,High
C05485,45,31-45,27879.99,643.0,5000.0,7.3,4229.77,5000.0,0,1,8219.05,24,Salaried,0.3311,2.1521,0.2948,Low
C05486,28,21-30,110119.85,705.0,238294.6,7.4,16118.36,5000.0,1,3,42957.46,48,Self-employed,2.3103,0.5449,0.3901,Medium
C05487,30,21-30,40444.0,674.0,114031.61,6.9,0.0,5000.0,0,0,5159.67,60,Salaried,2.8195,1.4835,0.1276,Medium
C05488,55,46-65,69863.6,685.0,203443.79,3.3,77654.77,5000.0,0,1,32065.78,48,Business,4.0235,0.8588,0.459,Medium
C05489,59,46-65,266963.09,735.0,441406.27,4.9,350000.0,9419.63,0,2,174388.58,48,Salaried,2.9645,0.4234,0.6532,Low
C05490,37,31-45,38286.0,654.0,5000.0,13.5,,5000.0,0,2,21250.29,60,Salaried,0.4112,1.5672,0.555,Low
C05491,42,31-45,43652.36,782.0,142251.56,4.3,25943.69,5000.0,1,0,11600.39,36,Business,3.8531,1.3745,0.2657,Medium
C05492,56,46-65,64376.89,606.0,190923.85,13.1,63952.92,5000.0,1,3,11919.02,24,Salaried,3.9591,0.932,0.1851,High
C05493,28,21-30,40789.22,825.0,34103.68,9.6,39223.73,5000.0,1,1,17274.77,48,Salaried,1.7977,1.471,0.4235,Low
C05494,30,21-30,105701.41,763.0,135153.9,16.8,140925.4,6390.07,0,0,70972.35,36,Salaried,2.6119,0.7254,0.6714,Low
C05495,55,46-65,48443.4,653.0,96459.44,9.0,67004.34,5000.0,0,2,16444.99,12,Salaried,3.3743,1.2386,0.3395,High
C05496,29,21-30,93138.96,658.0,60332.49,5.2,,6233.28,0,2,34958.84,36,Self-employed,2.2521,0.8031,0.3753,High
C05497,55,46-65,31291.09,696.0,75522.77,5.0,30433.58,5000.0,0,4,13630.39,12,Self-employed,3.3862,1.9175,0.4356,Medium
C05498,43,31-45,24061.91,725.0,78641.85,2.6,0.0,5000.0,0,1,11278.73,36,Salaried,3.2683,2.4936,0.4687,Medium
C05499,65,46-65,57308.3,762.0,67453.02,5.4,32334.68,5000.0,0,1,3308.15,12,Salaried,1.7412,1.047,0.0577,Low
C05500,22,21-30,27431.94,579.0,83323.98,7.7,34314.38,5000.0,0,0,1562.53,60,Self-employed,4.2884,2.1872,0.057,High
C05501,63,46-65,149820.09,713.0,418669.25,18.0,224314.44,5000.0,2,0,13634.4,48,Salaried,4.2917,0.4005,0.091,Medium
C05502,31,31-45,28022.15,521.0,83071.13,13.5,31472.18,5000.0,1,1,18449.47,60,Salaried,4.0876,2.1412,0.6584,High
C05503,22,21-30,36732.41,667.0,130114.49,7.2,48032.89,5000.0,0,0,14986.05,48,Salaried,4.8499,1.6334,0.408,Medium
C05504,53,46-65,81603.99,789.0,122057.66,4.4,11675.73,5000.0,0,2,50957.21,24,Salaried,1.6388,0.7353,0.6244,Low
C05505,44,31-45,47081.83,574.0,145783.3,11.9,17878.82,5000.0,0,1,15111.77,36,Salaried,3.4761,1.2744,0.321,High
C05506,58,46-65,28198.64,560.0,14896.88,5.7,0.0,5000.0,1,3,6048.53,36,Business,0.5283,2.1278,0.2145,Low
C05507,25,21-30,199610.42,697.0,352684.19,4.5,137758.65,11909.59,0,5,105796.61,36,Salaried,2.457,0.716,0.53,Low
C05508,24,21-30,37468.05,784.0,83868.39,12.0,36822.16,5000.0,0,2,21738.1,60,Salaried,3.2212,1.6014,0.5802,Low
C05509,46,46-65,58349.19,704.0,46342.27,4.9,107139.51,5000.0,0,1,5483.4,60,Salaried,2.6304,1.0283,0.094,Low
C05510,60,46-65,57935.56,537.0,152735.16,14.8,52700.56,5000.0,0,1,5347.53,12,Self-employed,3.5459,1.0356,0.0923,High
C05511,39,31-45,96068.1,554.0,156388.42,2.7,70203.9,5735.57,0,1,28085.49,36,Salaried,2.3587,0.7164,0.2923,Medium
C05512,56,46-65,83820.79,687.0,133379.94,4.9,93453.35,5000.0,0,2,6015.02,48,Salaried,2.7062,0.7158,0.0718,Low
C05513,61,46-65,41249.82,592.0,87962.09,4.7,39186.29,5000.0,0,0,4113.43,24,Salaried,3.0824,1.4546,0.0997,Medium
C05514,60,46-65,54335.75,690.0,43898.84,14.0,5473.34,5000.0,0,0,24505.77,48,Business,0.9087,1.1042,0.451,Low
C05515,43,31-45,57373.35,695.0,32586.92,8.7,86263.15,5000.0,0,2,34052.58,36,Salaried,2.0715,1.0458,0.5935,Low
C05516,52,46-65,98132.15,643.0,62418.48,13.8,76856.65,5188.79,0,1,24209.55,12,Salaried,1.4193,0.6345,0.2467,Low
C05517,44,31-45,34185.8,816.0,121717.02,4.1,34449.05,5000.0,0,0,24168.61,48,Salaried,4.5682,1.7551,0.707,Low
C05518,51,46-65,197225.57,,500000.0,13.5,350000.0,10275.26,0,1,129127.78,48,Salaried,4.3098,0.6252,0.6547,Medium
C05519,46,46-65,42812.77,771.0,71070.59,12.8,51707.62,5000.0,0,2,18997.91,60,Business,2.8678,1.4015,0.4437,Low
C05520,44,31-45,64687.96,749.0,163975.57,5.0,95048.85,5000.0,1,0,18142.58,36,Business,4.0042,0.9275,0.2805,Medium
C05521,40,31-45,34342.82,669.0,77717.19,5.2,53133.47,5000.0,0,0,29625.42,48,Salaried,3.8101,1.7471,0.8626,Medium
C05522,50,46-65,31829.7,665.0,29770.05,5.3,23801.84,5000.0,1,1,2608.4,36,Salaried,1.6831,1.885,0.0819,Medium
C05523,54,46-65,40183.31,658.0,31369.07,23.0,0.0,5000.0,0,0,15576.29,48,Business,0.7806,1.4932,0.3876,Low
C05524,62,46-65,38114.68,731.0,65944.33,8.3,24873.96,5000.0,0,5,9737.02,60,Business,2.3828,1.5742,0.2555,Medium
C05525,48,46-65,51756.29,631.0,40730.84,3.7,70806.33,5000.0,0,1,5037.61,60,Salaried,2.155,1.1593,0.0973,Low
C05526,25,21-30,37938.12,809.0,132994.73,5.1,0.0,5000.0,0,0,2967.47,12,Self-employed,3.5056,1.5815,0.0782,Low
C05527,47,46-65,,624.0,91981.38,31.0,164460.44,5000.0,0,3,43555.91,12,Business,2.6911,0.6296,0.4571,Medium
C05528,35,31-45,42255.99,696.0,94228.32,9.6,3131.6,5000.0,0,2,0.0,60,Salaried,2.3041,1.4199,0.0,Low
C05529,22,21-30,39757.11,663.0,58803.36,7.7,51829.17,5000.0,0,0,15649.43,36,Salaried,2.7827,1.5092,0.3936,Medium
C05530,24,21-30,52365.84,646.0,137113.03,2.6,9099.69,5000.0,0,0,31754.07,24,Salaried,2.7921,1.1458,0.6064,Medium
C05531,47,46-65,112218.59,,367211.32,4.6,149102.59,5000.0,0,0,35816.8,36,Self-employed,4.601,0.5347,0.3192,Low
C05532,63,46-65,73154.17,647.0,115016.6,17.1,90829.08,5053.94,0,0,42258.12,36,Salaried,2.8139,0.829,0.5777,Low
C05533,43,31-45,61532.04,657.0,26686.44,9.8,59036.08,5000.0,1,1,14970.08,48,Salaried,1.3931,0.9751,0.2433,Low
C05534,41,31-45,29553.81,630.0,71878.08,4.8,0.0,5000.0,0,0,22890.43,24,Salaried,2.4321,2.0302,0.7745,High
C05535,24,21-30,34670.79,683.0,30814.14,29.6,21831.96,5000.0,0,4,1115.84,36,Salaried,1.5185,1.7306,0.0322,Low
C05536,51,46-65,32177.32,672.0,22715.19,9.7,0.0,5000.0,0,0,20903.51,24,Self-employed,0.7059,1.8647,0.6496,Low
C05537,23,21-30,133373.76,596.0,305107.21,33.8,37947.04,7420.69,0,2,34932.64,48,Salaried,2.5721,0.6677,0.2619,Low
C05538,58,46-65,87025.14,648.0,41579.64,4.1,49089.89,5000.0,1,1,21962.05,60,Salaried,1.0419,0.6895,0.2524,Low
C05539,57,46-65,40467.37,726.0,19043.92,3.3,48087.4,5000.0,0,2,32686.65,60,Salaried,1.6589,1.4827,0.8077,Low
C05540,65,46-65,47654.78,757.0,84778.94,8.2,34306.93,5000.0,0,1,14444.07,36,Salaried,2.4989,1.2591,0.3031,Low
C05541,33,31-45,41284.11,682.0,73365.99,2.7,13081.49,5000.0,0,0,5423.85,36,Self-employed,2.094,1.4533,0.1314,Low
C05542,28,21-30,39931.42,684.0,129491.35,6.6,4953.75,5000.0,1,2,25820.18,48,Salaried,3.3669,1.5026,0.6466,High
C05543,34,31-45,83726.27,653.0,100145.79,12.3,94503.24,5000.0,1,0,17456.94,24,Salaried,2.3248,0.7166,0.2085,Medium
C05544,56,46-65,55492.19,642.0,64200.4,11.4,54286.73,5000.0,0,0,38901.07,24,Business,2.1352,1.0812,0.701,Low
C05545,30,21-30,204185.63,611.0,500000.0,9.6,40572.33,6442.91,0,1,126755.67,48,Salaried,2.6475,0.3787,0.6208,Low
C05546,60,46-65,129293.52,563.0,372421.03,4.8,44633.79,5000.0,1,0,10895.82,36,Salaried,3.2256,0.4641,0.0843,High
C05547,27,21-30,133566.76,627.0,178765.8,15.0,0.0,6559.4,0,2,48974.42,36,Salaried,1.3384,0.5893,0.3667,Low
C05548,23,21-30,94031.85,748.0,218426.5,7.6,131342.31,5000.0,0,3,45446.78,36,Salaried,3.7197,0.6381,0.4833,Medium
C05549,30,21-30,51517.67,648.0,115439.18,1.4,49497.28,5000.0,0,1,31164.0,48,Salaried,3.2016,1.1646,0.6049,Medium
C05550,54,46-65,90303.14,654.0,92120.89,4.3,136487.3,5000.0,0,0,48614.34,60,Self-employed,2.5316,0.6644,0.5383,Low
C05551,48,46-65,53652.57,653.0,33436.11,4.3,50110.45,5000.0,1,1,0.0,12,Salaried,1.5572,1.1183,0.0,Medium
C05552,36,31-45,159339.81,773.0,389501.27,16.6,102429.39,5136.17,0,0,72787.93,36,Salaried,3.0873,0.3868,0.4568,Low
C05553,50,46-65,81185.85,610.0,70397.91,4.3,40718.93,5000.0,1,2,522.64,36,Self-employed,1.3687,0.739,0.0064,Medium
C05554,50,46-65,75089.86,701.0,88373.71,11.1,96943.15,5234.2,0,0,45036.08,60,Self-employed,2.4679,0.8365,0.5998,Low
C05555,45,31-45,69705.36,675.0,147848.4,2.0,106113.06,5000.0,1,2,38531.4,48,Salaried,3.6434,0.8608,0.5528,High
C05556,44,31-45,169276.56,685.0,133114.54,12.1,271677.12,10442.7,1,1,59126.43,48,Salaried,2.3913,0.7403,0.3493,Low
C05557,25,21-30,29542.34,698.0,17440.97,2.6,42367.59,5000.0,0,2,26783.84,36,Salaried,2.0245,2.031,0.9066,Low
C05558,32,31-45,178653.04,684.0,301671.83,16.2,234396.7,6377.0,0,1,64892.07,60,Salaried,3.0006,0.4283,0.3632,Low
C05559,44,31-45,58674.35,739.0,170710.28,7.6,30137.98,5000.0,0,0,41606.14,36,Self-employed,3.4231,1.0226,0.7091,Low
C05560,27,21-30,29994.24,678.0,69389.89,13.8,82383.39,5000.0,0,1,8566.1,60,Self-employed,5.0601,2.0004,0.2856,Medium
C05561,42,31-45,42977.29,811.0,40056.35,7.3,12206.39,5000.0,0,0,147.32,36,Self-employed,1.2161,1.3961,0.0034,Low
C05562,26,21-30,26217.92,683.0,36513.55,5.4,20534.39,5000.0,0,1,6333.52,24,Salaried,2.1759,2.2885,0.2416,Medium
C05563,56,46-65,93120.88,552.0,323274.21,2.4,136411.25,5719.23,0,0,18094.66,24,Salaried,4.9364,0.737,0.1943,High
C05564,25,21-30,36720.17,728.0,82735.61,1.8,50585.68,5000.0,0,0,8962.04,36,Salaried,3.6307,1.634,0.2441,Low
C05565,25,21-30,71318.41,709.0,179061.59,5.3,21673.33,5000.0,1,3,43509.47,36,Salaried,2.8146,0.8413,0.6101,Medium
C05566,49,46-65,121292.7,682.0,41000.82,8.4,115261.34,7062.1,1,1,89675.68,36,Salaried,1.2883,0.6987,0.7393,Low
C05567,30,21-30,44915.28,661.0,23637.3,3.4,64625.59,5000.0,0,1,17982.53,24,Salaried,1.9651,1.3358,0.4004,Medium
C05568,36,31-45,56088.47,521.0,60704.78,25.2,34340.66,5000.0,0,2,16905.32,12,Salaried,1.6946,1.0697,0.3014,Low
C05569,35,31-45,31738.66,534.0,84011.76,18.6,39453.08,5000.0,1,1,16685.98,36,,3.89,1.8904,0.5257,High
C05570,30,21-30,52498.83,804.0,184948.29,7.6,25373.33,5000.0,1,3,20729.66,24,Salaried,4.0062,1.1429,0.3949,Medium
C05571,55,46-65,267762.47,636.0,225522.82,20.1,209335.65,10260.21,1,1,185660.63,24,Salaried,1.624,0.4598,0.6934,Low
C05572,52,46-65,99708.46,752.0,269416.24,7.7,23808.6,5000.0,1,0,30335.14,36,Salaried,2.9408,0.6018,0.3042,Low
C05573,31,31-45,56192.63,560.0,167588.04,3.5,74215.56,5000.0,0,0,13665.05,36,Self-employed,4.3031,1.0678,0.2432,High
C05574,51,46-65,46430.61,601.0,136851.78,6.9,3999.57,5000.0,0,0,23625.44,36,Self-employed,3.0336,1.2923,0.5088,High
C05575,53,46-65,63493.59,731.0,102969.51,12.8,55574.51,5000.0,1,1,40911.19,36,Self-employed,2.497,0.945,0.6443,Medium
C05576,45,31-45,69819.63,672.0,81741.2,4.8,130603.87,5000.0,0,0,41000.97,60,Salaried,3.0413,0.8594,0.5872,Low
C05577,47,46-65,51619.47,720.0,173106.62,22.0,17368.07,5000.0,2,0,24872.62,12,Business,3.69,1.1624,0.4818,High
C05578,63,46-65,87001.02,679.0,88229.34,5.9,98159.65,5000.0,1,0,2786.95,36,Salaried,2.1424,0.6896,0.032,Low
C05579,41,31-45,38474.33,664.0,41979.38,13.9,29159.14,5000.0,0,1,0.0,60,Salaried,1.849,1.5595,0.0,Low
C05580,38,31-45,38369.93,629.0,24829.33,7.3,32920.27,5000.0,0,0,23609.98,48,Salaried,1.5051,1.5637,0.6153,Low
C05581,45,31-45,79678.1,590.0,140543.05,4.5,89131.55,5000.0,0,0,24494.39,36,Self-employed,2.8825,0.753,0.3074,Medium
C05582,58,46-65,34179.78,785.0,18692.17,3.2,33615.28,5000.0,2,1,25902.16,24,Salaried,1.5304,1.7554,0.7578,Low
C05583,52,46-65,97061.69,798.0,194961.42,14.8,149686.7,5000.0,1,1,48462.19,60,Business,3.5508,0.6182,0.4993,Medium
C05584,24,21-30,64491.47,602.0,213417.41,10.4,101275.05,5000.0,0,1,10095.26,24,Salaried,4.8796,0.9304,0.1565,Medium
C05585,41,31-45,23784.57,597.0,16954.19,5.1,0.0,5000.0,0,1,3926.5,60,Self-employed,0.7128,2.5226,0.1651,Low
C05586,54,46-65,69034.87,654.0,224687.32,15.0,63237.62,5000.0,0,0,43282.39,60,Salaried,4.1707,0.8691,0.627,Medium
C05587,31,31-45,25727.4,706.0,81468.21,5.2,52868.83,5000.0,0,2,13473.48,24,Salaried,5.2216,2.3321,0.5237,Medium
C05588,65,46-65,95176.82,666.0,251731.93,10.0,147656.74,5120.77,0,0,73300.2,24,Salaried,4.1963,0.6456,0.7701,Medium
C05589,57,46-65,56689.81,717.0,109156.25,11.1,39486.86,5000.0,1,1,6330.92,36,Salaried,2.622,1.0584,0.1117,Low
C05590,59,46-65,179914.83,676.0,500000.0,27.5,99508.85,12582.7,0,0,63196.79,60,Salaried,3.3322,0.8392,0.3513,Low
C05591,24,21-30,117168.06,671.0,242429.39,26.6,130775.46,6160.71,0,1,7450.52,24,Salaried,3.1852,0.631,0.0636,Medium
C05592,47,46-65,36270.56,850.0,21699.7,5.3,58937.82,5000.0,0,1,16242.32,48,Self-employed,2.2232,1.6542,0.4478,Low
C05593,44,31-45,21391.22,641.0,66886.31,4.5,33070.16,5000.0,0,2,6495.52,36,,4.6728,2.8049,0.3037,High
C05594,49,46-65,42909.0,803.0,76233.48,9.4,14350.17,5000.0,0,4,12180.42,36,Business,2.1111,1.3983,0.2839,Low
C05595,59,46-65,33204.82,789.0,90331.98,16.2,14120.57,5000.0,0,0,17164.9,60,Salaried,3.1457,1.807,0.5169,Low
C05596,36,31-45,177424.15,718.0,272126.95,1.7,300186.28,6129.23,0,1,29216.4,36,Salaried,3.2257,0.4145,0.1647,Low
C05597,45,31-45,64632.29,536.0,80555.69,22.8,63445.44,5000.0,0,0,35080.72,48,Salaried,2.228,0.9283,0.5428,Medium
C05598,51,46-65,108610.45,682.0,293271.29,6.2,198975.69,7538.51,0,1,75070.18,12,Salaried,4.5322,0.8329,0.6912,Low
C05599,54,46-65,55568.71,641.0,130170.45,15.8,96500.53,5000.0,0,3,40459.08,36,Salaried,4.0791,1.0797,0.7281,Medium
C05600,55,46-65,58884.04,682.0,79973.48,6.3,113452.78,5000.0,0,0,24208.96,24,Business,3.2849,1.019,0.4111,Medium
C05601,36,31-45,63843.99,600.0,206686.25,21.5,50298.52,5000.0,1,0,38377.96,24,Salaried,4.0252,0.9398,0.6011,High
C05602,65,46-65,119460.28,737.0,235154.94,6.2,,7020.49,2,2,33242.89,60,Salaried,3.16,0.7052,0.2783,High
C05603,21,21-30,77152.26,754.0,16284.15,13.1,70256.58,5133.94,0,1,21947.02,12,Self-employed,1.1217,0.7985,0.2845,Low
C05604,43,31-45,36337.62,768.0,94457.15,8.6,3023.27,5000.0,0,2,19818.48,36,Salaried,2.6826,1.6512,0.5454,Low
C05605,48,46-65,158661.03,651.0,54107.04,3.3,120149.51,5000.0,0,2,12913.43,48,Salaried,1.0983,0.3782,0.0814,Low
C05606,23,21-30,55331.3,601.0,106109.69,6.0,29953.76,5000.0,0,0,16516.62,36,Self-employed,2.4591,1.0844,0.2985,Low
C05607,41,31-45,50594.92,706.0,31915.97,1.4,15988.0,5000.0,0,3,11078.89,48,Business,0.9468,1.1859,0.219,Low
C05608,47,46-65,18000.0,812.0,16967.62,5.4,12749.14,5000.0,1,1,0.0,36,Salaried,1.6509,3.3333,0.0,Low
C05609,48,46-65,92139.81,685.0,316531.54,10.9,89249.57,5000.0,0,0,17088.26,36,Salaried,4.404,0.6512,0.1855,Medium
C05610,26,21-30,68713.4,714.0,36041.96,20.8,85143.12,5000.0,1,3,31327.71,36,Salaried,1.7636,0.8732,0.4559,Low
C05611,33,31-45,68672.33,662.0,195304.4,8.3,117278.23,5000.0,0,1,35076.25,24,Self-employed,4.5518,0.8737,0.5108,Medium
C05612,32,31-45,52082.74,642.0,140914.1,33.0,71183.02,5000.0,0,0,16439.14,60,Self-employed,4.0723,1.152,0.3156,Medium
C05613,49,46-65,47371.34,729.0,36959.44,17.2,73630.72,5000.0,0,0,18923.61,36,Business,2.3345,1.2666,0.3995,Low
C05614,35,31-45,53043.8,672.0,178866.65,4.6,10638.72,5000.0,1,1,20726.29,48,Salaried,3.5726,1.1311,0.3907,High
C05615,46,46-65,83858.07,710.0,61137.26,8.7,111038.66,5000.0,0,1,42121.63,60,Salaried,2.0532,0.7155,0.5023,Low
C05616,53,46-65,92379.22,718.0,183734.29,12.3,37025.1,6416.44,0,0,4624.0,60,Salaried,2.3897,0.8335,0.0501,Low
C05617,56,46-65,57243.83,706.0,155007.62,6.3,38100.3,5000.0,0,0,12239.88,60,Salaried,3.3734,1.0481,0.2138,Medium
C05618,29,21-30,109541.44,722.0,328085.48,10.8,141662.36,6409.42,0,0,41637.28,60,Salaried,4.2883,0.7021,0.3801,Low
C05619,61,46-65,62237.11,616.0,59285.47,5.6,110992.72,5000.0,0,0,3776.94,24,Salaried,2.736,0.9641,0.0607,Medium
C05620,28,21-30,49257.55,611.0,167353.77,8.5,35921.4,5000.0,0,1,15444.61,36,Salaried,4.1268,1.2181,0.3135,High
C05621,21,21-30,72494.87,677.0,254439.14,19.2,76288.41,5000.0,0,0,14736.04,60,Salaried,4.5621,0.8276,0.2033,High
C05622,23,21-30,30775.68,679.0,42264.68,5.9,13623.8,5000.0,1,1,22949.29,24,Self-employed,1.816,1.9496,0.7457,Low
C05623,30,21-30,73875.58,641.0,195712.9,2.6,99153.96,5000.0,0,0,0.0,36,Salaried,3.9914,0.8122,0.0,High
C05624,60,46-65,27832.02,698.0,28876.99,27.2,12523.39,5000.0,0,1,13147.02,60,Salaried,1.4875,2.1558,0.4724,Low
C05625,30,21-30,36934.18,748.0,46207.31,15.1,54203.24,5000.0,1,1,24691.37,24,Self-employed,2.7186,1.6245,0.6685,Low
C05626,52,46-65,21415.33,769.0,23944.43,11.9,18580.62,5000.0,1,2,18516.98,24,Salaried,1.9857,2.8017,0.8647,Low
C05627,39,31-45,59031.6,786.0,46374.45,22.4,4877.97,5000.0,0,0,8033.58,24,Salaried,0.8682,1.0164,0.1361,Low
C05628,22,21-30,157541.01,581.0,386944.37,15.7,227020.25,5000.0,0,1,41791.25,36,Business,3.8972,0.3809,0.2653,Low
C05629,40,31-45,60946.42,593.0,51247.81,6.3,44756.43,5000.0,1,0,36259.35,60,Business,1.5752,0.9845,0.5949,Medium
C05630,22,21-30,92606.49,658.0,39881.42,27.0,123630.89,5000.0,0,2,1708.83,48,Salaried,1.7657,0.6479,0.0185,Low
C05631,42,31-45,237023.65,686.0,379380.81,10.8,350000.0,16553.27,1,1,121471.89,24,Salaried,3.0772,0.8381,0.5125,Low
C05632,46,46-65,81175.87,662.0,5431.74,14.1,48289.77,5003.4,0,4,9049.5,36,Self-employed,0.6618,0.7396,0.1115,Low
C05633,44,31-45,42671.05,639.0,93285.14,1.9,68248.62,5000.0,2,2,5034.31,24,Salaried,3.7856,1.4061,0.118,High
C05634,33,31-45,46026.83,657.0,81636.56,3.8,36490.31,5000.0,0,1,30609.78,24,Business,2.5665,1.3036,0.665,Medium
C05635,55,46-65,65023.54,716.0,57838.21,3.2,72079.61,5000.0,0,1,43030.36,24,Salaried,1.998,0.9227,0.6618,Medium
C05636,47,46-65,45892.2,580.0,44357.27,3.0,62496.29,5000.0,0,1,4196.21,48,Business,2.3284,1.3074,0.0914,Medium
C05637,32,31-45,47819.78,850.0,5000.0,12.6,84392.11,5000.0,0,0,20875.57,24,Business,1.8694,1.2547,0.4365,Low
C05638,40,31-45,111751.42,682.0,228989.62,4.5,94466.89,5000.0,0,0,37688.27,36,Salaried,2.8944,0.5369,0.3373,Low
C05639,25,21-30,114293.9,759.0,135506.9,10.5,168232.04,6055.31,1,0,4887.4,36,Self-employed,2.6575,0.6358,0.0428,Low
C05640,62,46-65,26274.43,636.0,63945.25,15.4,48360.16,5000.0,0,1,17828.36,36,Salaried,4.2743,2.2836,0.6785,High
C05641,54,46-65,41446.11,723.0,108341.83,5.3,14397.76,5000.0,0,0,13221.3,36,Salaried,2.9614,1.4477,0.319,Low
C05642,33,31-45,50359.38,688.0,68473.7,4.4,73428.58,5000.0,0,1,34007.12,24,Salaried,2.8178,1.1914,0.6753,Low
C05643,51,46-65,90367.64,744.0,34277.64,2.0,73843.2,5000.0,0,1,0.0,36,Self-employed,1.1965,0.664,0.0,Low
C05644,51,46-65,121885.11,665.0,135209.4,18.4,877.2,6582.84,0,1,23008.35,12,Salaried,1.1165,0.6481,0.1888,Low
C05645,48,46-65,287283.53,796.0,338355.17,5.5,284906.09,9309.05,0,2,60747.88,24,Self-employed,2.1695,0.3888,0.2115,Low
C05646,23,21-30,50313.17,568.0,71916.0,23.2,87706.65,5000.0,0,2,17251.21,36,Business,3.1726,1.1925,0.3429,Medium
C05647,60,46-65,51714.41,751.0,168290.57,11.8,78417.54,5000.0,0,1,28401.15,36,Salaried,4.7706,1.1602,0.5492,Low
C05648,64,46-65,89846.33,689.0,60371.46,20.3,41492.32,5029.94,0,1,55380.36,60,Salaried,1.1338,0.6718,0.6164,Low
C05649,64,46-65,44664.01,604.0,36985.18,2.8,10999.69,5000.0,0,0,27525.07,36,Business,1.0744,1.3434,0.6163,Low
C05650,65,46-65,60151.01,826.0,165900.93,13.7,24606.56,5000.0,0,0,44184.98,24,Salaried,3.1672,0.9975,0.7346,Low
C05651,62,46-65,51734.06,819.0,174454.99,14.0,23732.78,5000.0,0,1,25640.76,24,Salaried,3.8309,1.1598,0.4956,Low
C05652,54,46-65,18000.0,524.0,30749.15,17.7,1566.54,5000.0,0,2,0.0,48,Salaried,1.7953,3.3333,0.0,Medium
C05653,23,21-30,69558.32,693.0,125674.11,4.6,85321.29,5000.0,0,0,18330.83,12,Salaried,3.0334,0.8626,0.2635,Medium
C05654,41,31-45,58796.88,733.0,27136.46,5.7,63014.08,5000.0,0,1,16276.84,48,Self-employed,1.5333,1.0205,0.2768,Low
C05655,32,31-45,130786.25,713.0,385396.14,18.0,154212.26,5323.41,0,2,62103.9,24,Salaried,4.1259,0.4884,0.4749,Low
C05656,30,21-30,65196.58,794.0,138548.23,2.3,76305.72,5000.0,0,1,35046.38,60,Salaried,3.2955,0.9203,0.5375,Low
C05657,58,46-65,32598.82,778.0,67232.62,4.2,15335.0,5000.0,0,3,24598.54,36,Self-employed,2.5328,1.8406,0.7546,Low
C05658,57,46-65,56397.95,700.0,55608.2,13.5,84000.38,5000.0,0,0,24253.73,36,Self-employed,2.4754,1.0639,0.43,Low
C05659,44,31-45,20579.42,850.0,39453.05,6.3,19988.68,5000.0,1,3,20006.55,60,Self-employed,2.8884,2.9155,0.9722,Low
C05660,54,46-65,33394.21,750.0,88886.43,7.1,0.0,5000.0,0,0,19654.47,36,Salaried,2.6617,1.7967,0.5886,Low
C05661,26,21-30,92195.89,654.0,30861.37,0.9,18656.66,5000.0,0,2,44422.19,36,Salaried,0.5371,0.6508,0.4818,Low
C05662,30,21-30,56732.66,639.0,125362.75,22.1,100713.44,5000.0,0,2,22552.68,24,Salaried,3.9849,1.0576,0.3975,Medium
C05663,59,46-65,107960.65,773.0,31049.33,6.6,124355.21,5926.74,0,0,40276.2,36,Salaried,1.4395,0.6588,0.3731,Low
C05664,41,31-45,22034.22,621.0,54400.49,12.9,45535.53,5000.0,0,3,4840.11,48,Salaried,4.5355,2.723,0.2197,High
C05665,45,31-45,56885.1,649.0,48941.65,18.4,15151.73,5000.0,0,3,3319.94,36,Salaried,1.1267,1.0548,0.0584,Low
C05666,41,31-45,50041.64,662.0,150252.75,7.0,74407.02,5000.0,0,0,12876.1,12,Business,4.4895,1.199,0.2573,Medium
C05667,30,21-30,109958.61,707.0,180299.84,1.3,93028.47,5000.0,0,0,74476.49,36,Self-employed,2.4857,0.5457,0.6773,Low
C05668,58,46-65,94104.59,665.0,153774.05,13.0,107119.5,6423.24,0,0,43630.58,36,Salaried,2.7724,0.8191,0.4636,Low
C05669,55,46-65,92538.61,581.0,121774.34,22.4,39817.57,5000.0,0,2,14953.01,12,,1.7462,0.6484,0.1616,Low
C05670,51,46-65,151739.13,767.0,277198.85,14.8,168081.62,5000.0,0,3,54746.15,36,Salaried,2.9345,0.3954,0.3608,Low
C05671,36,31-45,53087.39,650.0,80590.05,11.4,46875.26,5000.0,0,0,4912.24,60,Salaried,2.401,1.1302,0.0925,Low
C05672,49,46-65,135460.72,831.0,175992.77,14.7,53184.99,6615.18,0,1,70899.33,36,Salaried,1.6918,0.586,0.5234,Low
C05673,63,46-65,36600.94,703.0,20152.54,16.1,49625.02,5000.0,0,1,17135.89,48,Business,1.9064,1.6393,0.4682,Low
C05674,50,46-65,35870.12,775.0,35005.97,8.2,3828.53,5000.0,0,3,19082.55,36,Salaried,1.0826,1.6727,0.532,Low
C05675,43,31-45,98336.76,727.0,269332.48,22.8,77970.56,5085.97,0,2,52141.41,36,Salaried,3.5318,0.6206,0.5302,Low
C05676,33,31-45,28411.1,779.0,37920.34,9.9,3004.7,5000.0,1,2,2918.8,36,Salaried,1.4405,2.1119,0.1027,Low
C05677,44,31-45,89068.73,723.0,260992.17,16.8,106064.93,5000.0,0,2,10898.97,36,Salaried,4.1211,0.6736,0.1224,Low
C05678,37,31-45,68724.76,698.0,215510.24,3.9,45901.97,5000.0,0,4,6625.52,48,Business,3.8038,0.873,0.0964,High
C05679,48,46-65,117202.86,762.0,289387.07,8.5,202466.91,6754.16,1,0,73962.06,36,Salaried,4.1966,0.6915,0.6311,Low
C05680,23,21-30,62909.24,850.0,12569.9,4.8,56920.42,5000.0,0,0,3238.57,36,Salaried,1.1046,0.9538,0.0515,Low
C05681,29,21-30,67034.95,660.0,150767.31,12.0,133343.0,5000.0,1,4,35293.63,24,Self-employed,4.2382,0.8951,0.5265,High
C05682,56,46-65,86011.67,740.0,246695.63,3.6,28109.5,5000.0,0,2,61968.24,60,Salaried,3.195,0.6976,0.7205,Medium
C05683,38,31-45,45147.28,680.0,51137.14,14.8,42728.28,5000.0,0,0,13960.18,24,Salaried,2.0791,1.329,0.3092,Low
C05684,40,31-45,44078.57,718.0,52110.4,12.7,68120.6,5000.0,0,1,4552.59,24,Salaried,2.7277,1.3612,0.1033,Low
C05685,45,31-45,84379.41,683.0,104946.31,7.7,140006.77,5000.0,0,3,34640.18,48,Salaried,2.903,0.7111,0.4105,Low
C05686,40,31-45,63961.35,518.0,101676.6,15.7,70014.73,5000.0,2,2,14123.54,24,Salaried,2.6843,0.9381,0.2208,High
C05687,55,46-65,51954.31,665.0,30159.09,3.9,90148.78,5000.0,0,1,15409.13,24,Salaried,2.3156,1.1549,0.2966,Medium
C05688,32,31-45,62106.83,755.0,59830.39,14.7,0.0,5000.0,1,0,29943.64,60,Salaried,0.9633,0.9661,0.4821,Low
C05689,55,46-65,156240.27,623.0,365175.53,4.3,27720.51,10696.2,0,1,17986.41,36,Business,2.5147,0.8215,0.1151,Medium
C05690,30,21-30,50944.01,749.0,101872.93,5.5,55460.37,5000.0,0,0,17077.75,48,Self-employed,3.0884,1.1778,0.3352,Low
C05691,37,31-45,50137.86,694.0,51731.4,18.4,10074.18,5000.0,1,0,31110.25,36,Salaried,1.2327,1.1967,0.6205,Low
C05692,47,46-65,25413.82,666.0,88006.25,18.6,47920.53,5000.0,0,2,10166.94,48,Salaried,5.3485,2.3609,0.4001,Medium
C05693,60,46-65,63503.38,748.0,58220.97,12.0,0.0,5000.0,0,1,41468.65,48,Salaried,0.9168,0.9448,0.653,Low
C05694,31,31-45,93286.29,731.0,91597.47,32.5,51169.06,5000.0,0,1,46321.08,36,Salaried,1.5304,0.6432,0.4965,Low
C05695,47,46-65,102955.44,712.0,68290.29,24.1,72383.12,7226.14,0,0,4732.75,36,Salaried,1.3664,0.8422,0.046,Low
C05696,23,21-30,68986.23,756.0,73496.54,7.6,99921.16,5000.0,0,0,5308.57,12,Business,2.5138,0.8697,0.077,Low
C05697,24,21-30,109957.7,695.0,203286.95,4.2,9828.55,7134.81,0,2,58686.57,24,Self-employed,1.9382,0.7786,0.5337,Low
C05698,55,46-65,97179.91,557.0,57248.02,14.8,132727.28,5000.0,0,1,39444.53,36,Salaried,1.9549,0.6174,0.4059,Low
C05699,53,46-65,119882.24,652.0,355325.77,10.2,,5596.47,0,0,11033.5,12,Salaried,4.6557,0.5602,0.092,Medium
C05700,37,31-45,111692.97,545.0,349499.43,13.1,106084.16,6930.55,0,2,43136.47,36,Business,4.0789,0.7446,0.3862,High
C05701,49,46-65,154142.16,729.0,181882.34,13.9,27615.27,10802.77,1,3,36846.93,48,Self-employed,1.3591,0.841,0.239,Low
C05702,38,31-45,59207.96,747.0,152260.86,5.0,0.0,5000.0,0,2,6207.71,60,Salaried,2.5716,1.0134,0.1048,Low
C05703,33,31-45,31327.78,751.0,73339.32,4.0,14877.55,5000.0,0,4,1199.83,48,Self-employed,2.8159,1.9152,0.0383,Medium
C05704,40,31-45,93637.65,717.0,272060.05,13.3,33618.11,5000.0,0,2,15422.47,60,Business,3.2645,0.6408,0.1647,Medium
C05705,35,31-45,99852.24,753.0,109700.35,13.0,86077.58,5000.0,0,2,21056.78,60,Salaried,1.9607,0.6009,0.2109,Low
C05706,57,46-65,154143.62,562.0,344502.68,3.0,121237.98,5000.0,1,1,98631.68,36,Salaried,3.0215,0.3892,0.6399,High
C05707,39,31-45,131511.85,672.0,70821.09,5.4,35582.26,5000.0,0,0,44039.07,48,Salaried,0.8091,0.4562,0.3349,Low
C05708,35,31-45,189501.53,574.0,21803.93,4.0,289024.24,9803.29,1,2,129507.78,36,Business,1.6402,0.6208,0.6834,Medium
C05709,45,31-45,91405.62,653.0,280022.9,9.3,78736.93,5572.88,0,4,30608.83,24,Self-employed,3.9249,0.7316,0.3349,High
C05710,55,46-65,73716.97,801.0,82681.98,8.5,88198.92,5078.12,0,3,25611.16,24,Salaried,2.3181,0.8266,0.3474,Low
C05711,33,31-45,30345.45,762.0,49840.33,1.8,48382.61,5000.0,0,4,19587.42,36,Self-employed,3.2368,1.9772,0.6455,Medium
C05712,63,46-65,77002.69,730.0,97028.0,9.4,118384.57,5356.33,0,1,7059.53,36,Salaried,2.7975,0.8347,0.0917,Low
C05713,41,31-45,47966.86,666.0,146355.01,10.9,65741.83,5000.0,0,0,32775.99,36,Salaried,4.4217,1.2509,0.6833,Medium
C05714,50,46-65,73018.86,605.0,79809.07,11.2,23587.36,5000.0,0,0,0.0,36,Salaried,1.416,0.8217,0.0,Medium
C05715,64,46-65,66978.36,694.0,48252.66,4.0,31727.32,5000.0,1,3,38508.66,36,Salaried,1.1941,0.8958,0.5749,Low
C05716,40,31-45,84254.4,763.0,183061.73,8.7,66948.09,5000.0,1,1,31045.75,24,Salaried,2.9673,0.7121,0.3685,Low
C05717,29,21-30,61611.92,711.0,49238.99,20.0,18706.65,5000.0,1,1,30581.69,24,Salaried,1.1028,0.9738,0.4964,High
C05718,54,46-65,108706.15,561.0,104053.77,5.5,182519.45,5000.0,0,4,79102.35,36,Business,2.6362,0.5519,0.7277,Medium
C05719,21,21-30,18000.0,688.0,30056.53,19.3,0.0,5000.0,1,6,3443.85,24,Salaried,1.6698,3.3333,0.1913,Medium
C05720,41,31-45,72159.85,537.0,264296.26,6.4,86461.69,5000.0,1,1,23013.44,48,Salaried,4.8608,0.8315,0.3189,High
C05721,65,46-65,125933.83,740.0,340510.95,17.0,181739.69,5000.0,0,4,81480.43,36,,4.147,0.4764,0.647,Low
C05722,39,31-45,181801.23,628.0,100954.73,12.9,116604.49,6375.56,1,4,19701.49,36,Business,1.1967,0.4208,0.1084,Low
C05723,51,46-65,97218.98,588.0,137653.86,9.1,102840.02,5000.0,0,2,33360.79,48,Salaried,2.4737,0.6172,0.3432,Medium
C05724,44,31-45,164197.99,741.0,453994.22,11.6,69560.0,5409.39,0,0,9895.92,24,Salaried,3.1886,0.3953,0.0603,Medium
C05725,30,21-30,71328.94,722.0,82470.42,1.1,88949.47,5000.0,0,0,20438.01,24,Business,2.4032,0.8412,0.2865,Low
C05726,35,31-45,65102.42,697.0,158678.81,15.9,111316.48,5000.0,0,0,28697.81,48,Salaried,4.1472,0.9216,0.4408,Low
C05727,44,31-45,86970.23,844.0,158009.97,3.5,114874.3,5000.0,0,0,48278.69,48,Self-employed,3.1377,0.6899,0.5551,Low
C05728,25,21-30,64885.9,728.0,190629.85,21.2,22698.38,5000.0,0,1,4345.38,24,Salaried,3.2877,0.9247,0.067,Low
C05729,39,31-45,42270.55,632.0,61903.0,11.8,64498.83,5000.0,0,1,33338.07,36,Salaried,2.9903,1.4194,0.7887,Medium
C05730,39,31-45,48960.07,719.0,180161.27,4.0,47917.09,5000.0,1,0,15350.53,24,Salaried,4.6585,1.2255,0.3135,Medium
C05731,58,46-65,35258.38,659.0,54347.63,15.9,44609.12,5000.0,0,1,15090.27,36,Salaried,2.8066,1.7017,0.428,Low
C05732,26,21-30,86920.57,775.0,202580.42,9.6,131728.62,5812.17,0,3,58091.2,24,Salaried,3.8461,0.8024,0.6683,Low
C05733,58,46-65,65408.54,701.0,52939.75,13.6,112637.66,5000.0,0,2,26797.52,60,Salaried,2.5314,0.9173,0.4097,Low
C05734,39,31-45,53315.65,708.0,107604.81,8.4,64956.82,5000.0,0,0,8739.84,36,Self-employed,3.2366,1.1254,0.1639,Medium
C05735,50,46-65,47594.21,572.0,65597.09,14.7,2111.64,5000.0,1,2,15106.97,12,Salaried,1.4226,1.2607,0.3174,Medium
C05736,46,46-65,85812.81,685.0,31266.37,5.7,67793.48,5745.53,0,1,24842.86,48,Salaried,1.1544,0.8035,0.2895,Low
C05737,34,31-45,99846.48,676.0,176484.49,7.0,23762.67,5000.0,0,1,0.0,60,Business,2.0056,0.6009,0.0,Low
C05738,62,46-65,34904.11,603.0,24096.01,12.8,12245.66,5000.0,0,2,1465.86,48,Self-employed,1.0412,1.719,0.042,Low
C05739,31,31-45,32013.6,663.0,101011.65,21.4,54676.91,5000.0,0,2,12586.95,12,Self-employed,4.8632,1.8742,0.3932,Medium
C05740,22,21-30,109877.68,713.0,302930.17,9.1,84524.48,5000.0,0,4,1675.54,60,Self-employed,3.5262,0.5461,0.0152,Medium
C05741,54,46-65,30510.29,680.0,74763.52,15.1,790.32,5000.0,0,3,10607.88,36,Business,2.4763,1.9665,0.3477,Medium
C05742,48,46-65,87838.95,574.0,151338.85,14.3,59941.96,5000.0,0,3,41863.91,48,Salaried,2.4053,0.6831,0.4766,Medium
C05743,61,46-65,158172.68,660.0,147533.49,20.5,21804.5,8864.06,0,1,91561.97,36,Salaried,1.0706,0.6725,0.5789,Low
C05744,41,31-45,158375.12,645.0,186580.64,4.5,101156.62,9725.53,0,2,40822.38,24,Business,1.8168,0.7369,0.2578,Low
C05745,21,21-30,97535.58,695.0,87028.13,11.4,18989.87,5000.0,1,0,48781.73,36,Salaried,1.087,0.6152,0.5001,Low
C05746,21,21-30,95988.89,686.0,185400.32,10.7,98990.58,5000.0,0,1,67989.35,60,Salaried,2.9627,0.6251,0.7083,Low
C05747,40,31-45,224289.22,649.0,500000.0,11.4,65088.54,5479.77,0,4,76323.3,12,Salaried,2.5195,0.2932,0.3403,Low
C05748,32,31-45,18001.76,646.0,5859.14,6.2,14338.48,5000.0,1,3,7848.1,36,Self-employed,1.122,3.333,0.436,Low
C05749,62,46-65,50350.2,685.0,11197.55,9.2,47117.64,5000.0,1,1,23010.13,48,Salaried,1.1582,1.1917,0.457,Low
C05750,26,21-30,103653.93,752.0,51445.01,16.9,69903.43,5000.0,0,2,51580.64,24,Salaried,1.1707,0.5788,0.4976,Low
C05751,60,46-65,53994.35,701.0,72453.29,4.7,35546.98,5000.0,0,2,26258.83,36,Salaried,2.0002,1.1112,0.4863,Low
C05752,30,21-30,128543.24,787.0,36848.87,12.8,219151.59,6729.6,0,2,12940.98,60,Salaried,1.9916,0.6282,0.1007,Low
C05753,26,21-30,63608.21,765.0,88513.63,7.9,8786.74,5000.0,0,1,39007.98,36,Business,1.5297,0.9433,0.6133,Low
C05754,33,31-45,69884.68,792.0,34020.02,10.9,116171.67,5000.0,1,2,39867.95,36,Salaried,2.1491,0.8586,0.5705,Low
C05755,27,21-30,55886.13,,21647.37,7.7,90894.7,5000.0,0,0,16310.31,60,Salaried,2.0138,1.0736,0.2918,Low
C05756,39,31-45,48764.68,797.0,129172.81,16.9,75709.68,5000.0,0,3,18572.95,36,Salaried,4.2015,1.2304,0.3809,Low
C05757,35,31-45,48109.36,594.0,171633.42,4.1,84089.85,5000.0,0,4,17038.3,36,Salaried,5.3155,1.2472,0.3542,High
C05758,44,31-45,75454.42,729.0,65898.66,11.0,97808.67,5000.0,2,1,15397.91,36,Salaried,2.1696,0.7952,0.2041,Medium
C05759,45,31-45,42452.11,771.0,33523.3,17.8,32327.08,5000.0,0,3,13496.9,48,Salaried,1.5512,1.4134,0.3179,Low
C05760,21,21-30,109798.84,785.0,125002.91,11.5,35980.69,5652.1,1,2,64182.68,60,Business,1.4662,0.6177,0.5845,Low
C05761,26,21-30,,622.0,262995.87,5.3,113361.25,5000.0,0,2,19399.6,36,Business,4.0426,0.6445,0.2084,High
C05762,28,21-30,118993.2,729.0,234964.04,5.2,134715.53,5876.45,1,1,58944.86,36,Salaried,3.1067,0.5926,0.4954,Medium
C05763,29,21-30,34934.64,686.0,75092.43,10.9,45106.07,5000.0,0,0,17510.89,24,Salaried,3.4407,1.7175,0.5012,Medium
C05764,25,21-30,25525.43,819.0,40527.25,2.4,16989.05,5000.0,0,0,0.0,36,Salaried,2.2533,2.3506,0.0,Low
C05765,35,31-45,64850.53,576.0,216049.77,13.1,43273.25,5000.0,2,0,52675.27,24,Salaried,3.9988,0.9252,0.8123,High
C05766,45,31-45,320130.14,622.0,83747.12,3.1,350000.0,18897.33,0,1,77990.08,24,Salaried,1.3549,0.7084,0.2436,Low
C05767,34,31-45,130425.49,544.0,68573.82,4.2,153412.62,5000.0,0,1,56019.2,60,Salaried,1.702,0.46,0.4295,Low
C05768,35,31-45,47915.63,691.0,50071.55,23.7,28269.59,5000.0,0,4,6901.07,60,Self-employed,1.635,1.2522,0.144,Low
C05769,42,31-45,82094.33,850.0,145865.58,21.1,45082.77,5000.0,0,0,22553.41,48,Salaried,2.326,0.7309,0.2747,Low
C05770,45,31-45,96985.36,677.0,51744.01,7.1,151462.15,5000.0,0,0,56489.07,36,Salaried,2.0952,0.6187,0.5824,Low
C05771,35,31-45,30623.69,688.0,93275.75,18.6,37308.64,5000.0,0,1,22242.64,60,Business,4.2642,1.9593,0.7263,Medium
C05772,30,21-30,138059.05,721.0,343058.94,5.3,37019.29,6492.88,1,3,47969.23,36,Business,2.753,0.5644,0.3475,Medium
C05773,39,31-45,59281.9,671.0,184679.1,13.2,91348.83,5000.0,0,1,35953.47,24,Salaried,4.6562,1.0121,0.6065,Medium
C05774,22,21-30,61837.67,707.0,190306.52,19.4,7404.96,5000.0,0,0,25102.83,48,Salaried,3.1973,0.9703,0.4059,Medium
C05775,43,31-45,65855.89,709.0,114695.08,6.0,78023.67,5000.0,0,1,23755.73,12,Self-employed,2.9264,0.9111,0.3607,Medium
C05776,63,46-65,121983.32,617.0,360776.55,3.1,121268.73,5823.53,0,0,27250.95,48,,3.9517,0.5729,0.2234,Medium
C05777,38,31-45,42907.09,673.0,111754.72,10.1,17542.62,5000.0,0,0,12335.81,24,Salaried,3.0134,1.3984,0.2875,Medium
C05778,25,21-30,25420.44,736.0,26537.0,5.8,25772.44,5000.0,1,4,17614.77,36,Business,2.0578,2.3603,0.6929,High
C05779,52,46-65,77634.56,750.0,161188.54,6.1,55790.96,5000.0,0,1,5189.5,48,Salaried,2.7949,0.7729,0.0668,Low
C05780,26,21-30,21123.27,777.0,44894.66,4.1,17363.62,5000.0,0,3,5724.62,36,Business,2.9474,2.8405,0.271,Low
C05781,29,21-30,55079.65,705.0,150466.06,0.8,29036.25,5000.0,1,1,764.52,24,Salaried,3.259,1.0893,0.0139,High
C05782,27,21-30,124856.88,707.0,304164.51,6.5,124094.09,6846.31,0,1,92519.79,36,Self-employed,3.43,0.658,0.741,Low
C05783,60,46-65,89379.28,736.0,59786.24,6.9,69268.49,6199.63,0,4,24306.14,36,Salaried,1.4439,0.8324,0.2719,Low
C05784,65,46-65,115316.8,,344621.24,5.3,204778.23,6587.36,0,3,78337.96,36,Salaried,4.7643,0.6855,0.6793,Medium
C05785,46,46-65,91430.63,632.0,148517.84,4.0,119043.21,5000.0,0,0,53405.45,24,Salaried,2.9264,0.6562,0.5841,Medium
C05786,48,46-65,244709.36,671.0,500000.0,16.0,350000.0,10403.67,0,0,140614.55,36,Self-employed,3.4735,0.5102,0.5746,Medium
C05787,50,46-65,47033.28,,116523.09,11.5,31582.39,5000.0,0,0,12784.45,36,Business,3.149,1.2757,0.2718,Medium
C05788,48,46-65,80911.8,711.0,154564.45,3.3,34095.66,5000.0,0,1,25776.01,24,Salaried,2.3317,0.7415,0.3186,Low
C05789,45,31-45,51081.43,759.0,12866.12,10.5,22882.53,5000.0,1,1,8195.8,36,Salaried,0.6998,1.1746,0.1604,Low
C05790,65,46-65,110016.24,627.0,282439.53,4.9,158620.79,5000.0,0,1,31734.53,24,Business,4.009,0.5454,0.2885,High
C05791,53,46-65,62835.56,713.0,73868.44,15.2,96658.74,5000.0,0,1,19106.99,60,Salaried,2.7139,0.9549,0.3041,Low
C05792,24,21-30,167293.87,633.0,192181.52,5.4,241164.61,7541.4,0,1,24102.46,48,Salaried,2.5903,0.5409,0.1441,Low
C05793,38,31-45,48542.44,604.0,23523.64,17.0,60671.67,5000.0,0,2,7164.62,36,Salaried,1.7345,1.236,0.1476,Low
C05794,64,46-65,140936.14,834.0,302486.31,16.3,20078.73,5000.0,0,0,45174.26,48,Self-employed,2.2887,0.4257,0.3205,Low
C05795,39,31-45,90072.42,605.0,62522.75,12.4,85655.23,5000.0,0,3,56563.42,24,Salaried,1.6451,0.6661,0.628,Low
C05796,30,21-30,63849.81,584.0,88407.38,5.3,51868.64,5000.0,0,1,49717.29,24,Business,2.197,0.9397,0.7787,Medium
C05797,60,46-65,,696.0,282911.99,7.7,74525.27,5000.0,0,2,32807.92,36,Self-employed,4.0805,0.685,0.3745,High
C05798,49,46-65,75044.61,700.0,118686.47,8.3,92377.36,5000.0,0,3,5328.0,36,Salaried,2.8125,0.7995,0.071,Medium
C05799,46,46-65,79056.47,730.0,251473.97,9.8,71386.23,5391.98,0,2,9195.03,60,Salaried,4.0839,0.8185,0.1163,Low
C05800,39,31-45,58009.58,830.0,93918.16,17.9,65118.21,5000.0,0,0,36404.09,36,Salaried,2.7416,1.0343,0.6276,Low
C05801,26,21-30,44190.67,622.0,33050.53,7.1,45639.41,5000.0,0,0,0.0,48,Salaried,1.7807,1.3578,0.0,Low
C05802,38,31-45,54060.2,637.0,142071.04,15.0,38144.8,5000.0,1,2,3239.76,36,Salaried,3.3336,1.1099,0.0599,High
C05803,40,31-45,25755.74,801.0,57794.96,3.7,5136.82,5000.0,0,1,10879.92,36,Salaried,2.4434,2.3296,0.4224,Low
C05804,62,46-65,103281.56,750.0,355350.05,5.7,80960.6,5000.0,0,2,67525.25,24,Salaried,4.2245,0.5809,0.6538,Low
C05805,34,31-45,32951.84,740.0,12358.81,4.9,9693.11,5000.0,0,3,23235.36,36,Business,0.6692,1.8208,0.7051,Low
C05806,27,21-30,57666.79,636.0,167459.97,15.2,10598.91,5000.0,0,2,14813.59,24,Self-employed,3.0877,1.0405,0.2569,Medium
C05807,40,31-45,92833.92,764.0,171194.21,19.9,142694.54,5000.0,0,3,54103.62,48,Self-employed,3.3812,0.6463,0.5828,Low
C05808,65,46-65,103136.72,740.0,301694.34,6.3,57403.49,5256.96,0,1,39638.6,24,Business,3.4818,0.6116,0.3843,Low
C05809,42,31-45,24491.56,694.0,7663.67,5.2,36817.61,5000.0,0,0,12357.33,36,Business,1.8162,2.4498,0.5046,Low
C05810,38,31-45,61797.99,636.0,147058.98,7.8,75066.41,5000.0,0,0,29703.86,60,Salaried,3.5944,0.9709,0.4807,Medium
C05811,51,46-65,83700.66,688.0,34678.17,4.7,76395.75,5000.0,0,1,30667.08,60,Self-employed,1.327,0.7168,0.3664,Low
C05812,50,46-65,66886.43,804.0,196278.97,6.4,67268.38,5000.0,0,2,47398.55,36,Self-employed,3.9402,0.897,0.7086,Low
C05813,34,31-45,136132.48,598.0,117429.47,7.8,,9583.25,0,2,40117.53,48,Salaried,1.797,0.8448,0.2947,Low
C05814,64,46-65,41363.28,620.0,60113.32,7.9,48941.13,5000.0,0,0,0.0,60,Salaried,2.6365,1.4506,0.0,High
C05815,47,46-65,21060.82,633.0,59002.16,2.6,0.0,5000.0,0,1,0.0,60,Salaried,2.8015,2.8489,0.0,High
C05816,23,21-30,101500.79,649.0,182723.05,6.2,12672.12,5000.0,0,1,33053.38,12,Salaried,1.9251,0.5911,0.3256,Low
C05817,39,31-45,48375.33,679.0,133796.48,22.9,52475.79,5000.0,0,1,23038.92,12,Self-employed,3.8506,1.2403,0.4763,Medium
C05818,62,46-65,24709.55,752.0,60372.09,3.0,13876.17,5000.0,0,1,25066.67,48,Salaried,3.0048,2.4282,1.0145,Low
C05819,38,31-45,59573.18,715.0,35866.6,9.7,44098.4,5000.0,0,0,5054.64,24,Salaried,1.3423,1.0072,0.0848,Low
C05820,46,46-65,127893.02,685.0,342652.2,9.1,113030.15,5356.15,1,0,45689.97,36,Business,3.563,0.5026,0.3573,Medium
C05821,48,46-65,32446.69,701.0,35731.03,26.9,37221.52,5000.0,0,2,31999.44,60,Self-employed,2.2484,1.8492,0.9862,Low
C05822,52,46-65,234905.91,727.0,500000.0,9.5,339491.41,16158.66,1,2,131786.42,12,Salaried,3.5737,0.8255,0.561,Medium
C05823,60,46-65,40999.19,554.0,51196.62,21.7,8632.84,5000.0,0,0,23980.13,24,Business,1.4593,1.4634,0.5849,Low
C05824,27,21-30,68186.27,760.0,112914.55,9.3,35088.98,5000.0,0,1,5342.42,36,Salaried,2.1706,0.8799,0.0784,Low
C05825,44,31-45,33243.67,618.0,98532.49,6.1,18040.59,5000.0,0,0,12057.84,24,Salaried,3.5066,1.8049,0.3627,Medium
C05826,45,31-45,66504.72,647.0,204253.0,9.6,103281.43,5000.0,0,2,16305.73,12,Salaried,4.6242,0.9022,0.2452,High
C05827,27,21-30,60390.15,706.0,207735.0,3.6,0.0,5000.0,0,0,24188.13,24,Salaried,3.4399,0.9935,0.4005,Medium
C05828,51,46-65,28650.35,674.0,76305.09,10.2,12485.21,5000.0,1,0,0.0,36,Salaried,3.0991,2.0942,0.0,High
C05829,26,21-30,307535.98,717.0,135028.94,6.5,215903.48,19599.15,0,0,119524.74,60,Salaried,1.1411,0.7648,0.3887,Low
C05830,41,31-45,49498.97,691.0,91161.89,6.1,12955.29,5000.0,0,0,16053.4,24,Business,2.1034,1.2121,0.3243,Low
C05831,35,31-45,49522.78,658.0,55319.25,15.9,50868.33,5000.0,0,0,0.0,60,Self-employed,2.1442,1.2116,0.0,Low
C05832,27,21-30,110759.04,795.0,264311.48,7.3,5124.25,5538.22,0,0,1309.26,36,Salaried,2.4326,0.6,0.0118,Low
C05833,58,46-65,176307.12,733.0,108866.75,2.0,170049.84,9690.85,1,0,56720.27,60,Salaried,1.582,0.6596,0.3217,Low
C05834,31,31-45,120774.79,703.0,415120.73,11.8,18765.41,5000.0,0,2,25345.66,48,Business,3.5925,0.4968,0.2099,Low
C05835,32,31-45,33573.54,732.0,17690.54,13.4,39004.96,5000.0,0,2,13143.44,48,Salaried,1.6887,1.7871,0.3915,Low
C05836,59,46-65,73115.27,627.0,12921.74,29.1,26910.51,5000.0,0,1,42816.82,24,Salaried,0.5448,0.8206,0.5856,Low
C05837,60,46-65,23095.38,843.0,80930.07,10.1,14501.96,5000.0,0,1,0.0,36,Self-employed,4.1321,2.5979,0.0,Low
C05838,22,21-30,106732.43,598.0,78242.08,6.9,185653.1,5000.0,1,1,11078.37,24,Salaried,2.4725,0.5622,0.1038,Medium
C05839,33,31-45,26444.12,688.0,5983.18,11.9,37723.77,5000.0,0,1,14338.35,36,Business,1.6528,2.2689,0.5422,Low
C05840,52,46-65,41788.72,659.0,66680.65,3.8,27399.66,5000.0,0,3,25547.12,36,Self-employed,2.2513,1.4358,0.6113,Low
C05841,56,46-65,64885.65,656.0,221042.59,6.1,85246.99,5000.0,0,1,31053.23,36,Salaried,4.7205,0.9247,0.4786,Medium
C05842,65,46-65,83024.93,646.0,98681.97,12.7,102929.01,5000.0,0,0,51244.7,36,Salaried,2.4283,0.7227,0.6172,Low
C05843,45,31-45,56310.06,622.0,97678.42,7.7,95858.84,5000.0,0,3,37935.1,36,Salaried,3.437,1.0655,0.6737,High
C05844,21,21-30,149887.24,769.0,152019.79,2.4,157819.07,6633.15,0,0,46964.92,36,Self-employed,2.0671,0.5311,0.3133,Low
C05845,60,46-65,96753.75,590.0,194586.24,7.3,104536.41,5000.0,0,1,38727.57,36,Business,3.0916,0.6201,0.4003,High
C05846,28,21-30,92664.54,754.0,125216.95,9.5,131564.87,5000.0,0,3,58412.83,48,Self-employed,2.7711,0.6475,0.6304,Low
C05847,26,21-30,33056.45,729.0,74746.35,7.5,30445.87,5000.0,0,0,24801.3,24,Salaried,3.1822,1.8151,0.7503,Medium
C05848,51,46-65,165511.32,651.0,285482.12,2.6,163646.38,10822.89,0,0,81654.66,48,Salaried,2.7136,0.7847,0.4933,Medium
C05849,48,46-65,41791.85,720.0,140136.45,1.1,12641.36,5000.0,1,2,16468.86,36,Salaried,3.6557,1.4357,0.3941,High
C05850,23,21-30,169023.14,668.0,413592.54,14.2,264513.73,9191.07,0,1,53867.46,36,Self-employed,4.0119,0.6525,0.3187,Medium
C05851,28,21-30,197669.13,597.0,468381.22,13.2,185692.61,13464.65,1,1,79370.94,48,Salaried,3.3089,0.8174,0.4015,High
C05852,47,46-65,86172.26,598.0,142753.48,5.6,65916.6,5000.0,1,0,40845.72,36,Salaried,2.4215,0.6963,0.474,High
C05853,32,31-45,114662.67,729.0,132207.34,5.5,146781.83,6270.05,0,1,72560.39,48,Salaried,2.4331,0.6562,0.6328,Low
C05854,51,46-65,18000.0,725.0,9414.4,7.0,20835.13,5000.0,0,2,11767.97,36,Salaried,1.6805,3.3333,0.6538,Low
C05855,39,31-45,58389.49,698.0,94981.29,14.6,60656.75,5000.0,0,3,28686.83,36,Business,2.6655,1.0276,0.4913,Low
C05856,47,46-65,119173.26,651.0,90286.9,9.6,100174.53,5000.0,1,1,2698.46,60,Salaried,1.5982,0.5035,0.0226,Low
C05857,42,31-45,108079.59,666.0,74079.15,18.9,22130.77,5000.0,0,0,71215.79,60,Self-employed,0.8902,0.5551,0.6589,Low
C05858,37,31-45,33232.87,656.0,56171.89,9.5,64669.74,5000.0,0,0,25268.8,48,Self-employed,3.6362,1.8054,0.7604,Medium
C05859,36,31-45,55303.72,549.0,35679.22,4.9,10000.87,5000.0,0,0,26926.09,36,Salaried,0.826,1.0849,0.4869,Low
C05860,52,46-65,18000.0,685.0,18417.73,5.8,41891.65,5000.0,0,1,702.85,36,Salaried,3.3505,3.3333,0.039,High
C05861,44,31-45,81575.86,719.0,179321.99,12.1,135465.61,5417.31,0,2,49578.01,24,Business,3.8588,0.7969,0.6078,Medium
C05862,47,46-65,23070.54,685.0,59130.59,21.7,34396.56,5000.0,0,1,0.0,36,Salaried,4.054,2.6007,0.0,High
C05863,46,46-65,121043.51,813.0,111711.19,9.9,28396.56,7696.67,0,0,57075.77,36,Business,1.1575,0.763,0.4715,Low
C05864,30,21-30,124572.26,605.0,343171.06,16.2,16735.75,5000.0,0,1,35055.29,36,,2.8891,0.4816,0.2814,Medium
C05865,62,46-65,50073.18,630.0,5000.0,11.3,66522.84,5000.0,0,1,5281.81,48,Salaried,1.4284,1.1982,0.1055,Low
C05866,46,46-65,86581.75,690.0,314021.38,10.6,25301.06,5000.0,0,0,16999.75,48,Salaried,3.9191,0.693,0.1963,Low
C05867,53,46-65,57684.18,698.0,105494.89,23.2,97834.91,5000.0,0,1,37657.71,24,Salaried,3.5249,1.0401,0.6528,Low
C05868,60,46-65,74249.93,537.0,136456.63,4.2,100738.11,5000.0,0,1,25263.99,48,Salaried,3.1945,0.8081,0.3403,High
C05869,62,46-65,34584.12,725.0,78097.65,7.1,71033.37,5000.0,0,1,17294.39,36,Salaried,4.3121,1.7349,0.5001,Medium
C05870,51,46-65,91538.37,699.0,171911.5,6.2,153763.86,5000.0,0,1,32263.37,36,Salaried,3.5578,0.6555,0.3525,Medium
C05871,56,46-65,26357.04,521.0,30007.96,8.6,58853.51,5000.0,0,1,3541.2,48,Salaried,3.3715,2.2764,0.1344,High
C05872,42,31-45,23758.15,671.0,44729.34,3.0,0.0,5000.0,0,1,3501.17,60,Self-employed,1.8827,2.5254,0.1474,Medium
C05873,54,46-65,60784.01,619.0,217172.29,8.4,110046.49,5000.0,0,0,16253.21,60,Salaried,5.3833,0.9871,0.2674,High
C05874,35,31-45,57870.25,646.0,157748.52,5.5,13396.07,5000.0,0,1,24686.98,36,Salaried,2.9574,1.0368,0.4266,Medium
C05875,53,46-65,75501.55,580.0,133231.46,5.8,100779.31,5000.0,0,1,32127.46,48,Business,3.0994,0.7947,0.4255,Medium
C05876,24,21-30,45474.79,711.0,144455.16,17.1,59775.92,5000.0,0,0,0.0,12,Salaried,4.4911,1.3194,0.0,Medium
C05877,62,46-65,183372.15,812.0,135464.21,5.1,56276.44,6549.5,0,2,52091.38,36,Salaried,1.0456,0.4286,0.2841,Low
C05878,32,31-45,71002.85,700.0,143738.93,27.1,59746.61,5000.0,0,0,32040.05,36,Salaried,2.8659,0.845,0.4513,Low
C05879,50,46-65,73882.22,518.0,118536.58,9.7,81899.49,5000.0,0,1,0.0,48,Salaried,2.7129,0.8121,0.0,High
C05880,21,21-30,72447.77,701.0,80032.67,1.5,66210.85,5000.0,0,3,0.0,36,Business,2.0186,0.8282,0.0,Low
C05881,28,21-30,112841.9,665.0,369781.82,16.2,137769.33,6371.49,0,1,48745.05,36,Salaried,4.4979,0.6776,0.432,Medium
C05882,65,46-65,89228.17,597.0,257968.23,1.1,33662.54,5599.7,0,0,40756.4,48,Salaried,3.2684,0.7531,0.4568,Medium
C05883,58,46-65,82888.56,707.0,260474.3,3.6,65419.73,5000.0,0,1,39516.6,12,Business,3.9317,0.7239,0.4767,Medium
C05884,31,31-45,97434.32,746.0,219711.55,11.0,113388.39,5000.0,0,2,44691.52,48,Salaried,3.4187,0.6158,0.4587,Low
C05885,26,21-30,23827.71,630.0,42422.77,7.4,177.07,5000.0,0,2,15297.85,36,Business,1.7878,2.5181,0.642,Medium
C05886,57,46-65,24327.83,557.0,83392.52,13.2,16481.98,5000.0,0,2,7467.73,24,Self-employed,4.1054,2.4663,0.307,High
C05887,65,46-65,62336.99,529.0,42291.26,5.8,62363.94,5000.0,0,1,31178.13,24,Salaried,1.6789,0.9625,0.5002,Medium
C05888,28,21-30,58303.76,630.0,175462.54,5.8,105477.38,5000.0,0,2,2752.03,36,Business,4.8186,1.0291,0.0472,High
C05889,50,46-65,89414.48,668.0,13040.75,6.5,157336.17,6258.1,0,4,0.0,60,Salaried,1.9055,0.8399,0.0,Low
C05890,33,31-45,65719.56,641.0,196672.1,11.4,87744.87,5000.0,1,4,12002.49,60,Salaried,4.3277,0.913,0.1826,High
C05891,54,46-65,89515.61,629.0,241177.53,13.4,101563.1,5479.32,1,1,48933.32,60,Salaried,3.8288,0.7345,0.5466,High
C05892,39,31-45,32763.33,723.0,24659.05,3.7,22236.1,5000.0,0,2,15375.88,48,Salaried,1.4313,1.8313,0.4693,Low
C05893,26,21-30,64617.01,715.0,43590.05,17.6,48242.0,5000.0,0,1,4023.51,60,Salaried,1.4212,0.9285,0.0623,Low
C05894,35,31-45,31087.51,695.0,46886.46,26.2,22304.99,5000.0,0,0,5338.14,60,Salaried,2.2257,1.93,0.1717,Low
C05895,45,31-45,80411.66,,96293.48,8.5,46510.49,5000.0,1,2,37128.4,48,Salaried,1.7759,0.7462,0.4617,Low
C05896,56,46-65,23134.63,631.0,82232.01,10.2,3601.26,5000.0,0,1,14786.03,36,Self-employed,3.7102,2.5935,0.6391,High
C05897,21,21-30,78724.77,598.0,64987.42,5.5,72607.55,5000.0,1,2,8864.19,48,Salaried,1.7478,0.7621,0.1126,Medium
C05898,64,46-65,28975.12,641.0,43796.5,15.8,23849.51,5000.0,1,0,11303.7,36,Business,2.3346,2.0707,0.3901,High
C05899,50,46-65,52638.46,636.0,46954.48,1.2,95647.39,5000.0,0,3,19454.97,36,Salaried,2.7091,1.1399,0.3696,Medium
C05900,60,46-65,106335.32,526.0,87149.82,20.8,50509.85,5000.0,0,1,4814.69,60,Salaried,1.2946,0.5643,0.0453,Low
C05901,62,46-65,73658.99,639.0,66232.71,19.4,60267.44,5000.0,1,3,14319.88,24,Business,1.7174,0.8146,0.1944,Medium
C05902,27,21-30,26292.25,763.0,69857.09,3.5,22627.28,5000.0,0,0,5166.56,24,Salaried,3.5176,2.282,0.1965,Low
C05903,25,21-30,44905.97,740.0,116013.12,5.0,72040.82,5000.0,0,3,19650.24,60,Salaried,4.1877,1.3361,0.4376,Medium
C05904,55,46-65,28463.69,719.0,89426.12,7.6,21898.07,5000.0,0,1,5798.63,36,Business,3.9111,2.1079,0.2037,Medium
C05905,29,21-30,25591.75,690.0,48817.28,14.7,28769.33,5000.0,0,0,4123.88,24,Salaried,3.0317,2.3445,0.1611,Medium
C05906,27,21-30,69345.55,789.0,76822.65,2.7,102821.41,5000.0,0,0,10534.46,12,Salaried,2.5906,0.8652,0.1519,Low
C05907,42,31-45,88460.08,600.0,8925.02,6.0,126064.76,5000.0,0,2,41766.87,36,Business,1.526,0.6783,0.4722,Low
C05908,62,46-65,82824.22,608.0,142255.07,12.3,64334.97,5000.0,0,2,38054.93,36,Salaried,2.4943,0.7244,0.4595,Low
C05909,56,46-65,90543.65,764.0,16877.88,3.2,89022.86,5000.0,1,4,17311.67,36,Self-employed,1.1696,0.6627,0.1912,Low
C05910,44,31-45,64575.58,682.0,18456.41,8.0,37942.01,5000.0,0,2,43795.87,36,Salaried,0.8734,0.9291,0.6782,Low
C05911,29,21-30,55925.62,630.0,125964.82,9.1,97893.78,5000.0,1,0,3402.52,48,Salaried,4.0028,1.0729,0.0608,High
C05912,36,31-45,36024.5,721.0,21580.29,4.1,43223.69,5000.0,2,6,0.0,24,Business,1.7989,1.6655,0.0,High
C05913,51,46-65,51026.42,647.0,105505.71,8.8,87850.9,5000.0,1,2,19516.7,24,Salaried,3.7893,1.1759,0.3825,High
C05914,28,21-30,31426.32,617.0,53830.75,9.3,55360.17,5000.0,0,1,27363.23,48,Salaried,3.4745,1.9092,0.8707,Medium
C05915,44,31-45,40835.27,615.0,97719.63,5.5,34681.13,5000.0,0,3,19692.21,36,Salaried,3.2423,1.4693,0.4822,High
C05916,21,21-30,68258.16,704.0,84846.58,2.4,85594.2,5000.0,2,2,36437.61,48,Salaried,2.497,0.879,0.5338,High
C05917,35,31-45,60921.97,695.0,154507.4,2.2,75710.48,5000.0,0,1,24727.22,24,Salaried,3.7789,0.9849,0.4059,Medium
C05918,32,31-45,350000.0,794.0,483011.45,11.8,81844.8,12122.15,0,1,115534.48,36,,1.6139,0.4156,0.3301,Low
C05919,51,46-65,31006.59,658.0,5000.0,11.7,27315.36,5000.0,0,1,16977.16,60,Salaried,1.0422,1.9351,0.5475,Low
C05920,62,46-65,60678.11,657.0,76326.01,6.7,50415.69,5000.0,1,1,26971.62,24,Salaried,2.0888,0.9888,0.4445,Low
C05921,27,21-30,29705.57,788.0,15780.04,7.6,16910.82,5000.0,0,0,12890.24,12,Self-employed,1.1005,2.0198,0.4339,Low
C05922,56,46-65,52515.33,754.0,78931.59,6.1,88315.96,5000.0,0,2,32239.55,24,Business,3.1847,1.1425,0.6139,Medium
C05923,50,46-65,53703.92,691.0,137980.38,18.0,76770.79,5000.0,3,0,24450.55,36,Salaried,3.9988,1.1172,0.4553,High
C05924,64,46-65,103448.23,563.0,292608.94,6.1,129065.56,6156.34,3,4,70578.25,24,Salaried,4.0762,0.7141,0.6823,High
C05925,62,46-65,50758.07,619.0,47015.65,23.7,50976.48,5000.0,0,5,5838.38,60,Salaried,1.9306,1.1821,0.115,Low
C05926,25,21-30,58507.88,601.0,15762.01,4.7,10974.21,5000.0,0,4,10234.09,36,Self-employed,0.457,1.0255,0.1749,Low
C05927,54,46-65,51301.11,683.0,35155.05,15.9,17434.84,5000.0,0,1,7566.73,36,Salaried,1.0251,1.1696,0.1475,Low
C05928,47,46-65,30078.45,642.0,98893.64,3.3,17899.59,5000.0,0,0,7910.25,36,Salaried,3.883,1.9948,0.263,High
C05929,26,21-30,45409.94,800.0,52585.41,10.6,32348.3,5000.0,0,0,18854.48,24,Salaried,1.8704,1.3213,0.4152,Low
C05930,32,31-45,52684.54,562.0,82390.13,2.9,76397.42,5000.0,1,0,21920.57,60,Business,3.0139,1.1389,0.4161,High
C05931,62,46-65,67693.59,593.0,42964.21,5.5,73237.0,5000.0,0,0,46661.11,48,Salaried,1.7166,0.8863,0.6893,Low
C05932,45,31-45,88394.37,698.0,244911.5,15.6,100594.85,5000.0,0,2,2977.59,60,Salaried,3.9087,0.6788,0.0337,Low
C05933,36,31-45,57131.7,719.0,77226.04,3.0,21503.8,5000.0,0,1,32332.73,60,Self-employed,1.7281,1.0502,0.5659,Low
C05934,35,31-45,56581.97,486.0,25964.84,20.1,68996.06,5000.0,0,0,8107.02,48,Business,1.6783,1.0604,0.1433,Medium
C05935,58,46-65,25227.64,550.0,61231.2,14.0,11064.6,5000.0,0,1,6314.56,36,Business,2.8657,2.3783,0.2503,High
C05936,33,31-45,87465.22,660.0,220444.15,14.0,52199.76,5000.0,0,1,19479.84,60,Self-employed,3.1172,0.686,0.2227,Low
C05937,28,21-30,44329.19,782.0,72515.96,13.9,9116.43,5000.0,0,0,17796.19,60,Business,1.8415,1.3535,0.4015,Low
C05938,46,46-65,98033.09,822.0,329763.23,21.0,122944.22,5000.0,0,3,66138.94,36,Self-employed,4.6179,0.612,0.6747,Low
C05939,65,46-65,134079.01,649.0,417473.87,10.6,46528.32,5000.0,0,0,32361.37,36,Salaried,3.4607,0.4475,0.2414,Medium
C05940,29,21-30,58617.54,667.0,106790.89,5.5,32673.97,5000.0,0,0,30879.71,48,Business,2.3792,1.0236,0.5268,Low
C05941,32,31-45,37023.99,617.0,107049.02,12.3,83131.16,5000.0,0,0,11025.15,48,Salaried,5.1367,1.6206,0.2978,Medium
C05942,42,31-45,64405.76,727.0,178007.55,8.1,0.0,5000.0,0,1,12102.94,24,Salaried,2.7638,0.9316,0.1879,Low
C05943,29,21-30,78741.74,795.0,108308.39,18.6,41027.66,5000.0,0,1,44255.21,36,Salaried,1.8965,0.762,0.562,Low
C05944,50,46-65,54644.65,774.0,154766.9,8.4,63522.93,5000.0,0,3,5330.97,60,Business,3.9947,1.098,0.0976,Low
C05945,32,31-45,47663.51,678.0,82093.42,14.5,4687.91,5000.0,0,1,0.0,60,Salaried,1.8207,1.2588,0.0,Low
C05946,26,21-30,88617.56,617.0,170375.95,4.2,119645.71,5000.0,0,1,22300.78,48,Salaried,3.2727,0.6771,0.2517,Medium
C05947,32,31-45,85460.59,681.0,162318.48,7.9,7930.4,5000.0,0,1,48430.25,36,Salaried,1.9921,0.7021,0.5667,Low
C05948,62,46-65,53727.66,784.0,144937.14,8.1,0.0,5000.0,0,4,21796.35,24,Salaried,2.6976,1.1167,0.4057,Low
C05949,63,46-65,26170.97,650.0,83542.13,18.7,40046.13,5000.0,1,2,8642.51,48,Self-employed,4.7223,2.2926,0.3302,High
C05950,43,31-45,83545.82,544.0,106630.13,13.8,115192.65,5000.0,0,1,24177.08,36,Salaried,2.6551,0.7182,0.2894,High
C05951,39,31-45,42621.44,653.0,86182.9,4.2,51109.74,5000.0,0,4,14027.41,48,Business,3.2212,1.4077,0.3291,Medium
C05952,57,46-65,73132.65,659.0,167991.08,8.7,21468.73,5000.0,2,2,8253.44,24,Salaried,2.5906,0.8204,0.1129,High
C05953,29,21-30,70634.86,543.0,209697.77,6.7,36394.06,5000.0,1,0,0.0,36,Salaried,3.484,0.8494,0.0,High
C05954,50,46-65,22999.36,697.0,27203.69,14.0,11178.04,5000.0,0,0,11272.86,24,Self-employed,1.6688,2.6088,0.4901,Low
C05955,51,46-65,67964.27,718.0,46862.49,15.0,32135.12,5000.0,0,0,27499.42,24,Self-employed,1.1623,0.8828,0.4046,Low
C05956,52,46-65,86261.22,819.0,85280.13,17.6,95656.29,5000.0,0,1,21819.83,36,Self-employed,2.0975,0.6956,0.253,Low
C05957,30,21-30,92279.42,580.0,12541.53,14.9,140994.49,5000.0,0,1,44511.48,36,Self-employed,1.6638,0.6502,0.4824,Low
C05958,53,46-65,69334.21,735.0,29156.82,4.8,109099.56,5000.0,1,2,43386.49,60,Salaried,1.9941,0.8654,0.6258,Low
C05959,48,46-65,21909.82,753.0,25130.85,8.1,33293.22,5000.0,0,0,3268.64,60,Business,2.6666,2.7385,0.1492,Low
C05960,60,46-65,131207.74,719.0,76434.05,15.8,200188.87,7899.29,1,0,27111.11,48,Self-employed,2.1083,0.7225,0.2066,Low
C05961,28,21-30,81487.51,604.0,269495.83,19.4,63664.92,5000.0,0,0,16658.82,36,Salaried,4.0885,0.7363,0.2044,Medium
C05962,48,46-65,33534.06,600.0,41478.7,3.1,69930.67,5000.0,0,1,13805.55,48,Salaried,3.3223,1.7892,0.4117,High
C05963,58,46-65,42145.07,687.0,63737.77,12.1,82842.0,5000.0,1,2,9602.09,12,Salaried,3.478,1.4237,0.2278,High
C05964,33,31-45,73814.9,687.0,197442.83,8.3,90409.1,5172.61,0,1,9605.37,36,Salaried,3.8996,0.8409,0.1301,Medium
C05965,54,46-65,94468.7,638.0,108524.95,10.2,28129.61,5000.0,1,2,44102.1,36,Salaried,1.4466,0.6351,0.4668,Medium
C05966,25,21-30,49700.14,777.0,129262.32,13.8,67321.07,5000.0,0,2,23287.78,48,Self-employed,3.9554,1.2072,0.4686,Medium
C05967,53,46-65,102352.86,650.0,281492.39,8.9,150947.79,5000.0,0,6,1892.42,24,Salaried,4.225,0.5862,0.0185,Medium
C05968,48,46-65,24248.76,538.0,32416.94,9.6,18413.0,5000.0,1,1,2992.57,60,Salaried,2.0962,2.4744,0.1234,High
C05969,29,21-30,36636.13,663.0,68645.35,3.9,27360.62,5000.0,0,2,10798.58,24,Salaried,2.6205,1.6377,0.2948,Medium
C05970,23,21-30,20884.08,716.0,17078.63,8.1,22249.16,5000.0,1,2,15592.25,24,Salaried,1.8831,2.873,0.7466,Medium
C05971,54,46-65,39678.7,706.0,66774.41,7.8,71076.43,5000.0,2,1,22445.45,36,Self-employed,3.4742,1.5121,0.5657,High
C05972,31,31-45,148982.63,705.0,294908.99,7.5,262660.67,5000.0,0,3,29673.71,48,Salaried,3.7425,0.4027,0.1992,Medium
C05973,43,31-45,201578.42,792.0,267279.83,7.4,138665.39,12905.75,0,4,148509.56,36,Salaried,2.0138,0.7683,0.7367,Low
C05974,23,21-30,73951.69,596.0,139497.99,22.6,25658.4,5000.0,2,3,21925.36,24,Salaried,2.2333,0.8113,0.2965,High
C05975,64,46-65,45752.72,648.0,80734.01,13.7,2230.96,5000.0,0,0,2725.97,36,Salaried,1.8133,1.3114,0.0596,Low
C05976,45,31-45,57540.29,796.0,5000.0,3.5,84540.5,5000.0,0,1,13154.29,24,Salaried,1.5561,1.0427,0.2286,Low
C05977,62,46-65,84328.86,532.0,44629.06,1.9,49907.12,5000.0,0,2,21517.97,60,Self-employed,1.121,0.7115,0.2552,Low
C05978,28,21-30,27515.45,676.0,57934.7,7.9,42626.95,5000.0,0,0,11381.78,48,Salaried,3.6547,2.1806,0.4137,Medium
C05979,30,21-30,47442.23,772.0,16817.77,16.8,24145.82,5000.0,0,1,33247.18,36,Salaried,0.8634,1.2647,0.7008,Low
C05980,48,46-65,143104.98,771.0,358496.41,4.3,22993.15,5397.5,0,3,27161.55,48,Self-employed,2.6658,0.4526,0.1898,Low
C05981,48,46-65,36570.68,730.0,111778.81,15.2,7417.09,5000.0,0,0,29903.51,24,Salaried,3.2593,1.6407,0.8177,Low
C05982,56,46-65,43052.64,731.0,95977.57,4.9,7910.23,5000.0,0,3,0.0,36,Self-employed,2.413,1.3936,0.0,Medium
C05983,62,46-65,65473.39,602.0,79965.92,6.7,125369.95,5000.0,0,0,31830.43,12,Salaried,3.1362,0.9164,0.4862,Medium
C05984,57,46-65,75953.06,783.0,118959.06,7.6,42002.01,5255.97,0,0,38318.86,24,Salaried,2.1192,0.8304,0.5045,Low
C05985,27,21-30,46091.8,590.0,101071.67,8.8,77236.53,5000.0,0,3,8669.84,60,Business,3.8685,1.3018,0.1881,High
C05986,34,31-45,67810.54,594.0,180907.41,2.8,111497.04,5000.0,2,2,33341.74,36,Salaried,4.3121,0.8848,0.4917,High
C05987,62,46-65,90808.6,709.0,292968.38,3.4,132265.93,5000.0,0,0,21698.98,24,Salaried,4.6828,0.6607,0.239,Low
C05988,45,31-45,191174.34,643.0,327720.29,6.6,341227.83,8937.14,0,1,37878.22,36,Business,3.4992,0.561,0.1981,Medium
C05989,60,46-65,60639.89,696.0,62100.65,2.3,2148.46,5000.0,0,1,32807.55,48,Business,1.0595,0.9894,0.541,Low
C05990,46,46-65,63540.26,712.0,82774.04,6.1,59831.9,5000.0,0,2,26323.28,36,Business,2.2443,0.9443,0.4143,Low
C05991,23,21-30,150578.73,813.0,482714.77,10.2,153921.65,5000.0,0,4,73399.26,12,Business,4.2279,0.3985,0.4874,Low
C05992,42,31-45,48054.99,713.0,111791.02,4.0,79996.76,5000.0,0,1,16973.65,36,Self-employed,3.991,1.2486,0.3532,Medium
C05993,58,46-65,31374.43,634.0,98101.82,6.0,58521.55,5000.0,0,2,0.0,60,Salaried,4.9921,1.9124,0.0,High
C05994,50,46-65,74591.32,731.0,182387.51,9.3,127540.39,5000.0,0,1,23395.66,36,Salaried,4.155,0.8044,0.3137,Low
C05995,26,21-30,117481.81,618.0,391663.99,3.1,81693.76,5000.0,0,5,38394.06,12,Salaried,4.0292,0.5107,0.3268,Medium
C05996,30,21-30,79278.2,748.0,145504.98,10.3,93646.14,5000.0,0,1,47098.16,24,Self-employed,3.0166,0.7568,0.5941,Low
C05997,59,46-65,61622.6,685.0,207008.51,8.2,81838.22,5000.0,1,0,17464.92,48,Salaried,4.6874,0.9737,0.2834,High
C05998,65,46-65,29305.37,710.0,96198.85,4.7,17795.33,5000.0,0,1,7962.66,48,Self-employed,3.8899,2.0474,0.2717,High
C05999,54,46-65,62946.44,546.0,181394.14,17.8,0.0,5000.0,0,5,34599.61,36,Salaried,2.8817,0.9532,0.5497,High
C06000,25,21-30,128075.83,511.0,425603.59,3.9,64576.93,5484.76,1,1,74969.52,36,Salaried,3.8273,0.5139,0.5854,High
C06001,48,46-65,32970.82,567.0,72495.91,10.7,55153.84,5000.0,0,0,11354.51,36,Self-employed,3.8716,1.8198,0.3444,High
C06002,58,46-65,56813.63,811.0,150370.09,11.0,41147.61,5000.0,0,0,25928.32,24,Salaried,3.371,1.0561,0.4564,Low
C06003,49,46-65,52524.02,594.0,104564.69,3.9,25678.42,5000.0,0,1,30878.46,48,Salaried,2.4797,1.1423,0.5879,Medium
C06004,47,46-65,44285.17,735.0,119449.77,4.9,70314.59,5000.0,0,0,0.0,24,Self-employed,4.2851,1.3549,0.0,Medium
C06005,42,31-45,74495.96,632.0,195603.72,12.0,0.0,5000.0,0,1,33677.24,24,Salaried,2.6257,0.8054,0.4521,Low
C06006,32,31-45,82947.27,662.0,213802.63,14.4,96435.26,5000.0,0,0,13626.47,24,Salaried,3.7402,0.7234,0.1643,Medium
C06007,33,31-45,82470.62,677.0,127759.67,10.4,127850.95,5689.75,0,0,0.0,12,Salaried,3.0994,0.8279,0.0,Low
C06008,54,46-65,37983.12,803.0,111527.88,11.9,34264.57,5000.0,0,0,9371.32,60,Salaried,3.8383,1.5796,0.2467,Low
C06009,24,21-30,26287.57,724.0,72238.19,6.1,17526.38,5000.0,0,0,6387.96,48,,3.4147,2.2824,0.243,Medium
C06010,24,21-30,75091.01,709.0,170562.72,16.4,60157.57,5000.0,0,1,5417.43,36,Salaried,3.0725,0.799,0.0721,Low
C06011,38,31-45,49211.72,777.0,80421.14,2.4,32044.18,5000.0,1,2,22825.96,48,Salaried,2.2853,1.2192,0.4638,Low
C06012,55,46-65,178655.45,633.0,500000.0,9.8,55190.97,6146.93,0,1,89380.52,60,Salaried,3.1076,0.4129,0.5003,Medium
C06013,50,46-65,183252.98,760.0,500000.0,16.0,197687.72,12377.51,0,0,98722.65,36,Salaried,3.8072,0.8105,0.5387,Low
C06014,47,46-65,194273.44,748.0,341829.93,14.9,72180.71,8761.91,0,3,30751.0,36,Self-employed,2.1311,0.5412,0.1583,Low
C06015,45,31-45,38757.58,747.0,90303.06,0.8,57439.74,5000.0,1,2,8947.83,12,Salaried,3.812,1.5481,0.2309,Medium
C06016,25,21-30,88902.5,668.0,212133.22,13.9,123602.82,5000.0,0,3,14273.39,36,Self-employed,3.7765,0.6749,0.1606,Medium
C06017,35,31-45,104942.35,647.0,271493.12,6.0,38810.2,5000.0,1,1,38094.11,48,Salaried,2.9569,0.5717,0.363,High
C06018,24,21-30,98640.52,615.0,119168.69,5.9,128917.04,5000.0,1,2,60530.66,36,Salaried,2.515,0.6083,0.6136,Medium
C06019,55,46-65,53488.59,619.0,60023.11,10.0,53484.47,5000.0,1,3,13553.98,60,Salaried,2.1221,1.1217,0.2534,High
C06020,54,46-65,131358.2,611.0,398033.42,3.8,45899.04,5000.0,0,0,40694.52,36,Salaried,3.3796,0.4568,0.3098,Medium
C06021,32,31-45,65016.98,708.0,209823.89,11.0,34883.88,5000.0,0,0,40592.8,36,Business,3.7638,0.9228,0.6243,Low
C06022,34,31-45,69744.99,663.0,86743.16,15.5,34756.27,5000.0,1,3,23755.23,24,Self-employed,1.7421,0.8603,0.3406,Low
C06023,35,31-45,27898.67,712.0,87067.65,19.4,25473.87,5000.0,0,2,5094.97,36,,4.0339,2.1506,0.1826,Medium
C06024,61,46-65,92666.59,717.0,154255.43,24.7,59876.09,5000.0,0,1,16630.24,24,Salaried,2.3108,0.6475,0.1795,Low
C06025,42,31-45,56326.26,601.0,36015.34,10.2,0.0,5000.0,0,2,44910.64,48,Salaried,0.6394,1.0652,0.7973,Medium
C06026,55,46-65,83932.73,598.0,204797.75,5.5,111536.72,5000.0,0,1,51516.43,36,Salaried,3.7689,0.7149,0.6138,High
C06027,41,31-45,73972.97,663.0,29502.74,4.4,25092.04,5000.0,1,4,46937.71,60,Self-employed,0.738,0.8111,0.6345,Low
C06028,52,46-65,71801.29,622.0,44096.31,27.5,37983.13,5000.0,0,0,20560.22,36,Salaried,1.1431,0.8356,0.2863,Low
C06029,44,31-45,63386.11,614.0,226222.11,6.9,45572.1,5000.0,1,1,0.0,48,Salaried,4.2879,0.9466,0.0,High
C06030,33,31-45,100184.86,807.0,205366.25,1.2,136666.57,5000.0,0,2,63733.55,24,Self-employed,3.414,0.5989,0.6362,Low
C06031,60,46-65,58264.7,565.0,62294.9,4.7,66636.69,5000.0,1,1,4883.75,36,Salaried,2.2129,1.0298,0.0838,High
C06032,52,46-65,29195.91,832.0,61600.49,5.7,0.0,5000.0,0,3,7637.98,48,Business,2.1099,2.0551,0.2616,High
C06033,55,46-65,88882.28,702.0,188101.06,14.1,84848.02,5811.65,0,1,39222.54,48,Salaried,3.0709,0.7846,0.4413,Medium
C06034,63,46-65,41655.53,754.0,91132.93,20.2,44079.22,5000.0,1,3,12100.68,48,Salaried,3.246,1.4404,0.2905,Medium
C06035,32,31-45,31376.0,745.0,38526.71,15.0,0.0,5000.0,0,1,15142.23,60,Salaried,1.2279,1.9123,0.4826,Low
C06036,25,21-30,37045.74,726.0,60024.03,12.3,0.0,5000.0,0,0,18000.35,24,Self-employed,1.6203,1.6196,0.4859,Low
C06037,47,46-65,75961.0,805.0,192171.28,20.5,95458.01,5000.0,0,2,38996.99,24,Salaried,3.7865,0.7899,0.5134,Low
C06038,35,31-45,61639.44,599.0,150315.95,14.7,67510.13,5000.0,0,1,33853.87,36,Salaried,3.5339,0.9734,0.5492,High
C06039,40,31-45,20113.91,668.0,67563.63,17.8,5874.76,5000.0,0,1,8491.87,36,Business,3.6511,2.983,0.4222,Medium
C06040,31,31-45,52634.75,616.0,81901.77,5.7,45113.75,5000.0,0,1,31301.38,24,Self-employed,2.4131,1.1399,0.5947,Medium
C06041,38,31-45,123651.17,553.0,385619.28,3.5,29732.83,5349.81,0,4,28480.72,48,Business,3.3591,0.5192,0.2303,High
C06042,38,31-45,50712.61,630.0,175439.1,4.3,47615.78,5000.0,0,1,22867.04,36,Salaried,4.3984,1.1831,0.4509,High
C06043,36,31-45,59345.43,820.0,83862.85,7.8,81149.67,5000.0,0,1,47168.62,24,Salaried,2.7805,1.011,0.7948,Low
C06044,54,46-65,115357.1,667.0,26292.91,25.1,43574.53,7220.9,0,1,16515.04,36,Self-employed,0.6057,0.7512,0.1432,Low
C06045,47,46-65,100675.89,829.0,208819.07,6.0,126131.74,5000.0,0,2,34780.78,60,Business,3.327,0.596,0.3455,Low
C06046,42,31-45,114017.32,836.0,367074.69,4.4,69309.27,5000.0,0,0,24267.21,36,Salaried,3.8273,0.5262,0.2128,Low
C06047,26,21-30,18000.0,850.0,12072.73,32.8,40566.26,5000.0,0,1,6843.67,48,Salaried,2.9244,3.3333,0.3802,Low
C06048,46,46-65,168649.9,823.0,135224.59,10.6,214457.26,5442.42,0,3,58574.73,36,Salaried,2.0734,0.3872,0.3473,Low
C06049,28,21-30,92241.26,850.0,225870.8,6.5,64702.63,5000.0,1,1,65579.94,36,Salaried,3.1501,0.6505,0.711,Low
C06050,35,31-45,251690.28,704.0,500000.0,3.1,213311.15,9167.19,0,1,73469.64,36,Salaried,2.8341,0.4371,0.2919,Low
C06051,39,31-45,42271.28,697.0,18091.61,2.9,56710.06,5000.0,0,2,24954.96,36,Salaried,1.7696,1.4194,0.5904,Low
C06052,27,21-30,24642.92,702.0,29254.33,15.9,54677.46,5000.0,0,3,2287.74,60,Self-employed,3.4059,2.4348,0.0928,Medium
C06053,38,31-45,65258.57,680.0,54887.74,1.7,94961.39,5000.0,0,4,44063.83,60,Self-employed,2.2962,0.9194,0.6752,Low
C06054,33,31-45,55864.69,691.0,186415.3,8.4,71963.23,5000.0,0,2,14357.49,36,Business,4.6251,1.074,0.257,High
C06055,59,46-65,93121.25,736.0,242217.49,19.8,178848.21,6169.26,0,3,30211.92,60,Salaried,4.5217,0.795,0.3244,Low
C06056,59,46-65,117401.29,645.0,202692.52,5.9,27144.14,5000.0,1,1,40544.93,24,Salaried,1.9577,0.5111,0.3454,Medium
C06057,21,21-30,61952.97,577.0,191862.14,10.6,64031.83,5000.0,0,3,41601.47,36,Self-employed,4.1305,0.9685,0.6715,High
C06058,48,46-65,56939.99,707.0,107854.74,5.1,94820.28,5000.0,0,0,0.0,48,Salaried,3.5594,1.0537,0.0,Low
C06059,49,46-65,86650.53,628.0,273436.69,25.7,113465.67,5634.67,1,0,44718.32,36,Salaried,4.4651,0.7803,0.5161,Low
C06060,38,31-45,56452.89,636.0,44837.68,11.4,11010.56,5000.0,0,1,17255.42,36,Self-employed,0.9893,1.0628,0.3057,Low
C06061,42,31-45,53914.37,669.0,14027.57,19.5,47307.42,5000.0,0,0,11275.07,48,Business,1.1376,1.1129,0.2091,Low
C06062,56,46-65,114986.13,652.0,177228.63,9.0,46228.92,5000.0,0,2,11638.1,60,Salaried,1.9433,0.5218,0.1012,Low
C06063,38,31-45,129964.99,763.0,121170.17,10.5,171183.84,6765.65,0,1,27197.98,36,Salaried,2.2495,0.6247,0.2093,Low
C06064,23,21-30,117986.32,667.0,346949.12,12.4,128956.66,6889.51,0,1,44414.47,60,Business,4.0336,0.7007,0.3764,Medium
C06065,37,31-45,59255.64,767.0,114231.78,7.7,65767.18,5000.0,0,3,7954.36,36,Salaried,3.0377,1.0126,0.1342,Medium
C06066,32,31-45,20035.45,695.0,20578.25,14.7,40170.59,5000.0,1,2,663.07,36,Self-employed,3.0321,2.9947,0.0331,High
C06067,38,31-45,59911.83,673.0,167957.27,8.5,41839.77,5000.0,0,4,34334.43,48,Self-employed,3.5018,1.0015,0.5731,High
C06068,31,31-45,42841.11,692.0,96952.66,13.3,67947.47,5000.0,0,3,2778.85,36,Salaried,3.8491,1.4005,0.0649,High
C06069,27,21-30,60523.91,583.0,100625.02,20.0,66643.58,5000.0,0,0,4644.48,36,Business,2.7637,0.9913,0.0767,Medium
C06070,65,46-65,44938.16,705.0,36735.43,9.8,12131.31,5000.0,0,0,16842.81,60,Business,1.0874,1.3352,0.3748,Low
C06071,26,21-30,64262.76,744.0,208201.8,5.7,107561.88,5000.0,0,0,14832.32,48,Salaried,4.9136,0.9337,0.2308,Low
C06072,52,46-65,36700.33,754.0,98760.83,19.0,46025.76,5000.0,0,1,15171.73,48,Self-employed,3.9451,1.6349,0.4134,Low
C06073,53,46-65,32136.51,579.0,95767.09,12.4,71359.87,5000.0,0,1,12350.2,36,Salaried,5.2005,1.867,0.3843,High
C06074,48,46-65,127340.88,566.0,328247.7,6.7,195384.26,5980.44,0,2,30247.42,60,Salaried,4.112,0.5636,0.2375,High
C06075,62,46-65,38132.83,640.0,57209.47,5.0,13395.95,5000.0,0,1,13658.89,24,Salaried,1.8516,1.5734,0.3582,Low
C06076,21,21-30,65011.86,784.0,20010.12,0.4,25230.05,5000.0,0,1,2624.21,24,Salaried,0.6959,0.9229,0.0404,Low
C06077,34,31-45,109877.98,697.0,245230.82,9.1,71708.52,5000.0,1,2,6986.34,24,Salaried,2.8845,0.5461,0.0636,High
C06078,29,21-30,107474.6,622.0,55176.05,8.7,36543.65,5955.87,0,3,31863.64,36,Salaried,0.8534,0.665,0.2965,Low
C06079,46,46-65,100640.4,571.0,334964.06,4.6,158177.04,5000.0,1,1,17675.09,60,Salaried,4.9,0.5962,0.1756,High
C06080,49,46-65,76781.51,629.0,73685.09,4.7,68603.69,5000.0,0,2,22087.85,36,Salaried,1.8532,0.7814,0.2877,Low
C06081,61,46-65,96794.39,624.0,126892.53,5.0,50483.33,6137.92,0,3,11313.91,36,Salaried,1.8325,0.7609,0.1169,Low
C06082,38,31-45,138322.2,750.0,266801.1,8.3,201054.8,9560.04,0,2,98925.36,36,Business,3.3824,0.8294,0.7152,Low
C06083,31,31-45,82117.38,756.0,145709.08,16.1,90497.8,5000.0,1,1,53796.71,48,Self-employed,2.8765,0.7307,0.6551,Low
C06084,62,46-65,23663.32,601.0,61204.16,7.6,14338.14,5000.0,0,0,14206.6,24,Salaried,3.1924,2.5356,0.6004,Medium
C06085,51,46-65,48603.43,736.0,131926.77,6.5,81485.24,5000.0,1,0,31550.62,36,Salaried,4.3909,1.2345,0.6491,Medium
C06086,55,46-65,95334.41,729.0,260481.45,3.7,88462.8,5000.0,0,1,62593.96,12,Salaried,3.6602,0.6294,0.6566,Low
C06087,41,31-45,46038.8,592.0,144537.44,1.7,45866.37,5000.0,0,2,2758.76,48,Salaried,4.1357,1.3032,0.0599,High
C06088,41,31-45,158451.04,674.0,279316.93,3.8,11361.59,5000.0,0,0,109707.58,48,Salaried,1.8345,0.3787,0.6924,Low
C06089,38,31-45,62780.11,706.0,125910.09,6.0,75797.23,5000.0,0,3,19881.83,24,Salaried,3.2129,0.9557,0.3167,High
C06090,54,46-65,68120.22,692.0,204277.64,5.4,71926.91,5000.0,0,1,0.0,48,Salaried,4.0547,0.8808,0.0,Medium
C06091,30,21-30,120662.4,552.0,122686.2,10.1,149040.88,5867.98,0,1,33903.55,24,Self-employed,2.252,0.5836,0.281,Medium
C06092,64,46-65,58781.07,690.0,66799.45,9.3,10315.21,5000.0,1,2,24111.56,60,Salaried,1.3119,1.0207,0.4102,Low
C06093,28,21-30,71617.51,728.0,5000.0,3.9,49187.78,5000.0,2,4,33935.46,36,Salaried,0.7566,0.8378,0.4738,Low
C06094,41,31-45,106580.99,798.0,284666.75,10.2,15528.41,6016.71,0,2,32170.59,36,Salaried,2.8166,0.6774,0.3018,Low
C06095,35,31-45,28923.04,630.0,71271.06,4.8,42730.51,5000.0,0,0,10737.26,48,Salaried,3.9415,2.0745,0.3712,High
C06096,49,46-65,55560.54,639.0,55208.8,7.8,57297.81,5000.0,0,4,18769.17,24,Salaried,2.0249,1.0799,0.3378,Medium
C06097,51,46-65,102557.29,664.0,64312.92,3.7,998.19,5000.0,0,1,25315.57,48,Salaried,0.6368,0.585,0.2468,Low
C06098,62,46-65,67388.03,702.0,33388.34,10.1,77388.84,5000.0,0,1,35595.51,36,Salaried,1.6439,0.8904,0.5282,Low
C06099,56,46-65,145681.23,687.0,266200.06,5.2,245184.1,9465.03,2,1,45118.58,36,Self-employed,3.5103,0.7797,0.3097,High
C06100,32,31-45,27320.28,725.0,23099.01,19.0,52414.02,5000.0,0,0,8536.95,24,Salaried,2.764,2.1962,0.3125,Low
C06101,30,21-30,25658.79,596.0,88261.63,5.5,60593.16,5000.0,2,1,9734.17,48,Business,5.8013,2.3384,0.3794,High
C06102,60,46-65,99257.24,710.0,314043.29,3.4,155749.2,5090.63,0,4,19614.88,36,Salaried,4.7331,0.6154,0.1976,Medium
C06103,42,31-45,104645.79,624.0,276913.3,5.4,192193.4,5000.0,0,0,35551.95,12,Self-employed,4.4828,0.5734,0.3397,Medium
C06104,25,21-30,58445.8,669.0,170859.14,4.4,17729.96,5000.0,0,0,6964.93,36,Salaried,3.2267,1.0266,0.1192,High
C06105,58,46-65,81012.56,808.0,295238.3,1.4,53503.53,5674.89,0,2,21584.13,60,Salaried,4.3048,0.8406,0.2664,Low
C06106,50,46-65,97929.82,575.0,267151.76,20.2,30738.28,6916.26,0,2,30948.06,36,Salaried,3.0419,0.8475,0.316,High
C06107,22,21-30,41544.39,659.0,68025.34,11.6,58568.51,5000.0,0,1,3742.06,36,Salaried,3.0472,1.4442,0.0901,Medium
C06108,56,46-65,44063.01,584.0,121812.34,9.3,72850.61,5000.0,0,3,23803.53,24,Business,4.4178,1.3617,0.5402,High
C06109,48,46-65,72149.23,691.0,133867.03,7.0,54042.48,5000.0,0,0,41637.95,36,Self-employed,2.6045,0.8316,0.5771,Low
C06110,48,46-65,106872.46,759.0,170476.61,3.7,137859.06,5000.0,0,1,52618.14,24,Self-employed,2.8851,0.5614,0.4923,Low
C06111,59,46-65,34230.29,693.0,17880.26,2.1,19387.75,5000.0,0,0,4090.61,48,Business,1.0887,1.7528,0.1195,Low
C06112,43,31-45,58294.99,671.0,144067.27,7.8,90239.52,5000.0,0,0,10684.52,48,Salaried,4.0193,1.0292,0.1833,Medium
C06113,41,31-45,56829.59,780.0,182073.22,8.4,12273.35,5000.0,0,4,12508.55,36,Self-employed,3.4198,1.0558,0.2201,Medium
C06114,48,46-65,81798.98,705.0,197961.58,6.7,99160.48,5000.0,0,0,1646.86,24,Salaried,3.6323,0.7335,0.0201,Low
C06115,29,21-30,64689.78,741.0,96332.31,26.4,77228.44,5000.0,0,1,30410.77,48,Self-employed,2.683,0.9275,0.4701,Low
C06116,27,21-30,48141.82,734.0,113544.59,1.4,20207.02,5000.0,0,0,21505.03,12,Salaried,2.7783,1.2463,0.4467,Low
C06117,58,46-65,129166.01,,394619.05,7.3,224101.04,5927.02,0,2,35861.38,60,Salaried,4.7901,0.5506,0.2776,Low
C06118,30,21-30,48317.59,674.0,119099.55,1.4,42729.61,5000.0,0,0,6490.95,24,Salaried,3.3493,1.2418,0.1343,Medium
C06119,43,31-45,55353.19,599.0,115272.25,6.4,46148.5,5000.0,0,2,17187.97,24,Business,2.9162,1.0839,0.3105,High
C06120,33,31-45,27087.26,618.0,39323.06,6.0,9611.93,5000.0,0,2,14332.76,24,Business,1.8066,2.2151,0.5291,Low
C06121,31,31-45,43899.07,791.0,73150.92,2.5,29128.31,5000.0,0,1,35903.43,48,Salaried,2.3299,1.3668,0.8179,Low
C06122,47,46-65,86334.48,652.0,277387.79,4.1,40272.59,5000.0,0,1,29412.04,60,Salaried,3.6794,0.695,0.3407,Medium
C06123,57,46-65,77534.14,822.0,69789.74,6.7,67151.77,5000.0,1,2,60538.54,48,Salaried,1.7662,0.7739,0.7808,Low
C06124,40,31-45,90388.91,574.0,278167.84,7.0,98707.2,5000.0,0,1,32844.82,60,Salaried,4.1695,0.6638,0.3634,High
C06125,27,21-30,88007.98,599.0,64288.44,5.0,,5000.0,0,0,2271.33,36,Salaried,1.1079,0.6818,0.0258,Low
C06126,32,31-45,204922.12,737.0,500000.0,17.4,350000.0,5000.0,1,3,93637.42,24,Salaried,4.1479,0.2928,0.4569,Low
C06127,28,21-30,43080.26,654.0,82434.14,14.4,33560.42,5000.0,0,2,5150.0,48,Salaried,2.6925,1.3927,0.1195,Medium
C06128,60,46-65,26674.4,703.0,69542.08,3.3,31335.93,5000.0,0,2,12688.81,36,Salaried,3.7818,2.2493,0.4757,Medium
C06129,35,31-45,36473.4,672.0,73849.46,3.2,64135.63,5000.0,0,2,3620.45,36,Self-employed,3.7832,1.645,0.0993,High
C06130,37,31-45,44140.55,669.0,119706.55,4.5,84497.01,5000.0,1,0,18381.33,60,Salaried,4.6262,1.3593,0.4164,High
C06131,24,21-30,38035.03,657.0,107268.47,9.5,60679.31,5000.0,0,0,10021.73,36,Self-employed,4.4156,1.5775,0.2635,Medium
C06132,41,31-45,68436.12,693.0,18774.45,6.0,1445.73,5000.0,0,1,36033.61,12,Salaried,0.2955,0.8767,0.5265,Low
C06133,62,46-65,129456.83,728.0,133003.5,8.7,136436.5,8957.79,1,1,75061.72,36,Salaried,2.0813,0.8303,0.5798,Low
C06134,39,31-45,151593.07,801.0,152624.06,14.7,200821.07,10698.47,1,0,24396.33,36,Salaried,2.3315,0.8469,0.1609,Low
C06135,50,46-65,85777.52,665.0,189880.99,4.1,105268.46,5000.0,0,1,58469.33,36,Business,3.4409,0.6995,0.6816,Medium
C06136,29,21-30,211048.29,,500000.0,1.8,195061.25,11110.38,0,2,97791.85,60,Self-employed,3.2934,0.6317,0.4634,Medium
C06137,27,21-30,53430.52,641.0,62261.08,10.7,98571.29,5000.0,0,3,26861.9,36,Self-employed,3.0101,1.123,0.5027,Medium
C06138,53,46-65,26482.97,790.0,95322.38,4.0,19220.96,5000.0,0,0,0.0,60,Self-employed,4.3252,2.2656,0.0,Low
C06139,23,21-30,116005.22,732.0,138357.64,10.2,173354.53,5000.0,1,2,20740.3,24,Salaried,2.6871,0.5172,0.1788,Low
C06140,41,31-45,23645.21,538.0,35167.46,9.2,21119.4,5000.0,0,0,15213.33,48,Self-employed,2.3805,2.5375,0.6434,High
C06141,35,31-45,42911.32,534.0,65022.8,15.7,63351.86,5000.0,0,0,12474.16,48,Self-employed,2.9916,1.3982,0.2907,High
C06142,21,21-30,86526.35,618.0,229752.45,9.8,,5000.0,1,2,17002.06,36,Business,2.9773,0.6934,0.1965,High
C06143,44,31-45,61441.01,697.0,29269.96,8.1,71114.96,5000.0,0,0,21483.02,24,Salaried,1.6338,0.9765,0.3497,Low
C06144,64,46-65,58519.69,677.0,175365.73,7.8,83936.62,5000.0,0,0,42406.3,12,Salaried,4.431,1.0253,0.7247,Medium
C06145,24,21-30,33952.17,719.0,77134.94,22.3,38543.79,5000.0,0,1,14690.74,48,Salaried,3.4071,1.7672,0.4327,Medium
C06146,57,46-65,64614.96,667.0,144209.11,8.8,59921.57,5000.0,0,2,26654.34,60,Self-employed,3.1592,0.9286,0.4125,Medium
C06147,45,31-45,112888.62,785.0,109255.03,6.5,54236.97,5000.0,0,4,55033.84,60,Salaried,1.4483,0.5315,0.4875,Low
C06148,53,46-65,65717.79,738.0,179959.74,5.4,83876.94,5000.0,1,0,20631.77,36,Salaried,4.0147,0.913,0.3139,Medium
C06149,25,21-30,41172.19,686.0,125851.16,10.6,36992.22,5000.0,0,1,20161.84,36,Salaried,3.9552,1.4573,0.4897,Low
C06150,60,46-65,32728.33,766.0,69038.03,20.3,55286.76,5000.0,0,1,7229.4,36,Salaried,3.7987,1.8333,0.2209,Medium
C06151,21,21-30,41642.04,556.0,51895.73,11.9,31253.81,5000.0,0,2,28570.65,48,Salaried,1.9968,1.4409,0.6861,Medium
C06152,61,46-65,80654.2,674.0,107790.81,18.2,49724.33,5626.95,1,2,41424.33,48,Salaried,1.953,0.8372,0.5136,Medium
C06153,50,46-65,78521.19,690.0,123649.1,12.5,104381.3,5000.0,0,3,41218.86,48,Self-employed,2.9041,0.7641,0.5249,Low
C06154,36,31-45,41850.69,725.0,48668.86,2.6,94534.24,5000.0,2,1,5316.96,60,Salaried,3.4218,1.4337,0.127,High
C06155,21,21-30,19268.46,551.0,53565.79,27.6,6431.52,5000.0,2,5,0.0,60,Salaried,3.1138,3.1139,0.0,High
C06156,48,46-65,81891.43,660.0,102943.76,9.4,49187.34,5000.0,0,3,38034.92,12,Salaried,1.8577,0.7327,0.4645,Medium
C06157,24,21-30,39672.1,710.0,103008.77,22.5,60251.79,5000.0,0,0,13949.18,36,Salaried,4.1152,1.5124,0.3516,Low
C06158,48,46-65,94952.01,716.0,168461.64,18.2,38683.09,5000.0,0,0,23527.2,48,Business,2.1816,0.6319,0.2478,Low
C06159,55,46-65,42885.21,769.0,102278.82,2.3,19064.8,5000.0,0,1,26871.74,60,Salaried,2.8295,1.3991,0.6266,Low
C06160,33,31-45,37752.13,737.0,139703.01,7.9,56455.59,5000.0,0,0,18142.7,24,Salaried,5.196,1.5893,0.4806,Medium
C06161,31,31-45,70713.17,675.0,103109.95,4.9,109884.93,5000.0,1,0,43419.86,48,Salaried,3.0121,0.8485,0.614,Medium
C06162,30,21-30,237726.74,731.0,170616.28,4.3,131744.37,5746.71,0,1,99133.39,36,Self-employed,1.2719,0.2901,0.417,Low
C06163,31,31-45,98135.95,665.0,193206.34,10.1,175693.34,5251.39,1,3,41849.22,60,Business,3.7591,0.6421,0.4264,High
C06164,26,21-30,70056.91,691.0,123111.48,13.9,102907.31,5000.0,0,2,44133.54,24,Salaried,3.2262,0.8564,0.63,Low
C06165,32,31-45,79182.52,740.0,204056.36,3.2,131392.6,5000.0,0,1,57080.62,36,Self-employed,4.2364,0.7577,0.7209,Medium
C06166,50,46-65,24810.66,677.0,64554.85,2.8,20716.14,5000.0,0,1,0.0,36,Business,3.4369,2.4183,0.0,High
C06167,34,31-45,35061.37,707.0,91665.6,8.5,30194.14,5000.0,1,2,8723.17,36,Salaried,3.4756,1.7113,0.2488,High
C06168,56,46-65,18000.0,752.0,56281.22,12.5,23532.31,5000.0,0,0,15960.32,48,Salaried,4.4341,3.3333,0.8867,Low
C06169,57,46-65,168311.75,733.0,168766.57,15.4,143069.36,5000.0,0,2,6206.22,36,Salaried,1.8527,0.3565,0.0369,Low
C06170,55,46-65,150573.24,773.0,157545.05,21.7,172780.28,6762.1,0,0,68261.21,36,Business,2.1938,0.5389,0.4533,Low
C06171,45,31-45,80675.7,850.0,114562.79,20.1,80475.7,5070.27,2,0,54105.58,48,Salaried,2.4176,0.7542,0.6707,Low
C06172,35,31-45,70014.37,733.0,167297.92,11.1,40366.18,5000.0,0,0,3284.07,24,Self-employed,2.966,0.857,0.0469,Low
C06173,62,46-65,27688.38,645.0,10701.07,12.4,28258.56,5000.0,0,1,12699.91,48,Self-employed,1.4071,2.167,0.4587,Low
C06174,30,21-30,57614.39,718.0,29671.49,14.8,23699.39,5000.0,1,1,38720.29,36,Salaried,0.9263,1.0414,0.6721,Low
C06175,41,31-45,174199.78,715.0,500000.0,3.0,318065.28,9187.08,0,0,69926.22,48,Business,4.6961,0.6329,0.4014,Medium
C06176,41,31-45,69872.07,726.0,70620.53,7.6,97110.61,5000.0,0,1,44592.04,36,Salaried,2.4005,0.8587,0.6382,Low
C06177,54,46-65,47647.57,792.0,46782.12,18.2,37661.23,5000.0,0,1,30929.5,36,Salaried,1.7722,1.2592,0.6491,Low
C06178,45,31-45,24715.94,554.0,19573.89,4.3,22459.63,5000.0,1,4,4306.93,36,Salaried,1.7007,2.4276,0.1743,High
C06179,56,46-65,138872.39,794.0,91573.46,2.3,251983.24,5000.0,0,1,23864.77,24,Salaried,2.4739,0.4321,0.1718,Low
C06180,62,46-65,62542.18,819.0,5000.0,4.4,69493.51,5000.0,1,0,13168.25,24,Business,1.1911,0.9594,0.2105,Low
C06181,38,31-45,24734.12,723.0,29576.58,5.4,9648.73,5000.0,0,2,4322.13,24,Salaried,1.5859,2.4258,0.1747,Low
C06182,60,46-65,39096.82,724.0,61348.31,8.6,14440.91,5000.0,0,2,15879.44,24,Self-employed,1.9385,1.5347,0.4062,Low
C06183,28,21-30,32192.75,662.0,86165.06,12.3,49578.72,5000.0,0,1,11688.09,36,Salaried,4.2166,1.8638,0.3631,Medium
C06184,62,46-65,60456.76,680.0,97103.92,15.1,19450.81,5000.0,1,1,30908.93,36,Business,1.9279,0.9924,0.5113,Low
C06185,29,21-30,72851.54,732.0,182575.63,11.3,92980.25,5000.0,1,1,38471.93,48,Business,3.7824,0.8236,0.5281,Medium
C06186,59,46-65,49284.91,728.0,121404.26,19.0,37101.77,5000.0,1,1,3692.51,60,Salaried,3.2161,1.2174,0.0749,Medium
C06187,38,31-45,99659.85,734.0,270048.56,5.2,141276.99,5000.0,0,1,23471.39,36,Self-employed,4.1273,0.602,0.2355,Low
C06188,64,46-65,67879.12,727.0,226905.55,5.1,70133.44,5000.0,0,2,9862.77,36,Salaried,4.376,0.8839,0.1453,Medium
C06189,26,21-30,116589.48,747.0,198106.22,3.5,90467.79,5742.88,0,0,9245.13,36,Salaried,2.4751,0.5911,0.0793,Low
C06190,41,31-45,,739.0,23290.85,8.0,80682.69,5000.0,0,3,30211.35,36,Salaried,1.9468,1.1235,0.5657,Low
C06191,61,46-65,346997.07,603.0,101091.09,4.7,236700.77,21001.9,0,0,205186.32,24,Salaried,0.9735,0.7263,0.5913,Low
C06192,23,21-30,47651.71,742.0,46082.71,16.0,27247.96,5000.0,0,1,29897.89,36,Salaried,1.5389,1.2591,0.6274,Low
C06193,32,31-45,39549.61,819.0,120201.75,2.8,63608.64,5000.0,0,0,0.0,24,Salaried,4.6476,1.5171,0.0,Low
C06194,24,21-30,36963.17,678.0,75937.89,18.3,31922.05,5000.0,1,1,13185.82,24,Salaried,2.918,1.6232,0.3567,Medium
C06195,35,31-45,57879.88,792.0,30161.68,4.2,18074.34,5000.0,0,2,8214.3,12,Business,0.8334,1.0366,0.1419,Low
C06196,38,31-45,25245.36,611.0,24257.27,16.9,6116.63,5000.0,0,3,15562.09,36,Business,1.2031,2.3767,0.6164,Low
C06197,48,46-65,76431.65,678.0,231058.28,5.4,50051.37,5000.0,0,1,20956.08,12,Business,3.6779,0.785,0.2742,Medium
C06198,32,31-45,22793.38,632.0,34605.36,13.6,17707.02,5000.0,0,4,0.0,24,Salaried,2.2951,2.6323,0.0,Medium
C06199,28,21-30,71044.49,783.0,65093.14,8.6,81694.73,5000.0,0,0,15620.58,36,Self-employed,2.0661,0.8445,0.2199,Low
C06200,28,21-30,30913.68,803.0,101107.6,13.2,2335.47,5000.0,0,3,1451.16,24,Self-employed,3.3462,1.9409,0.0469,Low
C06201,63,46-65,52703.19,673.0,139110.01,1.7,55857.47,5000.0,0,0,21265.87,36,Salaried,3.6993,1.1385,0.4035,High
C06202,63,46-65,90638.99,768.0,164651.33,6.9,100776.54,5000.0,0,4,34876.82,48,Salaried,2.9284,0.662,0.3848,Low
C06203,30,21-30,230813.03,804.0,393273.0,17.5,346156.93,15435.69,0,0,134358.71,24,Salaried,3.2036,0.8025,0.5821,Low
C06204,29,21-30,35926.92,678.0,71969.25,7.8,38430.07,5000.0,0,1,14351.48,12,Salaried,3.0729,1.6701,0.3995,Medium
C06205,23,21-30,59842.29,690.0,79309.42,5.1,28866.6,5000.0,0,2,10617.16,12,Salaried,1.8077,1.0026,0.1774,Low
C06206,64,46-65,43655.09,735.0,152597.35,2.7,96128.74,5000.0,0,1,10940.36,48,Self-employed,5.6975,1.3744,0.2506,Low
C06207,52,46-65,40284.17,617.0,103329.09,4.5,15675.59,5000.0,0,1,30294.74,48,Business,2.9541,1.4894,0.752,High
C06208,55,46-65,43866.54,688.0,89880.39,19.2,82890.62,5000.0,0,1,25156.37,60,Salaried,3.9386,1.3678,0.5735,Medium
C06209,34,31-45,102270.76,841.0,250401.3,11.7,26831.24,7001.49,0,2,28119.02,36,Business,2.7108,0.8215,0.2749,Low
C06210,49,46-65,49697.6,642.0,159711.6,13.9,56779.03,5000.0,0,1,26157.87,48,Business,4.3562,1.2073,0.5263,Medium
C06211,23,21-30,223969.36,744.0,40250.76,6.6,34873.73,9396.04,0,0,32809.48,48,Salaried,0.3354,0.5034,0.1465,Low
C06212,51,46-65,81709.96,719.0,15863.85,6.2,155022.8,5393.77,0,0,1696.44,24,Salaried,2.0914,0.7921,0.0208,Low
C06213,47,46-65,37295.83,668.0,102485.06,13.8,42021.94,5000.0,0,1,13645.06,24,Salaried,3.8746,1.6088,0.3659,High
C06214,35,31-45,53127.75,,49262.88,16.2,82232.92,5000.0,0,2,26809.16,48,Salaried,2.4751,1.1294,0.5046,Low
C06215,52,46-65,41819.86,811.0,108481.99,5.7,69321.79,5000.0,0,2,5083.19,24,Self-employed,4.2517,1.4347,0.1215,Medium
C06216,50,46-65,100929.78,722.0,178211.33,11.9,23408.51,5933.68,2,0,22902.28,12,Salaried,1.9976,0.7055,0.2269,Low
C06217,40,31-45,26391.93,733.0,40831.28,10.5,1594.63,5000.0,0,1,26905.04,60,Salaried,1.6075,2.2734,1.0194,Low
C06218,29,21-30,31089.31,800.0,26563.56,2.5,60367.69,5000.0,1,0,20038.37,36,Salaried,2.7962,1.9299,0.6445,Low
C06219,22,21-30,46947.83,658.0,146738.07,10.1,55408.57,5000.0,0,1,26261.84,36,Salaried,4.3058,1.278,0.5594,High
C06220,63,46-65,94633.17,601.0,62545.64,8.3,145832.75,6570.41,0,0,32675.49,36,Salaried,2.202,0.8332,0.3453,Low
C06221,33,31-45,128069.16,813.0,71193.42,2.9,164798.44,7945.01,0,1,80242.86,60,Salaried,1.8427,0.7444,0.6266,Low
C06222,34,31-45,138890.45,690.0,234793.72,13.0,206969.22,6715.09,0,0,60078.3,36,,3.1807,0.5802,0.4326,Low
C06223,51,46-65,86988.69,747.0,52063.22,3.7,86600.03,5000.0,1,3,0.0,48,Salaried,1.594,0.6897,0.0,Low
C06224,32,31-45,62103.23,623.0,154795.96,5.2,60259.37,5000.0,0,1,8306.79,48,Salaried,3.4629,0.9661,0.1338,High
C06225,37,31-45,100628.09,709.0,352588.08,35.0,166720.26,5303.21,0,1,46016.08,36,Business,5.1607,0.6324,0.4573,Low
C06226,53,46-65,34636.63,598.0,115378.0,4.9,44950.43,5000.0,0,0,8706.89,36,Business,4.6289,1.7323,0.2514,High
C06227,47,46-65,23566.49,685.0,49270.13,6.7,24601.07,5000.0,0,3,0.0,48,Salaried,3.1346,2.546,0.0,Medium
C06228,50,46-65,82643.65,631.0,132117.68,2.4,26380.31,5780.86,0,1,21500.46,60,Self-employed,1.9178,0.8394,0.2602,Low
C06229,21,21-30,37384.8,614.0,124088.05,26.6,72366.78,5000.0,0,0,24094.53,12,Salaried,5.2549,1.6049,0.6445,Medium
C06230,41,31-45,62706.72,657.0,199171.25,20.1,52556.59,5000.0,0,1,14917.35,36,Self-employed,4.0144,0.9568,0.2379,Medium
C06231,42,31-45,69420.49,508.0,208028.79,1.2,5770.99,5000.0,0,3,40059.73,36,Business,3.0798,0.8643,0.5771,High
C06232,49,46-65,74504.02,593.0,76908.24,35.0,78270.92,5000.0,0,2,23829.2,48,Salaried,2.0828,0.8053,0.3198,Low
C06233,27,21-30,108871.97,739.0,69166.55,23.9,129922.72,6035.62,1,2,0.0,48,Salaried,1.8287,0.6653,0.0,Low
C06234,28,21-30,102722.24,706.0,44273.98,9.4,186617.82,5000.0,3,4,21809.83,60,Salaried,2.2477,0.5841,0.2123,High
C06235,55,46-65,72358.82,599.0,72873.81,4.4,109162.44,5000.0,0,1,18649.49,48,Salaried,2.5157,0.8292,0.2577,Medium
C06236,51,46-65,50972.12,721.0,15845.36,19.0,7771.11,5000.0,0,1,34523.57,60,Salaried,0.4633,1.1771,0.6773,Low
C06237,57,46-65,68968.95,614.0,211832.9,13.8,129362.17,5000.0,0,2,7705.31,60,Salaried,4.9471,0.87,0.1117,High
C06238,33,31-45,46827.54,734.0,33242.95,28.8,5500.92,5000.0,0,1,16666.36,36,Salaried,0.8274,1.2813,0.3559,Low
C06239,65,46-65,58343.7,671.0,62817.45,27.0,57089.54,5000.0,0,4,16044.8,12,Salaried,2.0552,1.0284,0.275,Low
C06240,33,31-45,274343.96,656.0,500000.0,8.4,316924.38,18479.21,1,0,37291.49,36,Self-employed,2.9777,0.8083,0.1359,Medium
C06241,50,46-65,71850.79,673.0,236327.59,9.5,61546.4,5000.0,0,1,20518.8,36,Salaried,4.1457,0.8351,0.2856,Medium
C06242,28,21-30,83264.48,850.0,59669.76,4.1,68746.08,5000.0,0,2,14228.57,48,Salaried,1.5423,0.7206,0.1709,Low
C06243,62,46-65,44096.17,623.0,65402.51,4.5,66115.32,5000.0,0,0,20062.59,48,Salaried,2.9825,1.3607,0.455,Medium
C06244,35,31-45,113912.16,697.0,315937.51,7.6,166557.06,5000.0,0,2,34326.56,24,Salaried,4.2357,0.5267,0.3013,Medium
C06245,57,46-65,98744.64,739.0,334462.62,12.9,188348.07,5000.0,0,1,49065.87,24,Business,5.2946,0.6076,0.4969,Medium
C06246,35,31-45,99129.91,608.0,252005.98,28.5,164455.68,7002.0,1,1,10733.08,36,Salaried,4.2012,0.8476,0.1083,High
C06247,56,46-65,73154.78,560.0,113235.71,4.6,22492.95,5000.0,0,2,45792.74,24,Salaried,1.8554,0.8202,0.626,Low
C06248,41,31-45,114800.04,635.0,273893.1,7.9,76753.57,5000.0,0,1,52370.21,60,Self-employed,3.0544,0.5226,0.4562,Medium
C06249,23,21-30,130818.93,737.0,363898.73,15.0,43026.64,5000.0,0,2,15440.45,24,Salaried,3.1106,0.4586,0.118,Medium
C06250,29,21-30,75951.25,654.0,23997.02,9.4,149347.17,5000.0,0,1,22337.32,36,Salaried,2.2823,0.79,0.2941,Low
C06251,51,46-65,61029.08,663.0,80932.0,12.2,25055.58,5000.0,0,2,37770.49,36,Salaried,1.7367,0.9831,0.6189,Low
C06252,29,21-30,106314.46,748.0,316462.12,8.9,128599.22,5738.91,0,1,30091.06,48,Self-employed,4.1863,0.6478,0.283,Low
C06253,33,31-45,39532.31,620.0,94881.49,3.2,93314.99,5000.0,1,1,27805.53,36,Salaried,4.7606,1.5177,0.7034,High
C06254,45,31-45,43794.54,673.0,30471.93,18.6,35340.92,5000.0,0,1,2157.65,36,Salaried,1.5028,1.37,0.0493,Low
C06255,32,31-45,63122.17,566.0,159385.22,12.4,3581.66,5000.0,1,2,8982.61,60,Salaried,2.5818,0.9505,0.1423,High
C06256,26,21-30,24944.19,704.0,63854.84,5.6,11812.11,5000.0,0,0,10111.82,36,Salaried,3.0334,2.4054,0.4054,Medium
C06257,49,46-65,102469.45,697.0,84649.93,7.3,131261.87,5000.0,0,0,7589.49,36,Salaried,2.1071,0.5855,0.0741,Low
C06258,52,46-65,38274.53,740.0,49146.2,5.2,65897.76,5000.0,0,2,23310.95,60,Salaried,3.0058,1.5676,0.609,Low
C06259,53,46-65,50152.44,594.0,63948.28,13.5,31792.87,5000.0,0,3,34840.86,48,Salaried,1.909,1.1964,0.6947,Low
C06260,63,46-65,57805.47,666.0,204296.19,2.1,26878.36,5000.0,1,0,38289.92,24,Salaried,3.9992,1.038,0.6624,Medium
C06261,26,21-30,66419.79,584.0,49214.36,5.0,80590.18,5000.0,0,1,0.0,12,Self-employed,1.9543,0.9033,0.0,Medium
C06262,40,31-45,53805.62,662.0,150968.6,6.6,53248.99,5000.0,0,1,26837.97,48,Salaried,3.7955,1.1151,0.4988,Medium
C06263,31,31-45,62635.56,791.0,118819.4,6.7,69765.27,5000.0,0,2,40531.9,36,Salaried,3.0108,0.9579,0.6471,Low
C06264,61,46-65,62902.89,656.0,207322.67,3.9,64420.3,5000.0,0,1,907.62,48,Salaried,4.32,0.9539,0.0144,Medium
C06265,45,31-45,50831.7,578.0,168827.49,8.8,55439.91,5000.0,1,2,22501.31,60,Self-employed,4.412,1.1804,0.4427,High
C06266,25,21-30,42484.12,629.0,152936.8,2.2,36134.97,5000.0,1,1,26836.21,48,Self-employed,4.4504,1.4123,0.6317,High
C06267,52,46-65,117824.7,559.0,366230.72,13.7,202054.13,7035.39,1,3,3089.31,36,Salaried,4.8231,0.7165,0.0262,High
C06268,22,21-30,20429.18,583.0,14009.41,22.8,24495.34,5000.0,0,1,15307.08,60,Self-employed,1.8848,2.937,0.7493,Medium
C06269,33,31-45,58046.47,730.0,60175.83,10.6,16795.32,5000.0,0,1,30926.31,36,Self-employed,1.326,1.0337,0.5328,Low
C06270,53,46-65,50223.98,572.0,51511.72,3.9,90498.64,5000.0,0,1,0.0,60,Salaried,2.8275,1.1946,0.0,High
C06271,43,31-45,81836.44,703.0,176316.27,12.8,128448.09,5000.0,0,1,24168.39,60,Self-employed,3.7241,0.7332,0.2953,Medium
C06272,55,46-65,29210.44,682.0,45754.63,6.8,7919.77,5000.0,0,0,13859.98,36,Self-employed,1.8375,2.0541,0.4745,Low
C06273,46,46-65,49378.02,640.0,84077.63,10.6,72119.25,5000.0,0,0,2105.83,24,Salaried,3.1633,1.2151,0.0426,High
C06274,58,46-65,61441.74,697.0,28262.98,9.0,122887.1,5000.0,0,2,7586.47,36,Business,2.4601,0.9765,0.1235,Medium
C06275,46,46-65,117088.23,610.0,309134.16,14.7,45542.5,7734.52,1,0,82922.22,48,Salaried,3.0291,0.7927,0.7082,Medium
C06276,23,21-30,78029.66,743.0,42947.11,10.5,114019.56,5000.0,0,0,10700.53,36,Salaried,2.0116,0.7689,0.1371,Low
C06277,24,21-30,33901.82,628.0,30257.12,6.3,25283.36,5000.0,0,2,6520.77,36,Salaried,1.6383,1.7698,0.1923,Low
C06278,55,46-65,49713.43,651.0,106560.5,4.8,69160.36,5000.0,1,0,26444.98,36,Salaried,3.5347,1.2069,0.5319,High
C06279,22,21-30,105817.46,642.0,197552.48,7.1,25596.77,5000.0,0,1,1902.63,12,Business,2.1088,0.567,0.018,Low
C06280,37,31-45,33581.02,732.0,116019.06,16.0,34483.11,5000.0,0,1,10755.36,36,Business,4.4818,1.7867,0.3203,Low
C06281,21,21-30,62248.41,721.0,143063.47,6.9,57648.09,5000.0,0,0,3650.28,36,Salaried,3.2244,0.9639,0.0586,Medium
C06282,34,31-45,64674.76,483.0,182968.43,12.1,28266.14,5000.0,0,2,45033.33,60,Salaried,3.2661,0.9277,0.6963,High
C06283,47,46-65,52573.21,699.0,63662.63,12.6,66547.27,5000.0,0,1,7879.55,24,Salaried,2.4767,1.1413,0.1499,Low
C06284,28,21-30,286303.02,549.0,169037.47,7.5,49541.37,11637.22,1,2,164673.69,48,Self-employed,0.7635,0.4878,0.5752,Low
C06285,41,31-45,51799.73,654.0,137812.67,7.1,59679.99,5000.0,0,1,3138.51,36,Salaried,3.8126,1.1583,0.0606,High
C06286,65,46-65,83242.51,672.0,58351.58,8.2,57906.17,5000.0,0,0,24744.38,48,Salaried,1.3966,0.7208,0.2973,Low
C06287,24,21-30,42645.5,654.0,116603.88,2.4,44617.53,5000.0,2,1,24284.7,36,Salaried,3.7805,1.4069,0.5695,High
C06288,23,21-30,86890.5,718.0,291559.47,11.4,32252.07,5000.0,0,0,57996.54,24,Salaried,3.7267,0.6905,0.6675,Low
C06289,33,31-45,104932.83,734.0,123834.78,5.9,152328.72,6101.78,0,3,67464.83,24,Salaried,2.6318,0.6978,0.6429,Low
C06290,58,46-65,47040.41,622.0,130952.81,9.8,0.0,5000.0,1,2,25887.67,36,Salaried,2.7838,1.2755,0.5503,High
C06291,39,31-45,63073.54,619.0,98327.28,5.5,9446.66,5000.0,1,1,9921.91,36,Self-employed,1.7087,0.9513,0.1573,Medium
C06292,49,46-65,39725.11,677.0,47493.08,19.8,29731.11,5000.0,0,0,23085.71,12,Self-employed,1.944,1.5104,0.5811,Low
C06293,22,21-30,34638.48,564.0,51587.56,20.1,63805.14,5000.0,0,0,3183.71,36,Salaried,3.3313,1.7322,0.0919,High
C06294,54,46-65,114964.66,644.0,265147.82,12.6,2981.13,6947.09,0,2,75601.37,24,Business,2.3323,0.7251,0.6576,Low
C06295,24,21-30,47927.37,781.0,153953.2,1.1,53856.27,5000.0,0,2,0.0,36,Salaried,4.3359,1.2519,0.0,Low
C06296,53,46-65,18000.0,567.0,34593.3,7.8,15889.56,5000.0,0,0,4658.79,48,Salaried,2.8046,3.3333,0.2588,Medium
C06297,27,21-30,171628.65,654.0,450985.44,14.8,317545.45,11230.49,0,6,43662.52,24,Self-employed,4.4779,0.7852,0.2544,Medium
C06298,59,46-65,41814.15,636.0,46140.55,31.0,34290.75,5000.0,1,4,8590.4,36,Business,1.9235,1.4349,0.2054,Medium
C06299,34,31-45,56762.85,830.0,64180.12,3.1,19964.92,5000.0,0,2,30425.67,12,Self-employed,1.4824,1.057,0.536,Low
C06300,29,21-30,160274.16,640.0,377867.5,1.1,193288.89,7148.36,0,0,26272.12,48,Self-employed,3.5636,0.5352,0.1639,Medium
C06301,36,31-45,60125.2,644.0,152780.72,5.9,41521.39,5000.0,0,0,15742.1,24,Salaried,3.2316,0.9979,0.2618,High
C06302,21,21-30,59415.32,603.0,130117.44,5.4,58134.9,5000.0,1,2,2181.05,36,Salaried,3.1684,1.0098,0.0367,High
C06303,28,21-30,33078.78,681.0,124581.43,12.5,54403.04,5000.0,0,3,20815.33,36,Salaried,5.4109,1.8139,0.6293,Medium
C06304,47,46-65,26449.27,700.0,13377.6,3.8,32122.22,5000.0,0,1,9540.18,36,Salaried,1.7203,2.2685,0.3607,Low
C06305,34,31-45,59315.75,614.0,111136.52,5.6,23350.85,5000.0,0,3,11343.41,60,Business,2.2673,1.0115,0.1912,Medium
C06306,36,31-45,79355.09,754.0,89694.45,6.1,39524.32,5000.0,0,2,53426.21,48,Salaried,1.6284,0.7561,0.6733,Low
C06307,57,46-65,76893.88,700.0,218286.93,10.0,15671.83,5000.0,0,1,20758.42,12,Salaried,3.0426,0.7803,0.27,Low
C06308,26,21-30,49883.67,744.0,47442.4,12.1,53015.45,5000.0,0,1,33306.99,36,Salaried,2.0138,1.2028,0.6677,Low
C06309,38,31-45,65728.27,655.0,43262.27,4.9,88601.64,5000.0,1,2,19461.71,36,Self-employed,2.0062,0.9128,0.2961,Medium
C06310,29,21-30,23663.22,698.0,68022.81,10.0,0.0,5000.0,1,1,10722.1,36,Business,2.8746,2.5356,0.4531,Medium
C06311,42,31-45,83720.1,664.0,124944.01,1.2,135124.38,5000.0,0,2,49470.49,24,Salaried,3.1064,0.7167,0.5909,Medium
C06312,35,31-45,71034.13,789.0,185773.51,20.9,85183.64,5000.0,0,2,9694.75,36,Salaried,3.8145,0.8447,0.1365,Low
C06313,23,21-30,192462.39,689.0,500000.0,4.2,203674.48,8472.89,0,3,5675.98,60,Business,3.6562,0.5283,0.0295,Medium
C06314,24,21-30,,681.0,106078.35,16.9,86224.16,5000.0,0,2,36306.36,36,Business,2.9464,0.9193,0.5563,Medium
C06315,59,46-65,38703.08,646.0,73388.71,5.4,39927.05,5000.0,1,1,23919.99,24,Salaried,2.9278,1.5503,0.618,High
C06316,23,21-30,63211.71,641.0,194271.82,12.4,39530.49,5000.0,0,2,37668.26,12,Self-employed,3.6987,0.9492,0.5959,High
C06317,56,46-65,54276.83,698.0,143111.34,6.8,19980.49,5000.0,0,0,21747.03,24,Salaried,3.0048,1.1054,0.4007,Low
C06318,62,46-65,82555.98,741.0,67127.08,14.2,46356.58,5000.0,1,1,15852.87,48,Salaried,1.3746,0.7268,0.192,Low
C06319,41,31-45,65968.54,,195058.51,16.2,87771.07,5000.0,0,3,30203.41,60,Self-employed,4.2873,0.9095,0.4578,Medium
C06320,35,31-45,32505.74,689.0,79004.73,19.6,80354.77,5000.0,1,1,3351.65,60,Self-employed,4.9025,1.8458,0.1031,High
C06321,55,46-65,26436.05,694.0,80808.53,11.2,2063.56,5000.0,0,1,16479.27,60,Business,3.1348,2.2696,0.6234,Low
C06322,65,46-65,75112.48,707.0,172585.19,1.7,54907.07,5000.0,1,2,12608.69,60,Salaried,3.0287,0.7988,0.1679,Medium
C06323,26,21-30,139087.09,552.0,126611.62,3.9,193271.91,5390.34,0,1,64628.6,36,Self-employed,2.2999,0.4651,0.4647,Medium
C06324,64,46-65,67899.5,611.0,208283.02,20.2,80014.91,5000.0,1,1,35644.27,24,Business,4.246,0.8837,0.525,High
C06325,63,46-65,101666.8,,16051.55,7.4,3563.04,5000.0,0,0,52894.63,24,Salaried,0.1929,0.5902,0.5203,Low
C06326,27,21-30,113457.95,682.0,365950.96,7.1,131408.12,7197.47,0,2,7240.29,36,Salaried,4.3836,0.7612,0.0638,High
C06327,23,21-30,75273.1,612.0,225760.45,12.8,113856.86,5000.0,0,2,18270.94,24,Salaried,4.5118,0.7971,0.2427,High
C06328,53,46-65,41530.04,643.0,145128.1,11.6,24882.36,5000.0,0,1,25899.29,36,Salaried,4.0937,1.4447,0.6236,Medium
C06329,24,21-30,72371.08,590.0,5000.0,27.0,91471.23,5002.92,0,0,4463.58,48,Salaried,1.333,0.8295,0.0617,Low
C06330,48,46-65,126251.68,650.0,214965.72,8.1,161725.51,5000.0,0,1,10874.15,24,Self-employed,2.9837,0.4752,0.0861,Medium
C06331,23,21-30,86992.95,596.0,66119.69,7.3,97231.91,5543.94,0,2,63305.23,48,Salaried,1.8778,0.7647,0.7277,Medium
C06332,52,46-65,98093.61,737.0,144637.83,15.8,135846.97,6146.15,1,2,44790.72,36,Self-employed,2.8594,0.7519,0.4566,Medium
C06333,31,31-45,50399.78,716.0,71442.3,13.2,0.0,5000.0,0,1,16010.6,12,Business,1.4175,1.1905,0.3177,Low
C06334,25,21-30,58153.89,691.0,129996.55,3.1,61997.28,5000.0,0,0,34188.05,36,Business,3.3015,1.0317,0.5879,Low
C06335,23,21-30,60891.11,657.0,111369.47,7.4,75732.72,5000.0,0,2,44912.08,60,Salaried,3.0727,0.9854,0.7376,Low
C06336,29,21-30,63190.34,527.0,209139.21,28.2,39894.77,5000.0,0,2,15567.72,60,Self-employed,3.941,0.9495,0.2464,High
C06337,45,31-45,123564.63,646.0,138193.18,4.6,91954.72,5080.87,0,1,17055.61,48,Self-employed,1.8626,0.4934,0.138,Low
C06338,24,21-30,18000.0,623.0,20176.3,7.2,0.0,5000.0,1,2,9186.18,48,Business,1.1209,3.3333,0.5103,Low
C06339,57,46-65,66100.96,699.0,170833.71,24.0,87382.99,5000.0,0,1,7148.42,36,Self-employed,3.9064,0.9077,0.1081,Medium
C06340,48,46-65,62219.24,726.0,69486.92,23.7,93209.14,5000.0,0,2,16008.66,36,Salaried,2.6149,0.9643,0.2573,Low
C06341,34,31-45,30571.3,,72404.29,18.5,52462.31,5000.0,0,4,22125.48,60,Salaried,4.0844,1.9626,0.7237,Medium
C06342,65,46-65,94053.07,775.0,238344.17,6.6,133965.09,5524.24,0,0,1179.01,12,Self-employed,3.9585,0.7048,0.0125,Low
C06343,50,46-65,43637.29,637.0,104977.0,5.2,74262.6,5000.0,0,2,31269.33,36,Salaried,4.1075,1.375,0.7166,High
C06344,51,46-65,53411.14,634.0,125021.27,15.5,20707.4,5000.0,0,2,18079.82,12,Self-employed,2.7284,1.1234,0.3385,Medium
C06345,28,21-30,179687.16,758.0,500000.0,20.8,145290.3,10457.41,0,3,75115.58,36,Self-employed,3.5912,0.6984,0.418,Low
C06346,52,46-65,113281.15,692.0,397244.63,8.0,57498.89,5365.19,1,0,22602.27,24,Business,4.0143,0.5683,0.1995,High
C06347,46,46-65,89153.1,661.0,10695.13,11.0,41052.48,5095.72,1,0,37471.91,36,Salaried,0.5804,0.6859,0.4203,Low
C06348,65,46-65,80143.16,818.0,149200.09,4.9,30760.31,5000.0,0,2,41366.58,48,Salaried,2.2455,0.7487,0.5162,Low
C06349,42,31-45,59371.44,723.0,167589.56,2.5,44865.96,5000.0,0,3,14111.84,36,Self-employed,3.5784,1.0106,0.2377,Medium
C06350,51,46-65,195203.92,666.0,25168.38,2.7,200328.09,5000.0,1,0,38222.04,48,Salaried,1.1552,0.3074,0.1958,Low
C06351,36,31-45,101046.36,629.0,188422.68,8.1,172516.23,5000.0,0,2,51940.33,24,Salaried,3.572,0.5938,0.514,Medium
C06352,22,21-30,43040.21,779.0,101134.93,4.5,61465.99,5000.0,0,0,27997.4,48,Salaried,3.7779,1.394,0.6505,Low
C06353,26,21-30,30094.16,696.0,18614.57,10.5,48731.03,5000.0,0,0,21829.25,48,Self-employed,2.2378,1.9937,0.7254,Low
C06354,60,46-65,88778.83,682.0,145259.7,5.1,59091.44,5939.92,0,3,5336.77,12,Salaried,2.3018,0.8029,0.0601,Low
C06355,54,46-65,63033.05,731.0,158661.74,17.9,21000.88,5000.0,1,1,314.63,60,Salaried,2.8503,0.9519,0.005,Medium
C06356,37,31-45,29620.64,746.0,5000.0,6.3,0.0,5000.0,0,0,15755.67,60,Salaried,0.1688,2.0256,0.5319,Low
C06357,52,46-65,82278.49,721.0,39199.17,6.9,69158.21,5342.54,2,0,23152.96,36,Salaried,1.317,0.7792,0.2814,Low
C06358,21,21-30,56059.99,746.0,164629.81,20.2,8766.87,5000.0,1,1,30356.22,36,Salaried,3.0931,1.0703,0.5415,Medium
C06359,22,21-30,87030.01,714.0,260710.07,9.8,23442.96,5000.0,1,1,51029.1,36,Self-employed,3.265,0.6894,0.5863,Medium
C06360,43,31-45,82875.91,722.0,181378.82,10.6,26113.93,5000.0,2,2,20737.31,24,Salaried,2.5037,0.724,0.2502,Medium
C06361,49,46-65,46518.13,625.0,60888.0,7.1,54069.28,5000.0,1,1,28523.51,48,Salaried,2.4712,1.2898,0.6132,High
C06362,63,46-65,92061.05,816.0,42100.32,9.1,158610.09,5000.0,1,0,25681.33,36,Salaried,2.1802,0.6517,0.279,Low
C06363,55,46-65,49429.11,587.0,133686.48,3.5,11570.9,5000.0,1,1,7172.13,24,Self-employed,2.9387,1.2139,0.1451,High
C06364,32,31-45,51228.82,703.0,54249.14,15.8,25985.72,5000.0,0,1,16101.86,60,Salaried,1.5662,1.1712,0.3143,Low
C06365,57,46-65,48503.6,580.0,151161.53,5.5,21267.86,5000.0,2,0,21815.9,36,Business,3.555,1.237,0.4498,High
C06366,43,31-45,121076.58,673.0,318718.46,3.0,121127.19,6059.42,0,1,82177.55,24,Self-employed,3.6328,0.6006,0.6787,Medium
C06367,58,46-65,55705.14,637.0,29306.45,15.8,32868.13,5000.0,0,1,28096.98,48,Salaried,1.1161,1.0771,0.5044,Low
C06368,28,21-30,138273.14,690.0,327743.51,11.7,66934.44,8842.9,0,0,83561.7,36,Salaried,2.8543,0.7674,0.6043,Low
C06369,22,21-30,173348.49,706.0,500000.0,12.7,61290.72,5000.0,1,3,37962.0,60,Salaried,3.2379,0.3461,0.219,Medium
C06370,23,21-30,43297.36,608.0,135218.59,8.5,47011.48,5000.0,1,2,23180.29,24,Self-employed,4.2088,1.3858,0.5354,High
C06371,65,46-65,18000.0,678.0,24622.17,21.4,17585.01,5000.0,0,1,9828.97,36,Business,2.3448,3.3333,0.5461,Low
C06372,24,21-30,115453.46,785.0,63234.08,5.3,144243.65,5000.0,1,0,56096.01,12,Salaried,1.7971,0.5197,0.4859,Low
C06373,63,46-65,53855.4,582.0,112313.71,8.0,56639.2,5000.0,0,1,30943.16,60,Salaried,3.1372,1.1141,0.5746,High
C06374,53,46-65,40365.87,616.0,95687.18,1.5,60208.47,5000.0,0,2,16733.45,12,Salaried,3.8621,1.4864,0.4145,High
C06375,27,21-30,47020.91,745.0,96711.23,0.6,10887.38,5000.0,0,0,19315.42,36,Salaried,2.2883,1.276,0.4108,Low
C06376,59,46-65,51740.44,686.0,59284.73,9.9,96101.63,5000.0,0,2,12664.05,12,Salaried,3.0032,1.1596,0.2448,Medium
C06377,27,21-30,132667.16,691.0,418046.96,11.8,134400.84,5000.0,0,0,58896.04,36,Salaried,4.1642,0.4523,0.4439,Low
C06378,27,21-30,70975.76,757.0,140021.09,9.4,41574.81,5000.0,1,1,2073.41,60,Salaried,2.5586,0.8454,0.0292,Low
C06379,46,46-65,131678.92,620.0,159539.27,11.8,21982.05,8983.81,0,0,6454.85,36,Self-employed,1.3785,0.8187,0.049,Low
C06380,33,31-45,85302.89,641.0,82504.29,15.5,65520.12,5000.0,2,1,6723.47,36,Self-employed,1.7353,0.7034,0.0788,Medium
C06381,34,31-45,54834.0,632.0,49811.97,7.9,75640.64,5000.0,1,0,183.9,60,Salaried,2.2879,1.0942,0.0034,Medium
C06382,29,21-30,52441.11,654.0,69708.52,6.8,97376.11,5000.0,0,2,10543.87,12,Salaried,3.1861,1.1441,0.2011,Medium
C06383,48,46-65,88523.86,780.0,96074.42,4.0,77243.55,5000.0,0,3,51898.62,60,Salaried,1.9579,0.6778,0.5863,Low
C06384,22,21-30,102066.17,552.0,182799.92,10.5,151518.77,5000.0,0,1,63861.57,60,Salaried,3.2755,0.5879,0.6257,Medium
C06385,32,31-45,112462.88,590.0,74250.07,16.8,52566.78,6287.23,0,2,41856.33,36,Salaried,1.1276,0.6709,0.3722,Low
C06386,45,31-45,56291.36,578.0,60837.33,13.3,86016.46,5000.0,0,1,13093.84,24,Salaried,2.6088,1.0659,0.2326,High
C06387,42,31-45,71575.33,785.0,24553.95,26.9,12472.16,5000.0,0,0,26512.86,48,Salaried,0.5173,0.8383,0.3704,Low
C06388,52,46-65,89622.78,634.0,122034.78,9.0,83295.78,5000.0,0,0,17511.05,48,Salaried,2.2911,0.6695,0.1954,Low
C06389,30,21-30,52625.8,655.0,76101.77,6.2,82374.8,5000.0,0,5,38707.73,36,Self-employed,3.0114,1.1401,0.7355,Medium
C06390,50,46-65,34819.25,559.0,61551.1,7.6,17908.7,5000.0,0,1,26471.84,48,Self-employed,2.2821,1.7232,0.7603,Medium
C06391,55,46-65,41718.23,660.0,115932.12,14.2,15493.39,5000.0,0,3,16667.3,24,Salaried,3.1503,1.4382,0.3995,Medium
C06392,38,31-45,56929.73,745.0,111756.72,11.8,103302.03,5000.0,0,3,22452.21,12,Salaried,3.7776,1.0539,0.3944,Low
C06393,32,31-45,93559.84,699.0,233302.09,5.5,51332.6,5351.11,0,0,18937.16,36,Self-employed,3.0423,0.6863,0.2024,Low
C06394,45,31-45,129907.79,672.0,25325.05,10.1,15885.18,5000.0,0,1,17807.33,36,Self-employed,0.3172,0.4619,0.1371,Low
C06395,47,46-65,30832.25,563.0,39350.37,5.0,35642.28,5000.0,0,3,11680.67,12,Salaried,2.4323,1.946,0.3788,High
C06396,25,21-30,46798.33,655.0,15790.78,11.8,65911.34,5000.0,0,2,22368.1,24,Salaried,1.7458,1.2821,0.478,Low
C06397,46,46-65,53386.77,691.0,110595.7,1.9,49687.43,5000.0,1,0,1277.22,36,Salaried,3.0023,1.1239,0.0239,High
C06398,27,21-30,100633.14,606.0,219999.78,2.5,164124.48,5000.0,0,2,24260.97,48,Salaried,3.8171,0.5962,0.2411,Medium
C06399,46,46-65,48614.73,729.0,138658.81,3.0,34357.03,5000.0,0,1,34454.4,48,Self-employed,3.5589,1.2342,0.7087,Low
C06400,62,46-65,51317.64,746.0,117474.02,4.1,63821.67,5000.0,0,1,27687.99,36,Salaried,3.5328,1.1692,0.5395,Medium
C06401,45,31-45,29897.99,640.0,45041.12,11.1,0.0,5000.0,0,0,23105.27,48,,1.5065,2.0068,0.7728,Low
C06402,55,46-65,84797.1,734.0,80358.97,13.9,17464.64,5000.0,0,1,34917.98,48,Salaried,1.1536,0.7076,0.4118,Low
C06403,34,31-45,59478.67,672.0,206997.26,8.3,13105.54,5000.0,0,2,22511.83,24,Business,3.7005,1.0088,0.3785,Medium
C06404,62,46-65,45361.44,766.0,32651.08,3.0,6593.16,5000.0,0,0,12574.4,36,Salaried,0.8651,1.3227,0.2772,Low
C06405,57,46-65,56354.1,833.0,19351.99,15.9,100017.57,5000.0,0,1,27671.29,24,Salaried,2.1182,1.0647,0.491,Low
C06406,62,46-65,120811.9,598.0,74189.24,7.8,205464.17,6689.15,0,1,78920.31,48,Salaried,2.3148,0.6644,0.6532,Medium
C06407,54,46-65,37401.08,738.0,125648.12,18.0,72386.81,5000.0,0,0,0.0,36,Self-employed,5.2949,1.6042,0.0,Low
C06408,50,46-65,40914.09,778.0,132195.63,8.9,52418.75,5000.0,0,1,2967.89,60,Salaried,4.5122,1.4665,0.0725,Low
C06409,44,31-45,129428.18,607.0,174273.5,2.2,92125.87,5000.0,0,1,33530.16,24,Self-employed,2.0583,0.4636,0.2591,Low
C06410,62,46-65,67766.19,637.0,5000.0,4.7,21479.04,5000.0,0,1,32526.29,36,Salaried,0.3907,0.8854,0.48,Low
C06411,59,46-65,93948.99,636.0,268723.36,1.9,50382.34,6089.76,1,1,4171.15,24,Salaried,3.3966,0.7778,0.0444,High
C06412,39,31-45,81073.07,670.0,87880.07,1.0,59664.27,5000.0,0,0,44940.67,36,Salaried,1.8199,0.7401,0.5543,Low
C06413,24,21-30,63748.99,653.0,32313.23,6.4,81923.88,5000.0,0,0,33524.09,48,Salaried,1.792,0.9412,0.5259,Low
C06414,21,21-30,53668.31,665.0,81587.8,9.0,56658.68,5000.0,1,0,25864.17,24,Salaried,2.5759,1.118,0.4819,Medium
C06415,31,31-45,102693.02,743.0,157384.22,18.6,152283.31,5000.0,0,2,46834.97,48,Salaried,3.0155,0.5843,0.4561,Low
C06416,23,21-30,123183.16,538.0,182844.63,11.2,36729.42,5682.77,1,1,31820.06,36,Business,1.7825,0.5536,0.2583,Low
C06417,30,21-30,118000.74,607.0,291500.18,14.5,8927.58,5000.0,0,2,62808.94,36,Salaried,2.546,0.5085,0.5323,Medium
C06418,25,21-30,33864.86,730.0,95628.35,5.7,58342.44,5000.0,0,0,1908.48,48,Self-employed,4.5466,1.7717,0.0564,Medium
C06419,65,46-65,133231.52,721.0,258744.25,3.1,84982.98,5000.0,0,2,24502.93,48,Salaried,2.5799,0.4503,0.1839,Low
C06420,25,21-30,53384.63,601.0,11333.16,8.9,96717.98,5000.0,0,0,27288.61,24,Salaried,2.024,1.1239,0.5112,Low
C06421,49,46-65,42910.69,722.0,9671.41,5.7,17224.44,5000.0,1,5,3241.8,60,Salaried,0.6268,1.3983,0.0755,Low
C06422,36,31-45,59219.86,780.0,175250.95,13.5,3778.66,5000.0,0,0,37002.86,48,Salaried,3.0231,1.0132,0.6248,Low
C06423,28,21-30,102668.76,676.0,86493.84,5.9,88338.11,5461.55,0,5,43414.66,36,Salaried,1.7029,0.6384,0.4229,Low
C06424,52,46-65,87500.33,604.0,122041.18,11.2,14557.15,5000.0,0,2,8724.47,12,Salaried,1.5611,0.6857,0.0997,Low
C06425,64,46-65,56482.15,746.0,15155.37,23.6,91387.77,5000.0,0,1,2761.93,24,Salaried,1.8863,1.0623,0.0489,Low
C06426,56,46-65,103038.58,809.0,78397.05,13.1,92482.38,5989.07,0,0,25643.68,24,Business,1.6584,0.6975,0.2489,Low
C06427,64,46-65,70197.35,614.0,141788.87,19.3,51975.45,5000.0,0,0,30815.03,12,Salaried,2.7603,0.8547,0.439,Medium
C06428,47,46-65,47429.91,683.0,39435.69,2.3,19806.15,5000.0,0,1,23301.48,36,Salaried,1.249,1.265,0.4913,Low
C06429,51,46-65,44034.26,762.0,98934.5,2.8,22691.33,5000.0,0,0,31787.74,24,Business,2.7621,1.3626,0.7219,Low
C06430,27,21-30,81452.21,689.0,102136.7,9.3,109267.07,5000.0,0,2,50713.7,36,Salaried,2.5954,0.7366,0.6226,Low
C06431,59,46-65,62115.93,549.0,187067.4,13.1,14627.44,5000.0,0,2,14082.45,48,Salaried,3.2471,0.9659,0.2267,High
C06432,54,46-65,30504.05,713.0,52285.56,11.0,24419.88,5000.0,0,3,8296.39,36,Business,2.5146,1.967,0.272,Medium
C06433,32,31-45,103578.12,607.0,91617.88,4.5,75980.15,5000.0,0,0,0.0,24,Salaried,1.6181,0.5793,0.0,Low
C06434,36,31-45,49910.73,585.0,139430.72,12.5,80370.99,5000.0,0,0,21101.4,36,Business,4.4039,1.2021,0.4228,High
C06435,48,46-65,156030.75,550.0,500000.0,9.8,144519.54,6052.53,0,1,31069.59,60,Salaried,4.1307,0.4655,0.1991,High
C06436,21,21-30,30046.4,769.0,23176.42,5.9,29375.01,5000.0,1,2,6084.21,48,Salaried,1.749,1.9969,0.2025,Low
C06437,57,46-65,58850.34,617.0,134094.83,18.5,17076.3,5000.0,0,0,0.0,36,Salaried,2.5687,1.0195,0.0,Medium
C06438,33,31-45,44229.83,705.0,115542.75,13.0,61267.63,5000.0,0,3,16526.81,24,Salaried,3.9975,1.3566,0.3737,High
C06439,24,21-30,38012.11,723.0,84295.55,16.9,57661.24,5000.0,1,0,18736.64,36,Salaried,3.7345,1.5784,0.4929,Medium
C06440,35,31-45,49732.19,692.0,5000.0,9.3,17697.56,5000.0,0,1,10419.94,24,Salaried,0.4564,1.2065,0.2095,Low
C06441,58,46-65,172121.3,702.0,30997.99,11.9,58126.49,10406.58,0,1,66257.91,36,Salaried,0.5178,0.7255,0.3849,Low
C06442,33,31-45,70332.98,709.0,72273.19,10.9,91529.05,5000.0,0,0,19697.54,24,Self-employed,2.329,0.8531,0.2801,Low
C06443,45,31-45,42053.72,690.0,5925.87,2.0,22487.43,5000.0,0,3,15314.05,24,Business,0.6756,1.4267,0.3642,Low
C06444,57,46-65,,623.0,40232.27,8.4,0.0,5000.0,0,1,5864.16,48,Self-employed,1.6922,2.5236,0.2467,Low
C06445,22,21-30,25220.01,616.0,67482.83,10.5,53828.54,5000.0,0,0,1447.96,36,Self-employed,4.8101,2.3791,0.0574,High
C06446,55,46-65,48391.9,672.0,63389.18,15.1,24803.86,5000.0,0,2,6119.83,48,Salaried,1.8225,1.2399,0.1265,Low
C06447,33,31-45,45872.18,671.0,56954.73,4.5,45358.04,5000.0,0,0,25256.22,24,,2.2304,1.308,0.5506,Medium
C06448,52,46-65,57464.04,712.0,48374.2,8.8,5592.87,5000.0,0,0,25390.77,36,Salaried,0.9391,1.0441,0.4419,Low
C06449,29,21-30,18628.38,763.0,40169.8,17.9,0.0,5000.0,0,0,9270.7,12,Salaried,2.1564,3.2209,0.4977,Low
C06450,27,21-30,61803.65,706.0,190416.99,7.1,110239.03,5000.0,0,2,31572.28,36,Self-employed,4.8647,0.9708,0.5108,Medium
C06451,56,46-65,114392.86,619.0,348259.86,2.4,170228.06,5694.45,0,1,29693.49,36,Self-employed,4.5325,0.5974,0.2596,High
C06452,57,46-65,158689.58,516.0,232929.27,12.9,103513.33,8723.96,0,0,8711.9,60,Self-employed,2.1201,0.6597,0.0549,Medium
C06453,65,46-65,22929.9,622.0,20598.53,9.3,15869.78,5000.0,0,0,14124.47,60,Salaried,1.5904,2.6167,0.616,Low
C06454,51,46-65,41830.31,579.0,53393.16,1.9,67743.83,5000.0,0,1,10507.2,36,Salaried,2.8959,1.4344,0.2512,High
C06455,41,31-45,40632.11,625.0,136348.01,7.5,74404.14,5000.0,0,3,9810.12,12,Salaried,5.1868,1.4767,0.2414,High
C06456,29,21-30,70424.0,698.0,70185.78,8.6,31662.32,5000.0,0,1,926.7,36,Salaried,1.4462,0.852,0.0132,Low
C06457,34,31-45,33231.97,686.0,53952.58,7.1,55336.84,5000.0,0,0,693.23,48,Self-employed,3.2887,1.8055,0.0209,Medium
C06458,50,46-65,163961.57,819.0,261375.87,9.0,265618.77,5000.0,0,1,34637.53,24,Business,3.2141,0.3659,0.2113,Low
C06459,36,31-45,66574.7,716.0,33619.88,9.6,49446.69,5000.0,1,3,24896.94,24,Salaried,1.2477,0.9012,0.374,Low
C06460,42,31-45,60743.3,823.0,53586.73,10.1,103298.81,5000.0,0,0,32954.23,48,Salaried,2.5828,0.9878,0.5425,Low
C06461,28,21-30,156081.74,734.0,500000.0,7.9,184249.56,6966.29,0,2,13864.69,36,Business,4.3839,0.5356,0.0888,Medium
C06462,40,31-45,64428.82,761.0,35217.46,13.7,113254.14,5000.0,0,0,13569.11,36,Business,2.3044,0.9313,0.2106,Low
C06463,31,31-45,81008.5,653.0,71010.18,13.4,,5000.0,1,2,33845.25,60,Salaried,1.5707,0.7407,0.4178,Low
C06464,26,21-30,43010.67,599.0,50176.42,5.5,39080.26,5000.0,2,0,25929.64,24,Salaried,2.0752,1.395,0.6029,High
C06465,26,21-30,30588.1,646.0,15508.27,20.4,12530.88,5000.0,1,2,12871.78,12,Salaried,0.9167,1.9615,0.4208,Low
C06466,44,31-45,46464.49,679.0,154435.58,5.1,34717.89,5000.0,0,0,6721.02,24,Salaried,4.0709,1.2913,0.1446,Medium
C06467,37,31-45,216420.65,633.0,500000.0,10.0,205713.89,9785.01,1,1,147761.97,48,Salaried,3.2608,0.5426,0.6828,High
C06468,25,21-30,92069.97,605.0,285997.31,10.6,94740.78,5000.0,0,0,47543.81,48,Business,4.1353,0.6517,0.5164,Medium
C06469,44,31-45,75594.34,711.0,231236.12,3.4,44033.29,5000.0,0,2,25092.44,12,Salaried,3.6414,0.7937,0.3319,High
C06470,28,21-30,37992.24,605.0,91063.77,2.8,66361.41,5000.0,0,2,18432.01,24,Salaried,4.1436,1.5793,0.4852,Low
C06471,21,21-30,107294.27,565.0,218223.44,5.8,38836.56,5000.0,0,2,63374.61,24,Salaried,2.3958,0.5592,0.5907,Medium
C06472,26,21-30,30804.35,596.0,54656.52,12.6,36161.56,5000.0,0,0,7802.54,36,Self-employed,2.9482,1.9478,0.2533,High
C06473,41,31-45,27453.84,662.0,58771.52,0.8,26222.79,5000.0,2,2,2569.74,24,Salaried,3.0959,2.1855,0.0936,High
C06474,63,46-65,47798.74,606.0,121515.52,6.6,34939.35,5000.0,0,1,708.45,48,Self-employed,3.2732,1.2553,0.0148,High
C06475,31,31-45,190443.83,663.0,409985.99,3.2,287704.07,11643.45,0,0,37887.29,48,Salaried,3.6635,0.7337,0.1989,Low
C06476,33,31-45,184606.97,725.0,290968.44,14.8,136717.08,10849.31,0,3,106352.33,60,Salaried,2.3167,0.7052,0.5761,Low
C06477,31,31-45,50714.25,723.0,133344.98,6.4,30386.46,5000.0,1,3,28641.3,36,Salaried,3.2285,1.1831,0.5648,Medium
C06478,36,31-45,44861.4,630.0,21176.09,10.7,25931.61,5000.0,0,0,9120.04,24,Self-employed,1.0501,1.3375,0.2033,Low
C06479,53,46-65,26368.98,582.0,38572.51,8.0,48254.05,5000.0,0,2,20360.51,12,Business,3.2928,2.2754,0.7721,High
C06480,35,31-45,67850.32,637.0,122256.85,13.6,89630.02,5000.0,0,1,47576.19,36,Salaried,3.1229,0.8843,0.7012,Medium
C06481,50,46-65,71057.85,729.0,129007.51,6.2,61242.34,5000.0,0,0,15888.58,36,Salaried,2.6774,0.8444,0.2236,Low
C06482,61,46-65,100347.91,747.0,184189.4,5.2,45738.14,5000.0,0,0,5399.06,24,Salaried,2.2913,0.5979,0.0538,Low
C06483,63,46-65,107262.21,706.0,273255.76,3.2,172255.47,5172.79,0,2,50084.29,12,Self-employed,4.1535,0.5787,0.4669,Low
C06484,46,46-65,58311.84,770.0,161198.69,9.7,65334.91,5000.0,0,1,0.0,24,Self-employed,3.8849,1.029,0.0,Medium
C06485,53,46-65,88252.55,810.0,124488.23,12.6,88797.58,5000.0,0,1,0.0,48,Salaried,2.4168,0.6799,0.0,Low
C06486,62,46-65,44213.75,644.0,59642.84,3.9,60019.03,5000.0,0,2,22657.45,24,Salaried,2.7064,1.357,0.5125,Medium
C06487,56,46-65,87335.82,791.0,5000.0,7.7,38718.27,5000.0,0,0,63448.04,48,Self-employed,0.5006,0.687,0.7265,Low
C06488,34,31-45,49176.19,660.0,16908.66,20.2,77453.27,5000.0,1,3,901.78,60,Salaried,1.9189,1.2201,0.0183,Medium
C06489,26,21-30,83687.49,756.0,88309.57,6.6,57679.43,5000.0,0,3,45559.43,36,Salaried,1.7445,0.717,0.5444,Low
C06490,26,21-30,80042.92,733.0,197657.37,3.6,44871.59,5000.0,0,1,34740.01,48,Salaried,3.03,0.7496,0.434,Low
C06491,60,46-65,67506.86,532.0,178239.28,6.4,36280.17,5000.0,0,2,4711.35,36,Salaried,3.1777,0.8888,0.0698,High
C06492,46,46-65,100623.33,608.0,82221.42,6.2,168018.15,6414.8,0,1,14315.63,48,Salaried,2.4869,0.765,0.1423,Medium
C06493,34,31-45,27403.42,588.0,85109.6,13.3,41839.44,5000.0,0,0,26226.93,24,Salaried,4.6326,2.1895,0.9571,Medium
C06494,36,31-45,36186.4,546.0,72593.53,9.0,4997.35,5000.0,0,0,5572.18,36,Salaried,2.1442,1.6581,0.154,Medium
C06495,33,31-45,56028.16,746.0,145584.18,1.9,27867.41,5000.0,0,2,5160.1,60,Salaried,3.0958,1.0709,0.0921,Low
C06496,57,46-65,29388.18,835.0,58533.46,15.6,17081.9,5000.0,1,0,2752.0,36,Business,2.573,2.0416,0.0936,Low
C06497,48,46-65,51967.15,661.0,126212.91,4.5,19795.99,5000.0,0,0,4427.69,12,Salaried,2.8096,1.1546,0.0852,Medium
C06498,60,46-65,52896.68,744.0,57872.83,3.3,48494.78,5000.0,0,1,19755.85,12,Business,2.0109,1.1343,0.3735,Low
C06499,34,31-45,133581.71,791.0,67274.89,8.0,186118.16,5686.59,0,1,23843.08,60,Self-employed,1.8969,0.5108,0.1785,Low
C06500,42,31-45,70300.63,696.0,91974.48,5.2,15582.48,5000.0,0,4,17104.3,36,Self-employed,1.53,0.8535,0.2433,Low
C06501,26,21-30,114499.85,678.0,288679.2,14.1,88694.6,5206.07,0,2,65623.22,24,Salaried,3.2958,0.5456,0.5731,Medium
C06502,64,46-65,76731.2,662.0,251095.18,9.4,67427.75,5227.54,0,3,17596.58,36,Self-employed,4.1512,0.8175,0.2293,High
C06503,44,31-45,48413.09,720.0,109783.42,6.5,29792.98,5000.0,1,0,22574.56,36,Self-employed,2.883,1.2393,0.4663,High
C06504,45,31-45,69960.55,746.0,189229.59,4.6,87143.38,5000.0,0,0,9297.31,48,Salaried,3.9504,0.8576,0.1329,Low
C06505,39,31-45,97083.53,715.0,22556.67,20.8,107577.95,5000.0,1,2,9664.19,36,Salaried,1.3404,0.618,0.0995,Low
C06506,33,31-45,125305.91,712.0,344612.37,17.6,194237.06,5000.0,0,1,33049.63,36,Salaried,4.3003,0.4788,0.2638,Low
C06507,63,46-65,60437.92,676.0,194867.89,7.8,58044.32,5000.0,0,1,20837.05,60,Business,4.1847,0.9928,0.3448,Medium
C06508,43,31-45,26265.5,561.0,35021.44,1.7,37667.23,5000.0,0,1,7991.98,36,Salaried,2.7675,2.2844,0.3043,High
C06509,51,46-65,25269.45,747.0,46873.49,6.4,31762.52,5000.0,0,0,17654.42,48,Salaried,3.1119,2.3744,0.6986,Low
C06510,22,21-30,54318.25,584.0,16793.34,13.1,57605.0,5000.0,0,2,32034.14,36,Salaried,1.3697,1.1046,0.5897,Low
C06511,33,31-45,18000.0,726.0,23471.15,4.0,23151.99,5000.0,0,2,6959.92,48,Self-employed,2.5902,3.3333,0.3867,Low
C06512,57,46-65,174459.87,737.0,83177.33,21.8,91891.92,9070.33,0,2,69993.61,36,Salaried,1.0035,0.6239,0.4012,Low
C06513,24,21-30,90260.56,594.0,245270.66,20.0,2206.06,5000.0,0,2,4886.95,36,Self-employed,2.7418,0.6647,0.0541,Medium
C06514,25,21-30,45822.28,634.0,137638.62,5.3,40563.04,5000.0,1,1,18837.85,60,Salaried,3.889,1.3094,0.4111,High
C06515,57,46-65,35306.99,839.0,27227.74,4.4,53289.72,5000.0,0,0,8350.39,36,Salaried,2.2805,1.6994,0.2365,Low
C06516,34,31-45,114417.36,674.0,383082.87,14.5,129419.01,7896.32,0,2,24737.28,48,Salaried,4.4792,0.8282,0.2162,Low
C06517,33,31-45,35229.61,588.0,128509.16,11.3,35380.79,5000.0,0,3,15037.55,48,Salaried,4.6521,1.7031,0.4268,High
C06518,46,46-65,37127.67,740.0,60392.3,6.8,8502.94,5000.0,0,1,582.05,48,Business,1.8556,1.616,0.0157,Low
C06519,29,21-30,42653.83,622.0,152181.92,15.2,41504.77,5000.0,1,1,2910.15,24,Salaried,4.5409,1.4067,0.0682,High
C06520,22,21-30,69209.31,536.0,189170.46,3.1,50644.54,5000.0,0,0,40654.06,36,Salaried,3.4651,0.8669,0.5874,High
C06521,21,21-30,91453.06,719.0,91441.76,7.5,112594.15,5000.0,0,1,53004.79,60,Self-employed,2.231,0.6561,0.5796,Low
C06522,24,21-30,125255.67,611.0,424618.3,17.8,44978.58,5000.0,0,0,55665.64,36,Salaried,3.7491,0.479,0.4444,Medium
C06523,28,21-30,115482.79,704.0,183220.67,12.6,85440.58,7513.51,0,1,14302.23,24,Self-employed,2.3264,0.7807,0.1238,Low
C06524,52,46-65,65027.67,619.0,16790.25,14.4,64362.5,5000.0,0,3,1189.78,36,Self-employed,1.248,0.9227,0.0183,Low
C06525,34,31-45,113940.27,733.0,93321.33,33.4,205152.38,5000.0,1,0,18512.77,24,Self-employed,2.6196,0.5266,0.1625,Low
C06526,24,21-30,44940.41,694.0,111975.24,10.5,74045.75,5000.0,0,1,32113.02,36,Salaried,4.1393,1.3351,0.7146,Medium
C06527,21,21-30,23876.89,486.0,81942.86,10.6,5899.2,5000.0,0,0,0.0,24,Salaried,3.679,2.5129,0.0,High
C06528,42,31-45,44937.16,709.0,67557.27,3.3,38423.06,5000.0,1,1,14378.2,48,Self-employed,2.3584,1.3352,0.32,Medium
C06529,58,46-65,41718.47,658.0,77389.41,6.4,83741.51,5000.0,0,2,20961.81,36,Salaried,3.8623,1.4382,0.5025,High
C06530,36,31-45,45915.12,786.0,52550.96,12.1,83300.54,5000.0,0,2,0.0,60,Self-employed,2.9588,1.3068,0.0,Low
C06531,23,21-30,38349.1,710.0,106349.1,11.7,57671.57,5000.0,1,1,27445.46,48,Business,4.277,1.5646,0.7157,Medium
C06532,31,31-45,50439.62,737.0,35117.16,14.9,48081.72,5000.0,1,1,35816.12,36,Salaried,1.6495,1.1895,0.7101,Low
C06533,43,31-45,91413.83,627.0,191230.33,8.6,109729.28,5000.0,1,0,15253.43,24,Salaried,3.2923,0.6564,0.1669,High
C06534,29,21-30,166964.08,621.0,335688.45,8.5,226711.88,5000.0,0,0,74054.65,24,Salaried,3.3684,0.3594,0.4435,Medium
C06535,65,46-65,25164.81,678.0,5637.8,7.5,23656.67,5000.0,0,0,11024.38,36,Self-employed,1.1641,2.3843,0.4381,Low
C06536,55,46-65,32012.72,653.0,109812.18,1.9,33910.14,5000.0,1,3,6461.09,36,Salaried,4.4895,1.8743,0.2018,High
C06537,36,31-45,,780.0,159773.93,3.5,75714.94,5000.0,0,3,0.0,48,Salaried,5.5989,1.4265,0.0,Low
C06538,63,46-65,99042.13,669.0,179241.25,7.3,173418.15,5000.0,0,0,56407.71,36,Salaried,3.5607,0.6058,0.5695,Low
C06539,35,31-45,58070.99,588.0,140888.46,16.4,100412.86,5000.0,0,2,0.0,36,Salaried,4.1553,1.0332,0.0,High
C06540,27,21-30,43646.68,618.0,144900.85,8.9,11799.51,5000.0,0,1,23073.46,36,Self-employed,3.5902,1.3747,0.5286,High
C06541,63,46-65,96408.12,752.0,38292.78,7.6,165233.11,5000.0,0,2,12634.84,36,Salaried,2.1111,0.6224,0.1311,Low
C06542,64,46-65,109991.37,667.0,47959.99,8.1,91202.85,5000.0,0,0,64049.0,36,Salaried,1.2652,0.5455,0.5823,Low
C06543,35,31-45,64332.78,663.0,165747.07,7.1,13449.54,5000.0,0,1,44212.21,24,Self-employed,2.7855,0.9327,0.6872,Medium
C06544,47,46-65,41490.59,760.0,98576.33,7.0,21964.16,5000.0,0,2,22553.41,36,Salaried,2.9052,1.4461,0.5436,Low
C06545,28,21-30,75417.63,611.0,201849.82,4.8,2879.97,5000.0,0,3,5430.22,36,Salaried,2.7146,0.7956,0.072,Medium
C06546,49,46-65,57173.46,512.0,130878.37,9.7,31884.43,5000.0,0,1,21416.46,48,Business,2.8468,1.0494,0.3746,High
C06547,52,46-65,56930.43,616.0,145708.63,16.5,80414.69,5000.0,0,2,6381.76,36,Salaried,3.9719,1.0539,0.1121,High
C06548,52,46-65,49036.61,698.0,38599.56,8.5,31440.17,5000.0,0,2,11181.44,48,Salaried,1.4283,1.2236,0.228,Low
C06549,46,46-65,108107.71,661.0,96548.64,10.3,158966.73,7245.88,0,2,3775.01,24,Salaried,2.3635,0.8043,0.0349,Low
C06550,52,46-65,74576.2,563.0,63307.64,9.0,16712.35,5000.0,0,0,40682.37,60,Salaried,1.073,0.8045,0.5455,Low
C06551,45,31-45,114895.47,756.0,176396.58,11.7,42852.61,5000.0,0,0,29116.34,36,Salaried,1.9082,0.5222,0.2534,Low
C06552,57,46-65,135553.53,692.0,383230.88,7.4,47863.46,7414.9,0,1,65320.17,36,Business,3.1803,0.6564,0.4819,Low
C06553,29,21-30,83665.5,709.0,252034.86,1.8,90215.72,5000.0,0,1,28313.78,36,Salaried,4.0907,0.7171,0.3384,Low
C06554,42,31-45,49196.62,711.0,94110.33,4.5,90565.21,5000.0,0,0,34318.83,36,Salaried,3.7538,1.2196,0.6976,Low
C06555,39,31-45,115188.13,583.0,238772.34,7.8,45797.49,5000.0,0,1,55025.11,36,Salaried,2.4705,0.5209,0.4777,Low
C06556,45,31-45,83973.63,703.0,91817.6,22.8,52431.69,5000.0,0,3,50523.08,12,Salaried,1.7178,0.7145,0.6017,Low
C06557,27,21-30,272119.02,748.0,478688.06,4.8,350000.0,11996.25,1,0,157758.96,36,Business,3.0453,0.529,0.5797,Medium
C06558,35,31-45,77087.71,766.0,261971.07,5.7,62414.63,5000.0,0,3,12692.57,36,Business,4.208,0.7783,0.1647,Low
C06559,63,46-65,95403.54,734.0,99206.97,5.4,57590.86,6636.34,0,1,3297.44,48,Self-employed,1.6435,0.8347,0.0346,Low
C06560,25,21-30,76257.85,718.0,220734.78,2.1,84632.91,5000.0,0,0,19413.09,24,Salaried,4.0044,0.7868,0.2546,Low
C06561,49,46-65,61552.04,550.0,25862.81,7.9,88073.82,5000.0,0,1,14398.6,12,Salaried,1.8511,0.9748,0.2339,Medium
C06562,50,46-65,56376.47,679.0,59780.24,1.5,53560.16,5000.0,0,2,3869.51,36,Self-employed,2.0104,1.0643,0.0686,Low
C06563,42,31-45,76418.24,608.0,187645.88,9.8,96479.05,5351.49,0,0,32276.7,36,Salaried,3.718,0.8403,0.4224,High
C06564,22,21-30,86576.98,776.0,248784.98,11.8,116892.9,5000.0,0,0,67885.13,36,Business,4.2237,0.693,0.7841,Low
C06565,22,21-30,122645.81,765.0,264665.69,1.3,14684.64,7952.33,0,1,34529.68,60,Salaried,2.2777,0.7781,0.2815,Low
C06566,33,31-45,77034.63,609.0,217472.27,33.4,84034.26,5000.0,0,0,10336.89,36,Self-employed,3.9139,0.7789,0.1342,Medium
C06567,25,21-30,50390.28,677.0,143344.92,2.6,102282.98,5000.0,0,2,23046.2,36,Salaried,4.8745,1.1907,0.4574,High
C06568,25,21-30,54305.07,699.0,124862.9,3.8,21099.78,5000.0,0,0,25969.34,36,Salaried,2.6878,1.1049,0.4782,Low
C06569,28,21-30,31398.87,748.0,32670.53,26.6,,5000.0,0,1,8684.26,36,Salaried,1.0405,1.9109,0.2766,Low
C06570,29,21-30,,554.0,230970.45,2.4,191834.6,11199.38,0,1,20043.58,48,Salaried,2.6087,0.8292,0.1237,Medium
C06571,58,46-65,48266.7,514.0,113993.04,8.7,67644.52,5000.0,0,2,0.0,60,Salaried,3.7632,1.2431,0.0,High
C06572,49,46-65,110661.89,683.0,261339.24,10.6,95983.31,7369.0,0,2,64026.61,48,Self-employed,3.229,0.7991,0.5786,Medium
C06573,22,21-30,75678.21,490.0,111562.56,6.7,133401.48,5000.0,0,1,41038.67,36,Salaried,3.2369,0.7928,0.5423,High
C06574,49,46-65,76818.06,692.0,115748.9,6.7,27705.16,5000.0,0,1,37507.53,36,Self-employed,1.8675,0.7811,0.4883,Low
C06575,27,21-30,60933.98,724.0,45185.34,10.5,20296.91,5000.0,0,0,29839.84,48,Self-employed,1.0746,0.9847,0.4897,Low
C06576,39,31-45,42144.23,773.0,5000.0,17.2,4679.69,5000.0,0,1,1677.51,48,Business,0.2297,1.4237,0.0398,Low
C06577,22,21-30,38156.37,633.0,60412.01,8.7,57828.79,5000.0,0,1,28887.21,48,Salaried,3.0988,1.5725,0.7571,Medium
C06578,25,21-30,168181.41,692.0,494054.35,23.7,28135.94,5000.0,1,2,72867.45,60,Salaried,3.1049,0.3568,0.4333,Low
C06579,26,21-30,69204.5,729.0,202277.85,2.5,87435.46,5000.0,0,1,39761.68,24,Self-employed,4.1863,0.867,0.5746,Low
C06580,40,31-45,120697.15,592.0,426910.33,23.3,226164.33,5000.0,0,0,34022.59,36,Self-employed,5.4109,0.4971,0.2819,Medium
C06581,41,31-45,139224.27,749.0,347818.55,6.2,6351.53,7571.29,0,0,89355.54,36,Salaried,2.5439,0.6526,0.6418,Low
C06582,36,31-45,51853.45,701.0,34361.27,23.1,13656.47,5000.0,0,0,31841.14,60,Salaried,0.926,1.1571,0.6141,Low
C06583,48,46-65,82048.9,635.0,194924.24,12.3,121329.15,5000.0,1,0,8399.98,24,Salaried,3.8545,0.7313,0.1024,High
C06584,53,46-65,66629.22,691.0,215655.96,4.0,42299.85,5000.0,0,1,0.0,36,Salaried,3.8715,0.9005,0.0,Medium
C06585,53,46-65,34395.29,670.0,71588.0,9.8,32258.88,5000.0,0,3,5215.97,12,Business,3.0192,1.7444,0.1516,High
C06586,47,46-65,58696.1,739.0,95897.5,1.7,64154.74,5000.0,0,1,1925.08,12,Business,2.7268,1.0222,0.0328,Low
C06587,45,31-45,89793.8,653.0,196805.78,5.0,109989.87,5000.0,0,0,6316.05,24,Salaried,3.4167,0.6682,0.0703,Medium
C06588,43,31-45,49398.56,697.0,31860.85,6.7,12697.03,5000.0,0,1,28676.34,60,Salaried,0.902,1.2146,0.5805,Low
C06589,31,31-45,54365.16,633.0,49722.69,8.0,76718.03,5000.0,0,1,27574.57,36,Salaried,2.3258,1.1036,0.5072,Low
C06590,42,31-45,59088.45,610.0,45661.63,17.5,62345.6,5000.0,0,0,10320.35,24,Business,1.8279,1.0154,0.1747,Low
C06591,21,21-30,207623.93,693.0,322610.97,5.6,58048.5,9772.42,0,3,153877.12,36,Salaried,1.8334,0.5648,0.7411,Low
C06592,64,46-65,23704.39,613.0,55186.55,4.4,13699.11,5000.0,0,1,0.0,48,Salaried,2.906,2.5312,0.0,High
C06593,37,31-45,85651.87,740.0,66620.06,4.2,125769.49,5000.0,0,4,50118.67,24,Salaried,2.2462,0.7005,0.5851,Low
C06594,55,46-65,56545.79,724.0,16399.12,9.4,45418.81,5000.0,0,0,10318.79,36,Salaried,1.0932,1.0611,0.1825,Low
C06595,64,46-65,45696.75,623.0,132568.62,13.5,44351.97,5000.0,0,1,4673.47,36,Salaried,3.8716,1.313,0.1023,High
C06596,43,31-45,55787.82,696.0,187960.58,5.1,13856.02,5000.0,0,2,29795.02,48,Self-employed,3.6176,1.0755,0.5341,Medium
C06597,59,46-65,93826.21,622.0,177655.29,9.5,114818.22,5000.0,0,2,26159.73,36,Salaried,3.1172,0.6395,0.2788,Medium
C06598,42,31-45,96822.1,560.0,133218.29,0.5,48765.11,5000.0,0,0,37340.83,36,Salaried,1.8796,0.6197,0.3857,Low
C06599,26,21-30,72002.2,635.0,139826.82,5.8,46158.83,5000.0,0,1,2405.98,48,Salaried,2.5831,0.8333,0.0334,Low
C06600,22,21-30,118557.13,676.0,272397.52,2.0,167132.73,5000.0,1,1,81039.44,60,Salaried,3.7073,0.5061,0.6835,High
C06601,27,21-30,130613.87,719.0,369881.53,21.8,233695.68,5000.0,0,1,71419.25,36,Business,4.6211,0.4594,0.5468,Low
C06602,63,46-65,101839.09,691.0,93681.26,22.3,26199.97,5000.0,0,1,37036.23,48,Salaried,1.1772,0.5892,0.3637,Low
C06603,42,31-45,48133.65,748.0,152200.8,9.3,54359.81,5000.0,0,1,6279.83,48,Salaried,4.2914,1.2465,0.1305,Medium
C06604,35,31-45,85313.28,606.0,203511.93,2.3,18380.08,6036.19,0,0,19292.77,24,Business,2.6009,0.849,0.2261,Medium
C06605,41,31-45,85536.88,,246701.68,2.8,52757.3,5000.0,1,1,58020.21,60,Self-employed,3.5009,0.7015,0.6783,High
C06606,32,31-45,41504.01,803.0,5000.0,8.9,0.0,5000.0,0,1,7738.19,36,,0.1205,1.4456,0.1864,Low
C06607,60,46-65,27417.89,535.0,86507.97,8.7,29644.93,5000.0,0,0,20198.13,24,Salaried,4.2364,2.1884,0.7367,High
C06608,65,46-65,21367.28,646.0,28650.77,1.8,20426.78,5000.0,1,0,14650.06,60,Salaried,2.2969,2.808,0.6856,Medium
C06609,24,21-30,67545.93,600.0,95420.91,5.5,97458.49,5000.0,0,0,30759.2,36,Business,2.8555,0.8883,0.4554,Medium
C06610,53,46-65,76577.95,665.0,108298.49,7.5,,5000.0,1,1,40784.24,48,Salaried,1.7256,0.7835,0.5326,Low
C06611,36,31-45,33933.66,647.0,26672.12,17.8,42419.97,5000.0,0,2,13453.91,36,Salaried,2.0361,1.7682,0.3965,Low
C06612,23,21-30,115550.2,725.0,87740.82,11.0,115635.46,5000.0,0,0,42893.61,60,Salaried,1.7601,0.5193,0.3712,Low
C06613,62,46-65,70676.08,699.0,18910.71,5.8,104860.03,5000.0,1,1,18725.8,48,Business,1.7512,0.8489,0.265,High
C06614,23,21-30,136535.71,582.0,128902.92,18.8,223250.63,9394.91,0,1,36450.24,48,Self-employed,2.5792,0.8257,0.267,Medium
C06615,30,21-30,79693.02,,132631.55,21.1,145192.35,5000.0,1,0,0.0,36,Salaried,3.4862,0.7529,0.0,Medium
C06616,22,21-30,36158.2,680.0,88266.51,13.2,55989.6,5000.0,0,2,0.0,12,Self-employed,3.9896,1.6594,0.0,High
C06617,42,31-45,83633.31,735.0,201300.12,2.3,36996.36,5000.0,0,1,53979.92,12,Salaried,2.8493,0.7174,0.6454,Low
C06618,47,46-65,93967.42,850.0,203860.68,6.9,126884.0,5000.0,0,2,52850.72,60,Self-employed,3.5198,0.6385,0.5624,Low
C06619,35,31-45,48095.77,733.0,39309.97,5.5,84891.16,5000.0,0,1,7517.65,24,Business,2.5824,1.2475,0.1563,High
C06620,24,21-30,29407.1,604.0,53595.15,4.9,0.0,5000.0,0,2,20421.36,24,Salaried,1.8225,2.0403,0.6944,Low
C06621,26,21-30,,673.0,157639.18,19.3,60356.92,5000.0,0,0,42100.84,24,Salaried,3.1738,0.8735,0.6129,Low
C06622,63,46-65,37484.32,694.0,101688.46,20.6,17188.47,5000.0,0,0,7646.21,36,Business,3.1714,1.6007,0.204,Low
C06623,57,46-65,120406.74,641.0,136439.16,5.7,173781.68,7198.23,0,0,69784.98,60,Business,2.5764,0.7174,0.5796,Medium
C06624,63,46-65,51958.23,715.0,170761.13,6.6,13734.54,5000.0,0,1,11229.14,24,Self-employed,3.5508,1.1548,0.2161,Medium
C06625,44,31-45,167824.35,510.0,469077.85,2.7,42917.08,5894.34,0,0,65039.04,36,Salaried,3.0508,0.4215,0.3875,High
C06626,45,31-45,20208.43,721.0,50298.45,17.9,16004.57,5000.0,0,1,4424.98,24,Self-employed,3.281,2.9691,0.219,Medium
C06627,56,46-65,70002.07,644.0,173046.91,15.2,85843.96,5000.0,0,4,15767.28,24,Salaried,3.6983,0.8571,0.2252,High
C06628,48,46-65,142672.7,672.0,199384.46,4.6,23054.09,8664.17,1,0,927.51,36,Self-employed,1.5591,0.7287,0.0065,Low
C06629,40,31-45,39833.96,790.0,118775.94,5.1,70992.43,5000.0,0,0,9215.89,60,Salaried,4.764,1.5063,0.2314,Low
C06630,34,31-45,59550.62,585.0,178110.22,10.6,59396.97,5000.0,0,1,20037.91,36,Salaried,3.9883,1.0075,0.3365,High
C06631,42,31-45,52076.7,700.0,147296.71,10.4,7868.98,5000.0,0,1,26013.4,60,Self-employed,2.9796,1.1521,0.4995,Medium
C06632,23,21-30,44625.93,740.0,152907.97,8.1,65691.71,5000.0,0,0,3117.17,60,Salaried,4.8985,1.3445,0.0699,Low
C06633,29,21-30,74360.86,693.0,247032.62,14.5,32730.45,5000.0,0,2,40559.11,60,Salaried,3.7622,0.8069,0.5454,Low
C06634,54,46-65,31877.66,559.0,85538.38,11.6,45791.07,5000.0,0,1,0.0,36,Salaried,4.1198,1.8822,0.0,High
C06635,60,46-65,61151.5,781.0,50794.74,9.6,76917.99,5000.0,0,0,10104.88,12,Salaried,2.0885,0.9812,0.1652,Low
C06636,25,21-30,86330.6,664.0,168583.93,5.5,83465.64,5000.0,0,1,25207.06,48,Salaried,2.9196,0.695,0.292,Low
C06637,25,21-30,57747.83,640.0,141547.67,11.8,22722.55,5000.0,1,2,19495.21,36,Salaried,2.8446,1.039,0.3376,High
C06638,24,21-30,37497.53,657.0,84616.37,9.5,32387.41,5000.0,0,2,11484.06,24,Self-employed,3.1203,1.6001,0.3063,High
C06639,56,46-65,114547.46,651.0,214902.52,5.9,140699.41,6791.25,0,0,79179.05,48,Business,3.1044,0.7115,0.6912,Medium
C06640,35,31-45,97127.89,591.0,176364.46,6.2,83938.61,6848.64,2,0,25562.94,24,Salaried,2.68,0.8461,0.2632,High
C06641,35,31-45,36661.76,692.0,132801.38,4.6,62164.88,5000.0,0,1,14981.63,36,Business,5.318,1.6366,0.4086,Medium
C06642,21,21-30,31900.7,635.0,58188.85,9.0,27459.49,5000.0,0,3,17425.37,36,Salaried,2.6848,1.8808,0.5462,Medium
C06643,64,46-65,38506.57,730.0,29879.31,13.3,59893.41,5000.0,1,3,8519.29,60,Business,2.3314,1.5582,0.2212,Medium
C06644,40,31-45,87732.07,719.0,237574.08,3.4,75249.33,5000.0,0,3,59041.97,24,Salaried,3.5657,0.6839,0.673,Low
C06645,56,46-65,75637.51,802.0,89498.13,6.0,86609.15,5000.0,0,1,0.0,36,Salaried,2.3283,0.7933,0.0,Low
C06646,52,46-65,100376.97,664.0,108685.4,13.8,22089.6,5000.0,0,1,4797.95,12,Salaried,1.3028,0.5977,0.0478,Low
C06647,27,21-30,54326.09,620.0,121885.67,6.7,23551.07,5000.0,0,2,8880.12,48,Salaried,2.6771,1.1044,0.1635,Medium
C06648,57,46-65,39086.75,570.0,126219.93,8.2,38458.6,5000.0,0,0,19368.43,60,Business,4.2132,1.535,0.4955,High
C06649,45,31-45,107743.44,845.0,149404.53,4.0,145493.78,5000.0,0,2,46808.61,60,Salaried,2.737,0.5569,0.4344,Low
C06650,48,46-65,47941.93,,73999.21,3.7,88948.27,5000.0,0,2,6143.79,24,Self-employed,3.3989,1.2515,0.1282,Medium
C06651,30,21-30,72023.23,628.0,118943.86,5.8,23756.54,5000.0,0,0,31942.11,36,Business,1.9813,0.8331,0.4435,Low
C06652,59,46-65,27713.75,807.0,77604.32,7.1,38952.22,5000.0,2,4,10654.94,48,Self-employed,4.2057,2.165,0.3845,High
C06653,62,46-65,47512.44,782.0,69688.14,10.3,29579.67,5000.0,1,1,14282.19,36,Salaried,2.0893,1.2628,0.3006,Low
C06654,39,31-45,113245.18,579.0,173924.82,19.2,201324.34,5000.0,1,1,45849.81,36,Business,3.3136,0.5298,0.4049,High
C06655,25,21-30,43835.16,623.0,103440.81,3.7,0.0,5000.0,0,3,12782.57,36,Salaried,2.3598,1.3688,0.2916,Medium
C06656,59,46-65,101734.29,670.0,354049.52,2.4,112389.25,5000.0,1,1,38574.8,36,Salaried,4.5849,0.5898,0.3792,High
C06657,60,46-65,18035.22,600.0,15689.1,2.2,15535.29,5000.0,0,1,20825.2,12,Salaried,1.7313,3.3268,1.1547,Low
C06658,43,31-45,47785.48,673.0,102422.13,8.9,48887.63,5000.0,0,0,0.0,48,Salaried,3.1664,1.2556,0.0,Medium
C06659,47,46-65,59153.88,733.0,175166.75,10.4,87652.51,5000.0,1,0,28494.63,60,Self-employed,4.443,1.0143,0.4817,Medium
C06660,31,31-45,169488.39,577.0,146971.67,4.9,264801.17,9517.1,0,1,72220.27,60,Salaried,2.4295,0.6738,0.4261,Low
C06661,24,21-30,34171.87,702.0,118568.49,8.5,17481.33,5000.0,0,1,19294.99,60,Salaried,3.9813,1.7558,0.5646,High
C06662,63,46-65,94013.05,768.0,126017.19,14.6,10140.72,5000.0,0,2,54960.8,60,Self-employed,1.4483,0.6382,0.5846,Low
C06663,42,31-45,116244.97,710.0,74161.75,6.7,46189.78,5000.0,0,0,54520.42,36,Business,1.0353,0.5162,0.469,Low
C06664,33,31-45,43709.61,674.0,19965.83,6.3,20190.41,5000.0,0,0,12281.04,36,Salaried,0.9187,1.3727,0.281,Low
C06665,52,46-65,52928.88,630.0,29059.03,3.2,56363.49,5000.0,1,1,4933.21,36,Salaried,1.6139,1.1336,0.0932,Low
C06666,22,21-30,70265.65,742.0,218017.88,10.0,31964.68,5000.0,1,0,15325.97,36,Salaried,3.5577,0.8539,0.2181,Medium
C06667,24,21-30,28776.83,592.0,51768.84,4.6,5697.36,5000.0,0,2,7487.72,60,Salaried,1.997,2.085,0.2602,Medium
C06668,31,31-45,50606.52,698.0,144764.48,11.7,7527.58,5000.0,0,4,35748.11,36,Self-employed,3.0093,1.1856,0.7064,Medium
C06669,41,31-45,131137.83,682.0,349330.79,6.6,202355.17,7461.07,0,3,19492.92,36,Salaried,4.2069,0.6827,0.1486,Medium
C06670,37,31-45,86647.44,764.0,124696.74,7.1,35787.5,5960.67,0,2,13143.95,60,Salaried,1.8522,0.8255,0.1517,Low
C06671,29,21-30,59630.91,636.0,191353.73,1.8,82372.31,5000.0,0,3,4498.18,36,Salaried,4.5903,1.0062,0.0754,High
C06672,36,31-45,69170.68,643.0,208380.15,14.9,66570.26,5000.0,1,0,21571.19,12,Salaried,3.975,0.8674,0.3119,High
C06673,36,31-45,89468.38,587.0,106832.0,12.9,75298.94,5000.0,1,1,57876.86,48,Salaried,2.0357,0.6706,0.6469,Low
C06674,44,31-45,99406.04,713.0,273282.0,4.5,147583.37,5000.0,1,0,2415.42,36,Self-employed,4.2338,0.6036,0.0243,Medium
C06675,46,46-65,47863.8,648.0,147946.78,11.8,3875.95,5000.0,0,1,32167.63,48,Salaried,3.172,1.2536,0.6721,High
C06676,60,46-65,151181.91,615.0,265127.71,3.6,191434.67,5000.0,1,1,94070.69,48,Salaried,3.02,0.3969,0.6222,Medium
C06677,57,46-65,134072.24,622.0,70910.96,11.9,47735.8,6699.32,1,1,55475.09,36,Salaried,0.8849,0.5996,0.4138,Low
C06678,34,31-45,94337.52,720.0,112742.11,10.5,34488.41,5226.42,0,4,56215.79,60,Self-employed,1.5607,0.6648,0.5959,Low
C06679,61,46-65,40884.84,597.0,131620.98,18.4,59989.03,5000.0,1,2,14081.39,48,Self-employed,4.6866,1.4675,0.3444,High
C06680,44,31-45,37086.91,604.0,92150.24,10.3,0.0,5000.0,0,1,13133.65,24,Salaried,2.4847,1.6178,0.3541,High
C06681,29,21-30,54312.54,,152535.38,4.2,22796.37,5000.0,1,1,39277.57,12,Salaried,3.2282,1.1047,0.7232,High
C06682,36,31-45,67209.06,668.0,227974.9,8.5,0.0,5000.0,2,3,3441.51,24,Salaried,3.392,0.8927,0.0512,High
C06683,54,46-65,24574.68,752.0,8457.66,6.5,11963.34,5000.0,0,2,8505.03,36,Salaried,0.831,2.4415,0.3461,Low
C06684,57,46-65,85325.09,653.0,289302.59,17.8,117293.37,5000.0,0,0,5741.48,24,Business,4.7653,0.7032,0.0673,Medium
C06685,37,31-45,131959.03,680.0,260626.51,2.6,0.0,5000.0,0,1,6905.6,36,Self-employed,1.9751,0.4547,0.0523,Low
C06686,28,21-30,89250.59,,224250.26,8.3,89280.69,5000.0,0,2,13299.86,24,Salaried,3.5129,0.6723,0.149,Low
C06687,29,21-30,44815.69,784.0,67166.25,4.1,54319.69,5000.0,0,1,8978.33,12,Self-employed,2.7108,1.3388,0.2003,Low
C06688,25,21-30,41991.42,778.0,48247.27,20.5,95383.81,5000.0,0,0,18442.25,36,Salaried,3.4205,1.4289,0.4392,Low
C06689,52,46-65,76654.33,766.0,110953.87,8.9,124379.71,5000.0,0,2,0.0,24,Business,3.0701,0.7827,0.0,Medium
C06690,43,31-45,59744.09,633.0,76442.39,11.0,1320.32,5000.0,0,1,1720.37,36,Salaried,1.3016,1.0043,0.0288,Low
C06691,41,31-45,82935.23,606.0,34393.22,6.5,35963.03,5821.17,2,1,50595.82,36,Self-employed,0.8483,0.8423,0.6101,Low
C06692,51,46-65,90498.57,737.0,123518.89,12.0,84773.06,5000.0,1,1,2850.27,36,Salaried,2.3016,0.663,0.0315,Low
C06693,58,46-65,118501.67,783.0,273558.7,4.2,120694.2,5000.0,0,0,80798.55,36,Salaried,3.327,0.5063,0.6818,Low
C06694,56,46-65,34873.23,767.0,120569.25,4.4,42601.52,5000.0,0,0,10132.68,36,Self-employed,4.679,1.7205,0.2906,Medium
C06695,27,21-30,73425.97,681.0,24008.98,17.6,107906.76,5000.0,0,4,49001.88,24,Salaried,1.7966,0.8171,0.6674,Low
C06696,47,46-65,53222.22,735.0,5000.0,29.3,52006.34,5000.0,0,1,4329.12,36,Business,1.0711,1.1273,0.0813,Low
C06697,60,46-65,61567.74,736.0,129962.74,2.0,54748.97,5000.0,0,2,0.0,24,Salaried,3.0001,0.9745,0.0,Low
C06698,55,46-65,104565.34,691.0,258695.39,5.3,104577.97,5803.41,0,0,69587.43,36,Salaried,3.4741,0.666,0.6655,Low
C06699,35,31-45,111008.47,694.0,228723.94,14.5,9684.69,5000.0,0,0,64064.25,48,Salaried,2.1477,0.5405,0.5771,Low
C06700,38,31-45,140264.69,687.0,482850.22,10.5,92118.91,6979.77,0,0,47843.04,48,Self-employed,4.0992,0.5971,0.3411,Medium
C06701,61,46-65,82143.02,621.0,81880.94,4.6,26117.79,5000.0,0,2,14885.99,60,Salaried,1.3148,0.7304,0.1812,Low
C06702,22,21-30,61183.53,629.0,115939.69,6.3,77535.0,5000.0,1,0,28697.26,48,Salaried,3.1622,0.9807,0.469,High
C06703,44,31-45,,627.0,196323.73,4.9,59109.97,5000.0,0,3,35739.51,24,Business,4.5161,1.0608,0.6319,Medium
C06704,26,21-30,25034.93,560.0,65082.15,11.5,49394.36,5000.0,0,1,0.0,12,Business,4.5727,2.3967,0.0,High
C06705,61,46-65,135807.92,,276906.33,4.6,122774.2,9445.39,1,1,40322.22,12,Self-employed,2.943,0.8346,0.2969,Medium
C06706,22,21-30,54453.28,677.0,174433.56,6.3,1336.15,5000.0,0,0,19966.57,12,Salaried,3.2279,1.1019,0.3667,Medium
C06707,22,21-30,85852.5,737.0,118735.89,12.8,32905.38,5000.0,0,1,23258.31,48,Salaried,1.7663,0.6989,0.2709,Low
C06708,35,31-45,94427.78,775.0,67781.16,9.5,138317.6,5725.64,0,0,59262.88,36,Self-employed,2.1826,0.7276,0.6276,Low
C06709,30,21-30,32768.37,779.0,18923.19,15.7,0.0,5000.0,0,0,0.0,36,Salaried,0.5775,1.831,0.0,Low
C06710,43,31-45,39116.59,786.0,104818.91,4.5,24770.24,5000.0,0,0,0.0,36,Self-employed,3.3129,1.5339,0.0,Medium
C06711,34,31-45,152208.03,623.0,454479.36,6.2,32508.95,5000.0,0,0,72181.7,24,Salaried,3.1995,0.3942,0.4742,Medium
C06712,37,31-45,76258.34,573.0,77014.68,4.1,98149.12,5000.0,0,2,32023.28,24,Salaried,2.297,0.7868,0.4199,Medium
C06713,46,46-65,47231.69,750.0,59896.93,5.6,34103.89,5000.0,0,2,0.0,60,Salaried,1.9902,1.2703,0.0,Low
C06714,46,46-65,60636.46,784.0,104497.97,2.9,45115.11,5000.0,1,0,22819.16,24,Salaried,2.4674,0.9895,0.3763,Low
C06715,63,46-65,118133.76,797.0,79676.32,1.0,179080.41,5000.0,0,0,41157.36,24,Self-employed,2.1904,0.5079,0.3484,Low
C06716,42,31-45,108663.97,716.0,319952.47,2.5,124041.22,5000.0,0,3,8253.91,60,Salaried,4.0859,0.5522,0.076,Low
C06717,46,46-65,29021.66,530.0,49763.03,13.1,38326.44,5000.0,0,1,12803.07,60,Salaried,3.0353,2.0674,0.4412,High
C06718,51,46-65,159691.43,707.0,500000.0,2.7,11660.66,11289.26,0,2,24386.2,12,Salaried,3.2041,0.8483,0.1527,Medium
C06719,28,21-30,110583.26,722.0,288030.2,10.2,22084.44,5000.0,0,0,47238.61,48,Self-employed,2.8044,0.5426,0.4272,Low
C06720,51,46-65,59771.32,774.0,51329.61,5.8,55544.59,5000.0,0,2,9702.72,36,Self-employed,1.7881,1.0038,0.1623,Low
C06721,59,46-65,33748.63,787.0,83312.71,6.5,66361.41,5000.0,1,2,0.0,24,Salaried,4.435,1.7778,0.0,High
C06722,35,31-45,116058.23,748.0,298543.19,3.0,70687.12,5042.35,1,2,75445.33,12,Self-employed,3.1814,0.5214,0.6501,Medium
C06723,29,21-30,84472.19,636.0,100499.04,5.1,45224.4,5000.0,0,1,12854.49,36,Self-employed,1.7251,0.7103,0.1522,Low
C06724,36,31-45,29154.18,603.0,34534.92,9.0,23359.64,5000.0,0,1,19089.33,48,Salaried,1.9858,2.058,0.6548,Low
C06725,33,31-45,57210.89,720.0,169663.86,2.7,53783.15,5000.0,0,1,22371.78,48,Salaried,3.9057,1.0488,0.391,Medium
C06726,47,46-65,350000.0,621.0,500000.0,4.8,30291.28,20479.46,0,2,16459.16,48,Salaried,1.5151,0.7022,0.047,Low
C06727,59,46-65,65592.62,791.0,182930.82,8.1,102479.86,5000.0,0,0,51408.9,24,Business,4.3513,0.9147,0.7838,Low
C06728,47,46-65,43220.0,552.0,58516.33,10.4,66182.35,5000.0,1,1,18069.04,36,Salaried,2.8852,1.3882,0.4181,High
C06729,26,21-30,37326.9,723.0,94091.86,6.6,37270.27,5000.0,1,1,14438.69,24,Business,3.5192,1.6074,0.3868,High
C06730,35,31-45,172266.33,704.0,444413.19,20.9,259140.2,5000.0,1,1,96473.0,12,Self-employed,4.0841,0.3483,0.56,Low
C06731,52,46-65,103612.19,664.0,115765.69,7.8,16131.49,5000.0,0,1,33370.25,24,Self-employed,1.273,0.5791,0.3221,Low
C06732,35,31-45,140960.37,611.0,159497.44,11.8,105383.37,5000.0,1,2,21001.28,36,Salaried,1.8791,0.4257,0.149,Medium
C06733,47,46-65,74506.71,525.0,119072.97,9.0,17492.21,5000.0,0,1,24766.72,36,Self-employed,1.8329,0.8053,0.3324,Medium
C06734,52,46-65,129554.01,640.0,328196.7,5.9,93067.06,5000.0,0,0,50196.57,36,Salaried,3.2516,0.4631,0.3875,Low
C06735,35,31-45,40764.48,641.0,28384.79,1.6,39527.17,5000.0,0,0,9201.03,36,Salaried,1.666,1.4719,0.2257,Low
C06736,50,46-65,71080.45,763.0,229216.4,12.8,88636.86,5000.0,1,1,9584.7,36,Self-employed,4.4717,0.8441,0.1348,Medium
C06737,38,31-45,76116.62,621.0,68833.91,12.7,106733.06,5000.0,0,1,52513.26,60,Salaried,2.3066,0.7883,0.6899,Medium
C06738,27,21-30,139036.03,714.0,416038.15,20.5,248774.11,7192.03,0,3,47477.38,36,Salaried,4.7816,0.6207,0.3415,Medium
C06739,37,31-45,77459.17,583.0,60837.39,5.9,51557.75,5000.0,0,5,45622.93,36,Salaried,1.451,0.7746,0.589,Low
C06740,40,31-45,46078.93,716.0,121299.55,25.3,52367.09,5000.0,0,2,14820.27,12,Salaried,3.7689,1.3021,0.3216,Low
C06741,21,21-30,67331.48,512.0,128082.29,12.3,89533.93,5000.0,0,1,8923.32,60,Salaried,3.232,0.8911,0.1325,High
C06742,61,46-65,25851.28,837.0,60522.19,15.8,17281.18,5000.0,0,2,7594.56,24,Salaried,3.0097,2.321,0.2938,Low
C06743,44,31-45,18135.19,669.0,47807.98,3.1,11218.78,5000.0,1,1,7850.82,24,Salaried,3.2548,3.3085,0.4329,High
C06744,22,21-30,102680.79,470.0,28594.46,8.3,119271.28,6123.93,0,1,70390.29,60,Salaried,1.4401,0.7157,0.6855,Medium
C06745,60,46-65,52893.38,626.0,23285.94,18.5,18950.88,5000.0,0,0,44542.86,36,Salaried,0.7985,1.1344,0.8421,Low
C06746,59,46-65,56295.11,614.0,22889.67,3.1,77571.98,5000.0,0,1,12850.43,36,Salaried,1.7846,1.0658,0.2283,Low
C06747,21,21-30,102658.5,631.0,181411.9,0.4,101930.65,5018.23,0,0,12565.06,36,Self-employed,2.76,0.5866,0.1224,Medium
C06748,28,21-30,140154.16,653.0,398788.52,5.6,82640.1,5000.0,0,1,12317.31,36,Salaried,3.435,0.4281,0.0879,Medium
C06749,37,31-45,87213.2,630.0,40428.52,21.1,147341.45,5000.0,0,1,61691.93,36,Salaried,2.153,0.688,0.7074,Low
C06750,43,31-45,187696.69,619.0,500000.0,16.8,23431.55,6188.27,1,0,87361.88,36,Business,2.7887,0.3956,0.4654,Medium
C06751,53,46-65,85701.15,593.0,124730.58,7.7,156404.32,5000.0,0,2,29336.71,36,Salaried,3.2804,0.7001,0.3423,High
C06752,40,31-45,76753.94,742.0,246917.61,4.9,74233.8,5000.0,0,5,34470.64,36,Salaried,4.1842,0.7817,0.4491,Medium
C06753,48,46-65,74187.9,770.0,114767.11,11.1,3984.89,5000.0,0,0,20268.07,36,Business,1.6007,0.8088,0.2732,Low
C06754,21,21-30,,661.0,117569.22,16.8,3928.8,5000.0,0,1,9232.29,36,Salaried,3.7906,1.8719,0.288,High
C06755,50,46-65,109967.68,679.0,215361.07,12.3,161066.64,5689.31,0,1,51221.97,36,Business,3.4231,0.6208,0.4658,Medium
C06756,62,46-65,18000.0,596.0,57531.89,18.3,4705.36,5000.0,0,1,8919.69,48,Business,3.4576,3.3333,0.4955,High
C06757,44,31-45,47084.7,685.0,107555.1,18.4,0.0,5000.0,1,4,6875.53,60,Salaried,2.2843,1.2743,0.146,Medium
C06758,41,31-45,65824.95,697.0,67912.56,10.4,,5000.0,0,2,1854.46,60,Self-employed,2.2871,0.9115,0.0282,Low
C06759,34,31-45,,664.0,124873.49,12.7,95236.37,5000.0,0,1,28863.24,36,Salaried,5.2284,1.4252,0.6856,High
C06760,63,46-65,50699.78,710.0,101143.06,9.0,40865.72,5000.0,0,3,15107.55,36,Salaried,2.801,1.1834,0.298,Medium
C06761,22,21-30,178759.95,703.0,207851.26,1.8,148903.58,9930.42,0,1,50497.85,36,Salaried,1.9957,0.6666,0.2825,Low
C06762,33,31-45,119295.12,601.0,194863.39,9.2,161497.2,5500.31,1,2,32374.4,36,Salaried,2.9872,0.5533,0.2714,High
C06763,27,21-30,44575.4,769.0,151013.04,3.1,48716.32,5000.0,0,1,32600.19,48,Salaried,4.4807,1.346,0.7313,Low
C06764,59,46-65,50205.56,664.0,132890.89,2.8,11794.95,5000.0,0,1,15330.12,36,Business,2.8819,1.1951,0.3053,High
C06765,42,31-45,32202.21,806.0,30665.66,14.5,44335.83,5000.0,0,2,3668.77,36,Salaried,2.3291,1.8632,0.1139,Low
C06766,62,46-65,95787.66,712.0,270253.36,5.3,80351.93,5000.0,0,1,32049.46,48,Self-employed,3.6602,0.6264,0.3346,Low
C06767,50,46-65,56657.76,828.0,77208.6,6.8,0.0,5000.0,1,2,6039.35,48,Self-employed,1.3627,1.059,0.1066,Low
C06768,46,46-65,22039.38,768.0,13565.46,3.8,1269.42,5000.0,1,2,10958.23,48,Self-employed,0.6731,2.7224,0.4972,Low
C06769,44,31-45,68704.74,697.0,54454.62,4.4,84639.45,5000.0,0,0,15816.02,48,Salaried,2.0245,0.8733,0.2302,Low
C06770,30,21-30,82750.14,626.0,19461.58,7.5,22612.38,5000.0,0,1,37654.62,48,Salaried,0.5084,0.7251,0.455,Low
C06771,46,46-65,110400.52,627.0,265772.46,9.6,144651.86,5000.0,0,0,43948.75,48,Salaried,3.7176,0.5435,0.3981,Medium
C06772,51,46-65,62429.76,720.0,47359.25,7.2,31707.45,5000.0,1,1,25973.4,36,Salaried,1.2665,0.9611,0.416,Low
C06773,64,46-65,52953.71,691.0,18019.27,10.9,9676.21,5000.0,0,1,8407.66,48,Salaried,0.523,1.1331,0.1588,Low
C06774,45,31-45,193801.19,636.0,263905.11,13.2,336976.8,11466.86,1,0,10675.87,60,Salaried,3.1005,0.71,0.0551,High
C06775,63,46-65,65235.88,742.0,204140.39,2.2,93084.08,5000.0,0,1,20598.81,12,Salaried,4.5562,0.9197,0.3158,Low
C06776,63,46-65,96558.23,683.0,196800.69,11.3,103268.69,5000.0,0,3,13857.56,36,Salaried,3.1077,0.6214,0.1435,Medium
C06777,44,31-45,48310.09,743.0,99140.97,9.2,51941.38,5000.0,0,2,8127.43,24,Salaried,3.1273,1.242,0.1682,Low
C06778,40,31-45,94996.27,607.0,245873.98,9.1,110822.45,5000.0,0,3,66353.35,36,Salaried,3.7548,0.6316,0.6985,Medium
C06779,27,21-30,29188.98,755.0,24743.47,3.3,0.0,5000.0,0,0,7649.53,24,Salaried,0.8477,2.0556,0.2621,Low
C06780,33,31-45,50413.05,718.0,163634.71,6.1,43829.64,5000.0,0,4,3405.1,48,Salaried,4.1153,1.1902,0.0675,High
C06781,60,46-65,33442.8,770.0,33451.81,11.9,10239.24,5000.0,0,1,9867.02,36,Salaried,1.3064,1.7941,0.295,Low
C06782,27,21-30,46602.4,753.0,30531.38,2.9,102237.55,5000.0,1,0,3928.73,24,Business,2.849,1.2875,0.0843,Medium
C06783,38,31-45,129301.36,674.0,168538.93,28.2,127046.19,5000.0,0,0,67031.21,48,Salaried,2.286,0.464,0.5184,Low
C06784,52,46-65,46414.32,668.0,17404.44,14.6,73691.18,5000.0,1,1,37876.12,36,Salaried,1.9627,1.2927,0.816,Medium
C06785,31,31-45,96488.92,814.0,58572.45,4.1,37692.05,5000.0,0,0,66255.13,36,Business,0.9977,0.6218,0.6867,Low
C06786,64,46-65,149737.4,658.0,392135.23,6.4,108194.71,10551.66,0,0,12034.75,36,Self-employed,3.3414,0.8456,0.0804,Medium
C06787,50,46-65,64021.55,736.0,103608.17,2.6,47009.43,5000.0,1,0,27307.57,36,Salaried,2.3526,0.9372,0.4265,Low
C06788,22,21-30,112275.89,651.0,30709.57,14.9,90191.57,7258.02,1,0,6859.26,36,Self-employed,1.0768,0.7757,0.0611,Low
C06789,32,31-45,87050.16,540.0,196966.16,7.3,76527.72,5000.0,0,0,49542.86,60,Salaried,3.1418,0.6893,0.5691,Medium
C06790,54,46-65,69298.8,588.0,162503.49,9.4,112405.78,5000.0,0,3,16029.91,36,Self-employed,3.967,0.8658,0.2313,High
C06791,59,46-65,98205.36,710.0,312199.0,8.1,71695.19,5000.0,0,1,10332.27,36,Business,3.9091,0.611,0.1052,Medium
C06792,62,46-65,178815.26,733.0,110912.39,12.4,68667.85,7622.42,0,2,24548.82,48,Business,1.0043,0.5115,0.1373,Low
C06793,59,46-65,45781.93,711.0,132551.52,4.0,,5000.0,1,0,7133.15,12,Business,4.0172,1.3106,0.1558,High
C06794,24,21-30,38352.77,766.0,103526.3,32.8,9529.1,5000.0,1,3,2579.14,36,Self-employed,2.9478,1.5644,0.0672,Medium
C06795,53,46-65,37134.05,709.0,80540.55,12.4,62642.47,5000.0,1,1,18826.57,36,Salaried,3.8558,1.6158,0.507,High
C06796,25,21-30,112316.71,622.0,123683.36,13.4,148668.24,5000.0,1,1,48233.81,36,Salaried,2.4249,0.5342,0.4294,High
C06797,24,21-30,120969.62,725.0,200313.22,9.9,185353.47,8407.64,0,4,7420.0,36,Self-employed,3.1881,0.834,0.0613,Medium
C06798,52,46-65,,693.0,49478.3,3.9,86711.1,5000.0,0,2,12863.5,24,Salaried,2.8152,1.2403,0.2659,Medium
C06799,42,31-45,20077.1,637.0,51425.94,6.5,15014.36,5000.0,0,1,5198.42,48,Salaried,3.3093,2.9885,0.2589,Medium
C06800,50,46-65,44847.64,715.0,109592.65,5.9,43475.8,5000.0,0,1,10967.36,36,Salaried,3.4131,1.3379,0.2445,High
C06801,59,46-65,87856.7,686.0,58561.55,16.6,89126.79,5000.0,0,1,16892.99,60,Salaried,1.681,0.6829,0.1923,Low
C06802,24,21-30,62657.89,635.0,41524.56,4.3,56513.11,5000.0,1,1,29117.82,36,Salaried,1.5647,0.9576,0.4647,Medium
C06803,44,31-45,71778.04,667.0,211805.55,8.5,79489.35,5000.0,0,1,16801.19,24,Salaried,4.0583,0.8359,0.2341,Medium
C06804,58,46-65,48742.33,786.0,86485.88,3.1,97934.42,5000.0,0,1,0.0,24,Self-employed,3.7836,1.231,0.0,Medium
C06805,40,31-45,113537.85,784.0,217573.9,12.2,107475.84,5613.62,0,1,75644.89,36,Business,2.8629,0.5933,0.6663,Low
C06806,44,31-45,78503.46,694.0,247428.5,5.0,121190.3,5000.0,1,0,33372.61,24,Business,4.6956,0.7643,0.4251,Medium
C06807,43,31-45,89742.3,684.0,71506.54,13.0,100458.18,5588.58,1,4,22128.08,60,Salaried,1.9162,0.7473,0.2466,Medium
C06808,61,46-65,70942.76,573.0,162481.89,15.5,86694.94,5000.0,0,0,38575.69,60,Business,3.5124,0.8458,0.5438,Medium
C06809,23,21-30,86729.13,809.0,242044.36,24.3,43322.75,5000.0,0,1,21622.98,24,Salaried,3.2903,0.6918,0.2493,Low
C06810,60,46-65,83646.68,758.0,101770.52,7.4,54220.09,5000.0,0,1,21177.8,60,Salaried,1.8649,0.7173,0.2532,Low
C06811,57,46-65,39015.0,736.0,45606.07,9.8,65905.74,5000.0,0,2,15840.48,48,Salaried,2.8582,1.5379,0.406,Low
C06812,57,46-65,79803.87,509.0,246344.81,8.1,129663.04,5429.59,0,2,14127.2,24,Salaried,4.7116,0.8164,0.177,High
C06813,39,31-45,100455.69,683.0,54860.15,6.3,91428.97,5764.19,0,2,52358.47,36,Self-employed,1.4563,0.6886,0.5212,Low
C06814,44,31-45,122696.65,670.0,81314.84,14.3,111874.49,5000.0,0,0,0.0,24,Salaried,1.5745,0.489,0.0,Low
C06815,37,31-45,81715.7,731.0,123992.03,6.1,21626.08,5000.0,0,3,24841.28,24,Salaried,1.782,0.7343,0.304,Low
C06816,32,31-45,38225.37,646.0,118350.21,12.5,4400.47,5000.0,0,2,8583.08,24,Salaried,3.2112,1.5696,0.2245,High
C06817,60,46-65,41602.6,663.0,77570.99,0.8,21673.07,5000.0,0,0,24232.55,36,Salaried,2.3855,1.4422,0.5825,Low
C06818,43,31-45,51165.01,726.0,52201.85,5.0,87072.69,5000.0,1,1,32298.61,48,Salaried,2.7221,1.1727,0.6313,Medium
C06819,53,46-65,72138.83,622.0,109120.89,14.5,46114.79,5000.0,0,0,49130.92,24,Salaried,2.1519,0.8317,0.6811,Low
C06820,25,21-30,60773.72,637.0,96459.84,8.4,64618.84,5000.0,0,0,20682.46,60,Salaried,2.6505,0.9873,0.3403,Low
C06821,56,46-65,35034.55,694.0,70370.36,15.9,58218.72,5000.0,0,0,0.0,12,Salaried,3.6704,1.7126,0.0,Medium
C06822,50,46-65,34919.35,780.0,117833.11,8.5,60222.72,5000.0,0,1,26644.18,24,Salaried,5.0991,1.7182,0.763,Low
C06823,65,46-65,20495.4,741.0,18283.2,13.9,50527.29,5000.0,0,2,9537.5,60,Business,3.3574,2.9275,0.4653,High
C06824,27,21-30,18000.0,761.0,53971.11,4.9,8568.3,5000.0,0,1,3026.62,48,Business,3.4744,3.3333,0.1681,Medium
C06825,45,31-45,60455.48,685.0,151533.5,12.6,65787.6,5000.0,0,1,40481.32,48,Salaried,3.5947,0.9925,0.6696,Medium
C06826,44,31-45,232877.83,792.0,500000.0,11.2,251156.07,15904.6,1,2,47409.64,60,Salaried,3.2255,0.8196,0.2036,Medium
C06827,45,31-45,174620.67,549.0,368003.48,7.8,187065.52,5000.0,0,0,97056.77,24,Salaried,3.1787,0.3436,0.5558,Medium
C06828,23,21-30,37953.43,832.0,16683.07,14.0,60892.83,5000.0,0,0,0.0,60,Salaried,2.044,1.5809,0.0,Low
C06829,42,31-45,70586.16,841.0,159755.92,15.4,80411.27,5000.0,0,1,3986.0,60,Business,3.4025,0.85,0.0565,Low
C06830,34,31-45,29045.64,714.0,51081.09,13.2,43261.18,5000.0,1,1,11348.98,48,Salaried,3.2481,2.0657,0.3907,Medium
C06831,48,46-65,31586.41,742.0,70920.84,14.3,32444.74,5000.0,0,1,8047.61,60,Salaried,3.2725,1.8996,0.2548,Low
C06832,31,31-45,33642.07,677.0,17577.07,11.2,0.0,5000.0,0,1,14802.08,60,Salaried,0.5225,1.7835,0.44,Low
C06833,40,31-45,57418.3,664.0,22761.6,3.6,30995.37,5000.0,0,3,27391.39,36,Salaried,0.9362,1.045,0.477,Low
C06834,48,46-65,58793.69,634.0,34219.39,9.1,661.83,5000.0,0,0,39036.32,48,Salaried,0.5933,1.0205,0.664,Low
C06835,23,21-30,74692.03,676.0,56905.68,7.9,129274.12,5000.0,0,0,28949.28,24,Salaried,2.4926,0.8033,0.3876,Low
C06836,56,46-65,93611.79,722.0,74442.55,10.5,91619.49,6137.16,0,4,22285.31,36,Business,1.7739,0.7867,0.2381,Low
C06837,53,46-65,54006.41,711.0,57642.61,15.5,42585.79,5000.0,0,2,31612.97,48,Self-employed,1.8559,1.111,0.5854,Low
C06838,23,21-30,66307.19,829.0,23584.9,13.5,87172.47,5000.0,0,0,0.0,36,Salaried,1.6704,0.9049,0.0,Low
C06839,23,21-30,35615.84,688.0,40676.55,13.0,71307.65,5000.0,0,5,8813.77,36,Business,3.1442,1.6846,0.2475,High
C06840,59,46-65,31028.74,568.0,102973.88,1.2,834.27,5000.0,0,3,4907.84,24,Salaried,3.3455,1.9337,0.1582,High
C06841,33,31-45,28501.38,803.0,77368.3,8.0,0.0,5000.0,0,1,18763.36,36,Salaried,2.7145,2.1052,0.6583,High
C06842,59,46-65,92895.35,588.0,124126.87,6.3,58143.64,5000.0,0,1,39700.02,12,Salaried,1.9621,0.6459,0.4274,Low
C06843,43,31-45,53975.92,638.0,132471.18,12.0,35686.1,5000.0,0,0,27353.35,36,Business,3.1154,1.1116,0.5068,Medium
C06844,36,31-45,23225.97,700.0,48764.87,17.9,,5000.0,1,0,9919.46,36,Salaried,3.1598,2.5833,0.4271,Medium
C06845,33,31-45,62783.25,711.0,28023.48,10.1,40755.18,5000.0,0,2,45105.43,48,Business,1.0955,0.9557,0.7184,Low
C06846,50,46-65,32705.25,572.0,57137.03,3.0,8858.37,5000.0,0,3,0.0,60,Self-employed,2.0179,1.8346,0.0,High
C06847,25,21-30,161999.88,624.0,175131.19,8.5,20550.23,5305.54,0,2,54411.76,60,Self-employed,1.2079,0.393,0.3359,Low
C06848,39,31-45,47277.54,569.0,85351.06,0.3,76131.99,5000.0,0,0,5992.62,36,Business,3.4156,1.2691,0.1268,High
C06849,36,31-45,94558.2,727.0,62354.44,14.6,20399.67,5000.0,0,1,22321.34,48,Business,0.8752,0.6345,0.2361,Low
C06850,27,21-30,118311.02,769.0,208458.71,6.2,111070.37,5000.0,0,0,45299.32,36,Salaried,2.7008,0.5071,0.3829,Low
C06851,36,31-45,38443.0,588.0,14412.92,16.5,0.0,5000.0,2,1,19653.35,36,Self-employed,0.3749,1.5608,0.5112,Medium
C06852,44,31-45,67776.34,755.0,73830.24,16.8,16782.83,5000.0,0,3,17469.92,48,Self-employed,1.3369,0.8853,0.2578,Low
C06853,51,46-65,88128.38,750.0,214011.58,19.0,109838.37,5000.0,0,3,1920.2,12,Salaried,3.6748,0.6808,0.0218,Low
C06854,24,21-30,69264.86,631.0,66462.25,6.1,114266.03,5000.0,0,1,6702.33,24,Salaried,2.6092,0.8662,0.0968,Low
C06855,60,46-65,79280.54,531.0,128797.34,26.2,56029.34,5000.0,0,3,16942.79,36,Salaried,2.3313,0.7568,0.2137,Medium
C06856,60,46-65,31283.51,600.0,16372.87,16.5,56769.67,5000.0,1,5,10309.73,36,Salaried,2.3381,1.9179,0.3296,High
C06857,52,46-65,88155.93,635.0,234079.51,6.5,118623.72,5231.7,0,2,0.0,24,Self-employed,4.0009,0.7122,0.0,Medium
C06858,62,46-65,49749.33,796.0,108224.04,17.7,84747.06,5000.0,0,1,2706.09,36,Self-employed,3.8789,1.206,0.0544,Medium
C06859,40,31-45,78774.19,671.0,228789.79,6.3,105878.82,5000.0,0,0,22237.15,36,Salaried,4.2485,0.7617,0.2823,High
C06860,57,46-65,107811.16,604.0,199718.59,10.7,48059.17,5000.0,1,2,45291.57,36,Salaried,2.2983,0.5565,0.4201,Medium
C06861,53,46-65,93900.15,691.0,320075.39,12.7,16878.5,5000.0,0,1,7426.98,60,Salaried,3.5884,0.639,0.0791,Medium
C06862,46,46-65,78742.51,583.0,61132.27,12.1,69900.34,5184.93,1,1,20353.58,24,Salaried,1.6641,0.7902,0.2585,Low
C06863,29,21-30,,719.0,245453.85,5.1,100237.18,6410.31,0,0,551.05,36,Salaried,3.7359,0.8313,0.006,Medium
C06864,46,46-65,94918.0,607.0,155020.52,18.6,59123.41,5000.0,2,1,29130.33,36,Salaried,2.2561,0.6321,0.3069,High
C06865,61,46-65,147955.7,618.0,217469.9,15.0,259326.09,9677.32,0,2,10791.21,36,Salaried,3.2226,0.7849,0.0729,Medium
C06866,65,46-65,63794.02,708.0,168577.38,22.0,40668.54,5000.0,0,1,41696.87,48,Self-employed,3.28,0.9405,0.6536,Low
C06867,41,31-45,71133.87,811.0,248917.75,18.3,116216.16,5000.0,0,1,14321.98,24,Salaried,5.1331,0.8435,0.2013,Low
C06868,32,31-45,108529.72,845.0,301732.96,16.3,79458.24,5000.0,0,0,21373.32,36,Self-employed,3.5123,0.5528,0.1969,Low
C06869,54,46-65,49633.9,602.0,52054.81,16.5,90045.34,5000.0,0,1,21614.59,36,Salaried,2.863,1.2089,0.4355,Medium
C06870,24,21-30,31186.65,635.0,52768.44,12.6,33969.54,5000.0,0,0,11416.2,24,Salaried,2.7813,1.9239,0.3661,Medium
C06871,27,21-30,85256.46,719.0,74695.25,8.1,61269.11,5000.0,0,3,40990.77,24,Salaried,1.5948,0.7038,0.4808,Low
C06872,46,46-65,58036.62,768.0,122233.24,13.0,79423.59,5000.0,1,1,15574.79,36,Business,3.4746,1.0338,0.2684,Medium
C06873,65,46-65,33456.54,518.0,47706.97,4.8,38719.1,5000.0,0,1,76.05,48,Self-employed,2.5832,1.7934,0.0023,High
C06874,35,31-45,85600.0,687.0,81272.03,17.6,134554.37,5000.0,0,1,37778.22,24,Self-employed,2.5213,0.7009,0.4413,Low
C06875,40,31-45,142809.34,643.0,30281.62,30.8,159363.9,6273.68,0,0,85405.77,12,Salaried,1.328,0.5272,0.598,Low
C06876,35,31-45,26523.44,536.0,86199.93,13.3,0.0,5000.0,0,2,0.0,48,Self-employed,3.25,2.2622,0.0,Medium
C06877,40,31-45,114053.32,580.0,37797.36,6.8,139293.56,5371.75,0,0,11652.98,12,Self-employed,1.5527,0.5652,0.1022,Low
C06878,21,21-30,18000.0,637.0,27621.78,4.4,29245.22,5000.0,0,1,10033.57,36,Salaried,3.1593,3.3333,0.5574,Medium
C06879,47,46-65,52155.5,684.0,45432.18,7.9,54314.57,5000.0,0,2,21412.85,12,Salaried,1.9125,1.1504,0.4106,Low
C06880,47,46-65,178872.1,756.0,315297.52,16.6,109795.44,8852.14,0,1,82881.62,60,,2.3765,0.5939,0.4634,Low
C06881,35,31-45,54261.18,707.0,30642.99,12.1,55484.11,5000.0,0,0,10548.25,24,Salaried,1.5873,1.1058,0.1944,Low
C06882,32,31-45,68296.15,751.0,190986.14,10.7,99974.82,5000.0,0,0,12086.76,36,Self-employed,4.2603,0.8785,0.177,Low
C06883,55,46-65,98885.61,682.0,106789.82,8.5,181832.42,5000.0,0,2,44722.21,36,Salaried,2.9187,0.6068,0.4523,Medium
C06884,29,21-30,25287.92,627.0,21851.16,11.6,15816.7,5000.0,0,1,343.99,60,Business,1.4896,2.3727,0.0136,Low
C06885,23,21-30,67629.17,666.0,55664.55,2.9,14560.08,5000.0,0,0,8027.73,12,Self-employed,1.0384,0.8872,0.1187,Low
C06886,22,21-30,67336.64,732.0,87686.93,7.2,58226.26,5000.0,0,1,31987.51,48,Salaried,2.1669,0.891,0.475,Low
C06887,60,46-65,181030.19,757.0,421097.4,6.9,232219.9,11408.44,0,1,30492.85,48,Self-employed,3.6089,0.7562,0.1684,Low
C06888,37,31-45,32941.39,669.0,25967.39,7.2,23034.76,5000.0,0,0,13890.36,60,Salaried,1.4876,1.8214,0.4217,Low
C06889,25,21-30,52696.06,610.0,140601.38,14.9,76125.71,5000.0,0,1,15189.87,24,Salaried,4.1128,1.1386,0.2883,High
C06890,60,46-65,39008.97,705.0,53969.76,2.7,67827.01,5000.0,0,1,578.34,48,Salaried,3.1223,1.5381,0.0148,Medium
C06891,27,21-30,36798.64,716.0,22898.06,7.2,73030.15,5000.0,0,0,16224.8,60,Salaried,2.6068,1.6305,0.4409,Low
C06892,36,31-45,120838.96,772.0,118934.71,9.6,37754.92,5000.0,0,1,32460.95,48,Business,1.2967,0.4965,0.2686,Low
C06893,21,21-30,65959.81,629.0,127558.89,8.4,45521.85,5000.0,0,2,29596.36,24,Self-employed,2.624,0.9096,0.4487,Low
C06894,51,46-65,,630.0,74294.76,8.6,26002.56,5000.0,0,1,23922.96,24,Salaried,2.0945,1.253,0.4996,Medium
C06895,52,46-65,48889.96,737.0,103405.11,2.6,94053.61,5000.0,1,2,15169.66,36,Salaried,4.0388,1.2272,0.3103,Medium
C06896,55,46-65,47684.79,649.0,121432.97,11.4,53586.46,5000.0,1,1,13211.6,24,Salaried,3.6703,1.2583,0.2771,High
C06897,32,31-45,50088.7,646.0,15593.2,3.2,17922.15,5000.0,0,1,0.0,48,Salaried,0.6691,1.1979,0.0,Low
C06898,35,31-45,32425.41,774.0,66630.62,4.2,30636.77,5000.0,0,2,15668.74,36,Business,2.9997,1.8504,0.4832,Low
C06899,63,46-65,56378.4,577.0,80954.91,14.8,122788.91,5000.0,0,2,30071.41,60,Salaried,3.6139,1.0642,0.5334,High
C06900,57,46-65,53347.31,834.0,45696.9,9.5,13880.38,5000.0,0,1,36989.29,48,Self-employed,1.1168,1.1247,0.6934,Low
C06901,22,21-30,42845.43,634.0,47440.84,6.2,29232.12,5000.0,0,1,28189.95,48,Salaried,1.7895,1.4004,0.6579,Low
C06902,52,46-65,70786.1,745.0,146003.06,26.4,79674.98,5000.0,0,2,15812.83,60,Salaried,3.1882,0.8476,0.2234,Low
C06903,57,46-65,74167.53,672.0,162270.65,7.3,4533.89,5000.0,0,0,41572.71,36,Salaried,2.249,0.809,0.5605,Low
C06904,46,46-65,47857.67,700.0,120354.0,4.1,43478.98,5000.0,0,1,32191.13,36,Business,3.4233,1.2537,0.6726,Medium
C06905,49,46-65,60046.15,660.0,14078.82,2.0,84353.58,5000.0,0,3,23088.38,36,Salaried,1.6393,0.9992,0.3845,Low
C06906,21,21-30,213072.04,744.0,360223.07,16.5,19197.92,5000.0,0,1,75159.43,60,Self-employed,1.7807,0.2816,0.3527,Low
C06907,22,21-30,208643.19,654.0,500000.0,14.0,242110.56,8775.16,0,1,91695.14,36,Salaried,3.5568,0.5047,0.4395,Low
C06908,22,21-30,36402.51,637.0,61473.5,9.1,68477.71,5000.0,1,0,8538.61,60,Salaried,3.5698,1.6482,0.2346,High
C06909,28,21-30,39308.51,816.0,81396.62,5.3,38973.66,5000.0,0,2,3183.93,24,Salaried,3.0622,1.5264,0.081,High
C06910,65,46-65,36296.29,,78011.71,12.6,28203.28,5000.0,0,1,0.0,36,Salaried,2.9263,1.6531,0.0,High
C06911,49,46-65,116252.78,629.0,190275.57,13.6,159539.64,5161.13,0,1,72169.99,36,Salaried,3.0091,0.5327,0.6208,Medium
C06912,56,46-65,52205.93,568.0,5000.0,0.8,50149.36,5000.0,0,1,3907.34,48,Salaried,1.0564,1.1493,0.0748,Low
C06913,34,31-45,74158.75,820.0,175250.12,4.1,29221.78,5000.0,0,1,21830.98,60,Salaried,2.7572,0.8091,0.2944,Low
C06914,63,46-65,194945.36,639.0,379714.94,14.9,81137.59,13317.44,1,0,101604.82,36,Self-employed,2.364,0.8198,0.5212,High
C06915,29,21-30,64626.96,835.0,16843.71,3.3,111646.86,5000.0,0,0,4029.48,36,Salaried,1.9882,0.9284,0.0623,Low
C06916,61,46-65,95853.8,710.0,75457.32,7.0,130834.86,6064.52,0,1,8559.21,36,Self-employed,2.1522,0.7592,0.0893,Low
C06917,22,21-30,86541.03,691.0,37047.08,8.5,13032.68,5000.0,1,1,16537.93,36,Self-employed,0.5787,0.6933,0.1911,Low
C06918,21,21-30,47033.86,693.0,107124.42,5.1,33557.32,5000.0,0,0,18379.92,48,Salaried,2.9911,1.2757,0.3908,Low
C06919,24,21-30,116387.63,846.0,40904.2,9.8,172787.01,5000.0,0,2,46244.17,48,Salaried,1.836,0.5155,0.3973,Low
C06920,56,46-65,40733.54,516.0,129203.12,5.1,57961.21,5000.0,0,0,24048.49,36,Salaried,4.5948,1.473,0.5904,High
C06921,32,31-45,135818.73,696.0,455305.41,4.1,90279.07,7832.77,0,3,11287.61,12,Business,4.017,0.692,0.0831,High
C06922,41,31-45,47053.69,660.0,147039.59,3.1,67612.85,5000.0,0,3,28914.5,36,Salaried,4.5619,1.2751,0.6145,Medium
C06923,42,31-45,49974.11,664.0,44364.11,3.0,5266.66,5000.0,1,3,15570.97,36,Business,0.9931,1.2006,0.3116,Low
C06924,56,46-65,35720.29,691.0,50381.46,16.3,25684.43,5000.0,0,2,3582.54,24,Business,2.1295,1.6797,0.1003,Medium
C06925,36,31-45,39096.96,660.0,114396.44,13.1,83753.34,5000.0,0,0,11170.87,36,Salaried,5.0682,1.5346,0.2857,Medium
C06926,21,21-30,51401.48,694.0,145616.42,9.4,,5000.0,0,2,32010.21,24,Salaried,4.1929,1.1673,0.6227,Low
C06927,38,31-45,18000.0,678.0,10484.05,8.4,26884.13,5000.0,1,0,0.0,60,Self-employed,2.076,3.3333,0.0,Low
C06928,33,31-45,57171.44,581.0,144871.86,26.1,64732.3,5000.0,0,2,0.0,60,Salaried,3.6662,1.0495,0.0,High
C06929,53,46-65,49156.12,709.0,110016.88,15.1,49752.01,5000.0,1,2,13056.98,36,Salaried,3.2502,1.2206,0.2656,Medium
C06930,54,46-65,100373.01,734.0,253782.28,19.2,171130.26,6561.43,0,3,63449.07,36,Salaried,4.2333,0.7844,0.6321,Low
C06931,25,21-30,82025.21,639.0,286362.51,8.8,0.0,5000.0,0,0,40938.71,48,Self-employed,3.4912,0.7315,0.4991,Low
C06932,56,46-65,44043.89,820.0,142084.83,5.0,70596.52,5000.0,0,0,23245.63,36,Self-employed,4.8289,1.3623,0.5278,Low
C06933,24,21-30,50510.66,780.0,88738.71,4.0,48011.01,5000.0,0,1,24331.58,36,Salaried,2.7073,1.1879,0.4817,Low
C06934,48,46-65,57131.03,743.0,50502.37,4.5,96228.18,5000.0,2,0,41190.42,48,Business,2.5683,1.0502,0.721,Medium
C06935,38,31-45,147181.04,742.0,314334.63,5.5,200366.11,5000.0,0,3,23374.3,36,Salaried,3.4971,0.4077,0.1588,Medium
C06936,34,31-45,41351.95,682.0,93702.55,8.6,47012.54,5000.0,0,3,9257.97,24,Self-employed,3.4029,1.451,0.2239,Medium
C06937,42,31-45,43751.19,766.0,93333.0,9.6,43946.72,5000.0,0,1,21971.36,60,Salaried,3.1377,1.3714,0.5022,Low
C06938,34,31-45,34941.18,798.0,47450.89,7.1,8133.92,5000.0,1,1,14296.21,48,Salaried,1.5908,1.7172,0.4092,Low
C06939,56,46-65,,741.0,62781.61,6.4,45116.44,5000.0,0,1,4266.88,60,Salaried,3.7506,2.0856,0.1483,Medium
C06940,64,46-65,76956.42,637.0,149377.67,3.4,25536.35,5000.0,0,3,54727.49,24,Salaried,2.2729,0.7797,0.7111,Low
C06941,57,46-65,72674.03,677.0,246239.51,26.7,24437.08,5000.0,1,1,24249.63,36,Salaried,3.7245,0.8256,0.3337,Medium
C06942,40,31-45,131618.33,723.0,407480.66,2.8,15805.05,7189.75,0,1,72190.86,36,Self-employed,3.216,0.6555,0.5485,Low
C06943,43,31-45,115256.75,743.0,196047.97,21.9,90237.21,6752.59,0,2,48399.66,24,Self-employed,2.4839,0.703,0.4199,Low
C06944,41,31-45,242936.83,674.0,500000.0,7.1,148916.92,11875.67,0,0,21941.26,24,Business,2.6711,0.5866,0.0903,Low
C06945,56,46-65,62411.98,637.0,126608.27,6.9,31741.8,5000.0,0,0,8277.53,60,Self-employed,2.5372,0.9614,0.1326,Medium
C06946,45,31-45,56322.61,799.0,109220.26,5.2,51612.5,5000.0,0,3,13344.68,24,Self-employed,2.8556,1.0653,0.2369,Low
C06947,42,31-45,31793.53,600.0,8631.07,12.7,29398.56,5000.0,1,1,10487.67,24,Salaried,1.1961,1.8872,0.3299,Medium
C06948,39,31-45,95345.32,609.0,226035.52,4.2,157645.63,5000.0,0,2,10801.26,48,Salaried,4.0241,0.6293,0.1133,High
C06949,37,31-45,69378.78,580.0,179902.04,8.9,81172.82,5000.0,0,2,14103.37,60,Business,3.763,0.8648,0.2033,High
C06950,45,31-45,92998.53,609.0,175616.35,11.8,175334.69,5000.0,0,3,31845.44,60,Self-employed,3.7737,0.6452,0.3424,High
C06951,52,46-65,34739.21,774.0,95485.18,1.5,7284.5,5000.0,0,1,8754.49,48,Salaried,2.9583,1.7272,0.252,Medium
C06952,40,31-45,78867.53,776.0,261942.58,5.7,49146.22,5212.59,1,1,14727.82,36,Salaried,3.9444,0.7931,0.1867,Medium
C06953,57,46-65,72765.87,674.0,203255.6,27.6,10282.71,5000.0,1,3,20814.11,36,Salaried,2.9346,0.8246,0.286,High
C06954,58,46-65,70165.49,717.0,232346.54,5.4,83817.67,5000.0,0,2,2169.93,36,Self-employed,4.506,0.8551,0.0309,Medium
C06955,40,31-45,44638.25,679.0,103365.97,4.6,81815.43,5000.0,1,0,10857.41,24,Salaried,4.1485,1.3441,0.2432,High
C06956,61,46-65,125025.26,591.0,393576.54,6.2,67262.07,8827.69,0,1,48335.14,60,Salaried,3.686,0.8473,0.3866,High
C06957,28,21-30,200749.21,846.0,500000.0,31.4,250127.31,12650.14,0,2,9271.83,48,Salaried,3.7366,0.7562,0.0462,Low
C06958,62,46-65,35293.47,783.0,79078.1,22.2,45801.41,5000.0,0,1,9581.39,36,Salaried,3.5383,1.7,0.2715,Low
C06959,34,31-45,,707.0,60255.74,8.1,29021.33,5455.3,0,1,46651.95,24,Self-employed,0.9241,0.6776,0.4829,Low
C06960,46,46-65,18000.0,616.0,11407.13,16.1,7657.65,5000.0,0,1,5851.06,24,Business,1.0592,3.3333,0.3251,Low
C06961,33,31-45,93889.89,663.0,157991.01,8.0,39090.03,5000.0,2,0,27718.89,36,Salaried,2.0991,0.639,0.2952,Low
C06962,40,31-45,23238.31,628.0,88179.24,8.9,31597.31,5000.0,0,0,12697.28,36,Salaried,5.1543,2.5819,0.5464,High
C06963,36,31-45,48698.84,687.0,96599.59,11.0,71907.61,5000.0,0,3,29131.28,60,Salaried,3.4602,1.2321,0.5982,Medium
C06964,52,46-65,31570.52,703.0,84767.24,13.8,22228.97,5000.0,0,0,17480.32,60,Salaried,3.3891,1.9005,0.5537,Medium
C06965,24,21-30,57731.38,654.0,169372.72,6.2,94675.23,5000.0,2,0,9848.41,36,Salaried,4.5737,1.0393,0.1706,High
C06966,58,46-65,103102.52,571.0,88357.21,4.4,141700.35,5972.89,0,0,29915.17,48,Salaried,2.2313,0.6952,0.2901,Medium
C06967,61,46-65,23403.02,840.0,14498.68,11.5,27349.12,5000.0,0,2,6557.05,36,Salaried,1.7881,2.5638,0.2802,Low
C06968,46,46-65,53339.3,698.0,132303.96,3.4,32415.24,5000.0,0,1,17986.42,24,Business,3.0881,1.1249,0.3372,Low
C06969,45,31-45,49010.49,714.0,57452.95,7.9,65354.14,5000.0,2,1,0.0,24,Business,2.5057,1.2242,0.0,High
C06970,52,46-65,155083.56,648.0,494951.38,7.4,166505.15,6480.98,0,2,93542.99,48,Self-employed,4.2652,0.5015,0.6032,Medium
C06971,29,21-30,82422.28,563.0,235434.43,1.9,75185.75,5000.0,1,0,35657.19,12,Salaried,3.7686,0.728,0.4326,High
C06972,54,46-65,34018.95,674.0,60234.91,4.5,36193.97,5000.0,0,1,17860.19,48,Self-employed,2.8346,1.7637,0.525,Medium
C06973,30,21-30,50157.87,656.0,103144.59,8.0,93728.68,5000.0,0,1,10020.02,48,Self-employed,3.9251,1.1962,0.1998,Medium
C06974,51,46-65,152970.42,733.0,465819.08,0.4,23340.86,10052.13,0,0,63292.94,24,Salaried,3.1977,0.7886,0.4138,Low
C06975,34,31-45,96282.66,748.0,286600.81,14.9,109464.75,5000.0,0,3,40008.76,48,Self-employed,4.1136,0.6232,0.4155,Medium
C06976,54,46-65,39226.75,737.0,68096.35,4.1,2909.61,5000.0,0,1,17133.43,12,Business,1.8101,1.5296,0.4368,Low
C06977,56,46-65,56120.35,754.0,198902.6,12.4,60204.94,5000.0,1,1,4410.16,24,Salaried,4.617,1.0691,0.0786,Medium
C06978,30,21-30,57115.6,815.0,105294.67,5.6,15404.58,5000.0,1,1,5977.66,24,Salaried,2.1132,1.0505,0.1047,Low
C06979,48,46-65,48351.5,709.0,22468.58,24.5,30389.41,5000.0,1,0,22960.82,24,Self-employed,1.0932,1.2409,0.4749,Low
C06980,43,31-45,25375.16,762.0,51973.79,8.4,0.0,5000.0,0,2,3768.35,36,Salaried,2.0482,2.3645,0.1485,Low
C06981,34,31-45,44777.03,717.0,142045.19,1.1,58927.9,5000.0,0,0,16150.8,48,Self-employed,4.4883,1.34,0.3607,High
C06982,47,46-65,139553.34,537.0,488951.23,13.8,36940.44,5000.0,0,1,31186.43,36,Salaried,3.7684,0.4299,0.2235,High
C06983,65,46-65,52707.5,668.0,30608.55,5.6,11939.05,5000.0,0,1,20062.99,36,Salaried,0.8072,1.1384,0.3806,Low
C06984,21,21-30,61411.54,615.0,107842.12,20.5,44294.54,5000.0,0,3,12987.56,60,Salaried,2.4773,0.977,0.2115,Low
C06985,64,46-65,70223.03,697.0,145812.2,35.0,0.0,5000.0,0,1,16075.06,36,Salaried,2.0764,0.8544,0.2289,Low
C06986,59,46-65,220162.31,621.0,500000.0,4.3,350000.0,12777.02,0,1,97651.78,36,Salaried,3.8608,0.6964,0.4435,Medium
C06987,44,31-45,65318.05,725.0,170054.79,5.1,2648.91,5000.0,0,0,9080.13,60,Business,2.644,0.9186,0.139,Low
C06988,48,46-65,118635.67,754.0,129115.33,6.9,198007.5,5000.0,0,4,43301.45,48,Salaried,2.7574,0.5058,0.365,Low
C06989,37,31-45,46776.84,770.0,118780.46,18.6,0.0,5000.0,0,1,691.9,36,Business,2.5393,1.2827,0.0148,Low
C06990,26,21-30,56357.63,801.0,138552.94,3.3,38741.98,5000.0,0,2,26600.0,36,Self-employed,3.1459,1.0646,0.472,Low
C06991,46,46-65,65450.31,554.0,190736.46,3.4,99894.13,5000.0,0,2,32916.49,36,Salaried,4.4405,0.9167,0.5029,High
C06992,57,46-65,42462.2,590.0,124824.59,3.0,0.0,5000.0,0,0,9117.35,48,Self-employed,2.9397,1.413,0.2147,High
C06993,31,31-45,58110.27,850.0,34674.59,2.6,90306.55,5000.0,0,4,21587.49,12,Business,2.1508,1.0325,0.3715,Low
C06994,53,46-65,105933.9,756.0,364209.05,4.4,66764.88,6887.33,0,3,30613.41,60,Salaried,4.0683,0.7802,0.289,Low
C06995,54,46-65,41853.97,697.0,72077.0,8.9,36737.16,5000.0,0,2,15159.49,48,Salaried,2.5999,1.4336,0.3622,Medium
C06996,55,46-65,65003.18,682.0,237446.95,35.0,30666.16,5000.0,0,2,39840.7,48,Self-employed,4.1246,0.923,0.6129,Medium
C06997,36,31-45,95984.88,676.0,86193.76,3.0,47720.81,5000.0,0,6,29268.76,12,Salaried,1.3952,0.6251,0.3049,Low
C06998,38,31-45,41302.83,535.0,113995.71,8.6,52345.27,5000.0,0,1,6310.71,24,Salaried,4.0274,1.4527,0.1528,High
C06999,39,31-45,118731.53,622.0,150024.48,11.2,11179.6,5404.05,0,0,38543.01,36,Salaried,1.3577,0.5462,0.3246,Low
C07000,59,46-65,67658.51,672.0,17176.36,7.0,29819.25,5000.0,0,2,15782.4,12,Salaried,0.6946,0.8868,0.2333,Low
C07001,61,46-65,59356.99,626.0,201715.85,9.4,52828.01,5000.0,0,1,11378.64,48,Salaried,4.2884,1.0108,0.1917,Medium
C07002,39,31-45,21539.88,636.0,13089.83,5.9,21261.77,5000.0,0,0,14463.7,36,Salaried,1.5948,2.7855,0.6715,Low
C07003,64,46-65,52926.3,850.0,35334.9,4.9,20041.46,5000.0,0,1,16094.56,48,Salaried,1.0463,1.1337,0.3041,Low
C07004,46,46-65,79739.34,661.0,238822.51,6.5,37608.94,5000.0,1,0,0.0,24,Salaried,3.4667,0.7525,0.0,High
C07005,38,31-45,169750.04,701.0,246921.27,16.3,60346.03,6202.43,1,1,113044.59,60,Business,1.8101,0.4385,0.6659,Low
C07006,21,21-30,88830.17,698.0,190286.51,13.0,77497.28,5571.58,0,1,65844.29,36,Self-employed,3.0146,0.7527,0.7412,Low
C07007,48,46-65,120760.13,724.0,412188.86,7.7,,5000.0,0,1,79334.99,12,Salaried,4.5623,0.4969,0.657,Low
C07008,50,46-65,33427.53,644.0,55858.86,3.0,75778.39,5000.0,0,0,15901.17,36,Salaried,3.938,1.7949,0.4757,Medium
C07009,64,46-65,60620.61,774.0,20379.23,2.2,56424.33,5000.0,1,4,20821.89,48,Salaried,1.267,0.9898,0.3435,Low
C07010,53,46-65,127204.73,713.0,310254.36,6.4,108219.77,5000.0,0,1,31560.14,24,Salaried,3.2898,0.4717,0.2481,Low
C07011,22,21-30,39890.33,583.0,128220.48,12.2,8479.02,5000.0,0,0,18695.37,12,Self-employed,3.4269,1.5041,0.4687,Medium
C07012,46,46-65,110526.99,672.0,105114.7,11.3,154850.13,5000.0,0,1,27148.59,36,Self-employed,2.352,0.5429,0.2456,Low
C07013,54,46-65,97291.55,667.0,199349.75,10.5,90349.3,6709.76,0,2,25420.88,36,Salaried,2.9776,0.8276,0.2613,Medium
C07014,43,31-45,75602.19,664.0,107265.18,2.7,116050.66,5000.0,0,1,44941.18,36,Self-employed,2.9538,0.7936,0.5944,Low
C07015,40,31-45,54249.88,718.0,28497.7,14.3,0.0,5000.0,0,0,6186.4,36,Self-employed,0.5253,1.106,0.114,Low
C07016,57,46-65,37785.48,728.0,47547.48,9.7,36352.24,5000.0,1,0,0.0,60,Salaried,2.2204,1.5879,0.0,Low
C07017,48,46-65,172577.41,719.0,500000.0,4.1,238938.92,10728.38,0,3,42335.3,24,Salaried,4.2818,0.746,0.2453,Medium
C07018,51,46-65,92011.32,705.0,111931.54,15.2,54470.63,5000.0,0,3,41032.97,60,Self-employed,1.8085,0.6521,0.446,Low
C07019,41,31-45,78392.33,686.0,71621.87,3.7,73921.38,5473.62,1,0,30124.01,24,Salaried,1.8566,0.8379,0.3843,Low
C07020,33,31-45,51796.36,519.0,180437.72,10.5,0.0,5000.0,0,0,12778.78,36,Business,3.4836,1.1584,0.2467,High
C07021,44,31-45,66368.11,738.0,90757.4,5.1,42846.24,5000.0,0,0,3233.71,36,Salaried,2.0131,0.904,0.0487,Low
C07022,64,46-65,71163.62,717.0,235486.6,6.8,24492.33,5000.0,0,0,16611.08,48,Business,3.6533,0.8431,0.2334,Medium
C07023,48,46-65,80989.45,606.0,241174.53,11.2,64397.87,5000.0,0,0,14109.88,36,Salaried,3.773,0.7408,0.1742,Medium
C07024,52,46-65,97346.27,701.0,159385.4,8.8,24799.75,5661.91,1,1,30445.67,60,Salaried,1.8921,0.698,0.3128,Medium
C07025,26,21-30,42267.9,729.0,35558.27,7.9,46541.24,5000.0,0,0,18490.72,24,Self-employed,1.9424,1.4195,0.4375,Low
C07026,65,46-65,29013.43,768.0,22303.19,4.3,63837.53,5000.0,0,0,0.0,36,Self-employed,2.969,2.068,0.0,Medium
C07027,32,31-45,68083.97,718.0,61003.84,4.8,90840.01,5000.0,0,1,43382.13,36,Salaried,2.2302,0.8813,0.6372,Low
C07028,64,46-65,24863.92,704.0,33944.94,5.0,72306.34,5000.0,0,2,1554.0,12,Self-employed,4.2733,2.4131,0.0625,Medium
C07029,41,31-45,54400.52,751.0,82853.93,16.1,30506.79,5000.0,0,4,36065.21,24,Self-employed,2.0838,1.1029,0.663,Low
C07030,62,46-65,49123.27,657.0,73003.67,27.1,67331.59,5000.0,0,1,7526.69,60,Salaried,2.8568,1.2214,0.1532,Medium
C07031,61,46-65,85186.99,711.0,241181.76,4.4,60436.41,5000.0,0,0,7273.35,36,Self-employed,3.5407,0.7043,0.0854,Low
C07032,54,46-65,193410.65,633.0,228611.38,21.3,295033.22,11433.37,0,3,36908.98,36,Salaried,2.7074,0.7094,0.1908,Medium
C07033,62,46-65,22306.15,763.0,28554.21,3.9,9893.67,5000.0,1,1,21129.44,36,Salaried,1.7236,2.6898,0.9472,Low
C07034,48,46-65,227054.26,559.0,124030.36,10.5,290783.74,15497.44,0,2,90154.47,24,Self-employed,1.8269,0.8191,0.3971,Low
C07035,59,46-65,57179.53,741.0,44994.5,3.8,30790.01,5000.0,0,0,38233.77,60,Business,1.3254,1.0493,0.6687,Low
C07036,28,21-30,78703.06,681.0,211083.63,17.1,115707.78,5000.0,0,5,28833.74,36,Business,4.1522,0.7624,0.3664,Medium
C07037,24,21-30,29851.34,752.0,75220.12,14.4,46510.17,5000.0,0,2,16139.46,48,Salaried,4.0779,2.01,0.5407,Medium
C07038,45,31-45,112467.76,621.0,170154.79,16.5,52123.45,5000.0,0,2,13982.14,12,Self-employed,1.9764,0.5335,0.1243,Low
C07039,57,46-65,66499.68,687.0,121762.1,5.9,79273.55,5000.0,0,3,7124.13,48,Salaried,3.0231,0.9023,0.1071,Medium
C07040,55,46-65,62839.27,685.0,100795.91,4.5,50119.57,5000.0,0,0,12350.24,36,Salaried,2.4016,0.9548,0.1965,Low
C07041,44,31-45,22394.73,713.0,72123.9,16.1,25071.63,5000.0,0,1,6630.84,36,Self-employed,4.3401,2.6792,0.2961,Medium
C07042,44,31-45,67692.51,601.0,113738.29,7.6,82330.78,5000.0,0,0,16727.66,60,Salaried,2.8965,0.8864,0.2471,High
C07043,48,46-65,103502.2,728.0,257455.66,7.7,125050.89,7311.04,0,2,43134.87,36,Salaried,3.6956,0.8476,0.4168,Low
C07044,60,46-65,57078.87,542.0,55248.35,5.9,78462.73,5000.0,1,2,20242.35,48,Business,2.3426,1.0512,0.3546,High
C07045,58,46-65,123989.5,630.0,193291.45,7.2,102170.16,8577.3,1,0,31015.29,12,Business,2.383,0.8301,0.2501,Medium
C07046,25,21-30,121204.55,563.0,228650.13,16.1,156817.11,5000.0,1,2,71342.66,36,Salaried,3.1803,0.495,0.5886,High
C07047,47,46-65,45685.68,742.0,14093.02,5.4,67136.22,5000.0,0,1,18504.53,36,Business,1.778,1.3133,0.405,Low
C07048,38,31-45,156287.91,710.0,320551.25,5.4,18691.45,5412.6,0,6,46978.74,36,Salaried,2.1706,0.4156,0.3006,Low
C07049,56,46-65,66639.63,714.0,133537.82,4.6,93554.9,5000.0,1,1,19015.61,24,Salaried,3.4078,0.9004,0.2853,Medium
C07050,43,31-45,66802.94,790.0,56027.84,7.2,15967.29,5000.0,1,1,44382.82,12,Salaried,1.0777,0.8982,0.6644,Low
C07051,65,46-65,68636.67,656.0,232368.13,17.0,69709.58,5000.0,1,0,38162.49,36,Salaried,4.4011,0.8742,0.556,High
C07052,40,31-45,67525.88,726.0,21944.57,4.5,10106.66,5000.0,0,0,16757.0,36,Business,0.4747,0.8885,0.2482,Low
C07053,51,46-65,18000.0,685.0,58778.08,5.1,40786.95,5000.0,1,2,2310.18,12,Self-employed,5.5314,3.3333,0.1283,High
C07054,25,21-30,58695.25,674.0,105502.69,21.4,3338.6,5000.0,0,0,0.0,48,Salaried,1.8543,1.0222,0.0,Low
C07055,62,46-65,30698.59,778.0,26825.39,5.0,53377.67,5000.0,0,1,27996.03,60,Salaried,2.6126,1.9545,0.912,Low
C07056,27,21-30,158994.87,836.0,86469.41,8.4,150041.45,9542.47,0,0,88521.61,12,Salaried,1.4875,0.7202,0.5568,Low
C07057,38,31-45,155513.56,648.0,377608.45,24.0,92226.91,10193.41,0,0,15533.36,48,Salaried,3.0212,0.7866,0.0999,High
C07058,58,46-65,103850.6,743.0,269061.5,7.3,187243.71,5268.14,1,1,57917.3,24,Self-employed,4.3939,0.6087,0.5577,Medium
C07059,64,46-65,57010.2,704.0,147030.54,28.7,45376.92,5000.0,0,0,23375.31,24,Salaried,3.375,1.0524,0.41,Medium
C07060,42,31-45,37336.79,705.0,56657.92,4.3,12167.99,5000.0,1,1,0.0,24,Business,1.8434,1.607,0.0,Medium
C07061,42,31-45,45273.31,699.0,38928.9,27.7,39603.85,5000.0,0,0,1217.88,36,Salaried,1.7346,1.3253,0.0269,Low
C07062,23,21-30,189206.75,655.0,500000.0,7.1,101470.4,9818.72,1,1,56068.15,36,Salaried,3.1789,0.6227,0.2963,Medium
C07063,65,46-65,44419.51,411.0,144764.11,1.3,51492.58,5000.0,1,2,8106.13,60,Self-employed,4.4183,1.3508,0.1825,High
C07064,21,21-30,18000.0,795.0,12631.94,1.7,5550.79,5000.0,0,3,22145.73,36,Business,1.0102,3.3333,1.2303,Low
C07065,22,21-30,114546.21,628.0,338817.18,6.0,145603.02,5000.0,1,1,70094.86,24,Salaried,4.229,0.5238,0.6119,High
C07066,42,31-45,148363.3,662.0,348566.96,9.8,122189.92,7200.33,0,0,33558.25,48,Salaried,3.173,0.5824,0.2262,Medium
C07067,21,21-30,161896.28,663.0,315319.93,7.6,231808.91,10200.72,0,0,6937.67,60,Salaried,3.3795,0.7561,0.0429,Medium
C07068,28,21-30,115062.87,621.0,254463.13,18.5,69598.28,7847.05,1,3,86997.98,24,Salaried,2.8164,0.8184,0.7561,Medium
C07069,49,46-65,125866.66,698.0,47918.03,11.2,21372.43,5985.31,0,0,60440.24,36,Business,0.5505,0.5706,0.4802,Low
C07070,52,46-65,66920.21,677.0,31985.13,6.8,85323.76,5000.0,0,1,18469.06,48,Self-employed,1.753,0.8966,0.276,Low
C07071,34,31-45,20747.48,626.0,54314.26,9.2,8862.85,5000.0,0,2,7460.18,48,Self-employed,3.045,2.8919,0.3596,Low
C07072,56,46-65,66004.43,691.0,210111.37,6.3,72258.86,5000.0,0,1,40106.69,60,Salaried,4.278,0.909,0.6076,Medium
C07073,48,46-65,91492.07,678.0,177301.34,11.6,146460.03,6227.51,0,1,26268.48,48,Salaried,3.5387,0.8168,0.2871,Medium
C07074,31,31-45,60339.61,750.0,18790.46,4.7,100344.15,5000.0,0,0,0.0,24,Salaried,1.9744,0.9944,0.0,Low
C07075,53,46-65,58846.21,579.0,5000.0,11.7,6723.8,5000.0,0,2,1868.87,36,Self-employed,0.1992,1.0196,0.0318,Low
C07076,47,46-65,38249.19,620.0,59956.94,7.4,53934.86,5000.0,0,0,21652.52,36,Salaried,2.9776,1.5687,0.5661,Low
C07077,57,46-65,37465.89,734.0,85300.58,6.1,78252.83,5000.0,0,1,3869.66,36,Self-employed,4.3654,1.6015,0.1033,Medium
C07078,27,21-30,178639.35,632.0,118181.83,18.1,294678.95,11394.18,0,1,106127.01,24,Salaried,2.3111,0.7654,0.5941,Low
C07079,31,31-45,182231.48,612.0,61697.93,23.8,269006.51,5000.0,1,1,45338.47,36,Salaried,1.8147,0.3293,0.2488,Low
C07080,34,31-45,64905.43,636.0,174131.26,9.5,15445.46,5000.0,1,1,5238.99,36,Salaried,2.9208,0.9244,0.0807,High
C07081,36,31-45,75885.47,672.0,34877.28,6.5,134335.85,5000.0,0,1,54969.24,36,Salaried,2.2298,0.7907,0.7244,Low
C07082,60,46-65,37898.64,673.0,46421.25,6.7,0.0,5000.0,0,1,22397.54,60,Salaried,1.2249,1.5832,0.591,Low
C07083,53,46-65,92555.03,664.0,238840.88,6.6,69370.27,5000.0,0,0,2582.37,12,Self-employed,3.33,0.6483,0.0279,Medium
C07084,45,31-45,171090.78,603.0,98739.06,0.6,130000.35,5631.89,0,2,98705.37,48,Salaried,1.3369,0.395,0.5769,Low
C07085,45,31-45,28030.98,738.0,55704.69,12.5,4536.42,5000.0,0,1,14664.94,36,Salaried,2.1491,2.1405,0.5232,Low
C07086,60,46-65,83891.4,779.0,61205.57,10.5,8198.28,5000.0,1,2,1087.37,24,Salaried,0.8273,0.7152,0.013,Low
C07087,41,31-45,87430.96,537.0,132739.81,8.9,16870.14,5000.0,0,1,15432.57,48,Self-employed,1.7112,0.6863,0.1765,Low
C07088,31,31-45,86883.74,563.0,274182.36,14.7,117084.21,5000.0,1,1,59931.23,36,Self-employed,4.5033,0.6906,0.6898,High
C07089,27,21-30,160442.72,755.0,402196.94,3.6,191940.66,8660.53,1,0,56214.92,36,Self-employed,3.7031,0.6477,0.3504,Medium
C07090,35,31-45,199177.68,798.0,49541.73,1.3,170995.83,10233.54,0,4,41696.49,36,Salaried,1.1072,0.6165,0.2093,Low
C07091,50,46-65,57166.68,520.0,23420.57,6.4,85992.42,5000.0,0,2,4976.02,36,Salaried,1.9139,1.0496,0.087,Medium
C07092,42,31-45,94125.86,741.0,87887.91,13.1,161249.69,5000.0,0,1,0.0,60,Salaried,2.6469,0.6374,0.0,Low
C07093,39,31-45,68082.2,803.0,215906.13,9.3,18014.58,5000.0,2,2,13478.0,24,Salaried,3.4359,0.8813,0.198,High
C07094,42,31-45,45911.88,615.0,106840.55,7.6,23868.88,5000.0,0,0,22463.35,12,Business,2.847,1.3069,0.4893,Medium
C07095,64,46-65,75439.81,798.0,158856.26,24.4,120481.47,5000.0,1,3,38630.94,60,Salaried,3.7028,0.7953,0.5121,Low
C07096,65,46-65,94039.23,667.0,55329.71,19.4,105431.09,5757.13,0,1,17980.01,60,Self-employed,1.7095,0.7346,0.1912,Low
C07097,28,21-30,73236.8,704.0,241066.2,14.0,37598.5,5000.0,0,1,5085.17,36,Salaried,3.805,0.8193,0.0694,Low
C07098,26,21-30,40034.34,626.0,127193.64,7.3,28098.41,5000.0,0,1,5764.91,48,Salaried,3.879,1.4987,0.144,High
C07099,31,31-45,50371.67,755.0,48085.1,35.0,,5000.0,0,1,21602.5,36,Salaried,3.0461,1.1911,0.4289,Low
C07100,59,46-65,50584.15,743.0,70714.6,3.9,48264.06,5000.0,0,0,0.0,12,Salaried,2.3521,1.1861,0.0,Low
C07101,41,31-45,40896.44,809.0,44139.7,16.8,56647.16,5000.0,0,0,9395.52,24,,2.4644,1.4671,0.2297,Low
C07102,59,46-65,77233.56,788.0,168175.71,17.6,79314.41,5000.0,1,3,43369.0,60,Salaried,3.2044,0.7769,0.5615,Low
C07103,50,46-65,81805.86,679.0,115273.15,6.1,76124.71,5000.0,0,0,14413.33,36,Salaried,2.3397,0.7334,0.1762,Low
C07104,45,31-45,111399.4,850.0,89592.42,20.0,171690.05,6692.2,0,1,44065.85,36,Self-employed,2.3455,0.7209,0.3956,Low
C07105,33,31-45,40556.46,781.0,108364.34,3.6,18584.17,5000.0,0,0,27747.79,60,Salaried,3.1302,1.4794,0.6842,Low
C07106,36,31-45,47312.47,721.0,102579.13,11.3,76757.66,5000.0,1,1,19223.04,36,Salaried,3.7905,1.2682,0.4063,Medium
C07107,27,21-30,152841.35,605.0,242586.98,16.2,139903.12,6069.69,0,0,76484.15,36,Salaried,2.5025,0.4765,0.5004,Low
C07108,44,31-45,59377.45,565.0,103258.56,10.9,84835.47,5000.0,1,1,9436.88,24,Business,3.1678,1.0105,0.1589,High
C07109,33,31-45,66086.16,572.0,15508.89,2.6,65840.34,5000.0,0,3,12736.16,36,Self-employed,1.231,0.9079,0.1927,Medium
C07110,34,31-45,59032.03,610.0,104559.23,16.0,43674.89,5000.0,0,1,21279.05,36,Salaried,2.5111,1.0164,0.3605,Medium
C07111,22,21-30,121213.59,783.0,347835.32,19.4,180427.14,6372.01,0,2,65643.74,48,Salaried,4.3581,0.6308,0.5416,Low
C07112,56,46-65,123826.58,717.0,274441.89,9.9,190599.03,6160.9,0,1,68684.8,60,Salaried,3.7556,0.5971,0.5547,Low
C07113,63,46-65,119899.24,634.0,392818.32,2.0,184561.06,6154.71,0,0,0.0,36,Salaried,4.8155,0.616,0.0,High
C07114,43,31-45,65956.77,670.0,167057.11,9.5,66449.95,5000.0,1,0,6019.46,36,Self-employed,3.5403,0.9097,0.0913,High
C07115,45,31-45,40227.36,661.0,107431.6,5.7,48225.72,5000.0,0,1,3531.68,60,Salaried,3.8694,1.4915,0.0878,Medium
C07116,62,46-65,187401.7,740.0,320454.42,9.1,63138.69,12675.31,0,1,130634.52,60,Salaried,2.0469,0.8116,0.6971,Low
C07117,44,31-45,104100.54,614.0,74200.21,13.8,15059.69,5000.0,1,2,11117.46,48,Self-employed,0.8574,0.5764,0.1068,Low
C07118,49,46-65,50563.24,706.0,162568.92,3.4,78218.65,5000.0,0,4,3337.13,60,Salaried,4.7621,1.1866,0.066,Medium
C07119,40,31-45,142236.0,703.0,340533.16,21.9,183747.43,8091.94,1,2,57489.69,36,Salaried,3.686,0.6827,0.4042,Medium
C07120,44,31-45,48414.65,616.0,156154.59,7.1,49501.1,5000.0,1,1,34542.79,36,Salaried,4.2478,1.2393,0.7135,High
C07121,44,31-45,141213.67,799.0,316396.76,10.0,159649.6,5185.9,2,2,30038.65,36,Salaried,3.3711,0.4407,0.2127,Medium
C07122,52,46-65,146561.3,658.0,237216.2,6.2,18701.19,9298.34,0,1,40627.16,48,Salaried,1.7461,0.7613,0.2772,Low
C07123,48,46-65,39156.71,606.0,37044.96,13.8,24780.37,5000.0,0,1,27047.72,24,Business,1.5789,1.5323,0.6908,Low
C07124,43,31-45,89510.36,744.0,121615.46,21.9,158991.91,5000.0,0,0,41421.66,60,Salaried,3.1349,0.6703,0.4628,Low
C07125,24,21-30,99942.21,684.0,219448.05,4.9,83777.88,5000.0,0,1,3774.44,60,Salaried,3.034,0.6003,0.0378,Low
C07126,61,46-65,273851.87,711.0,500000.0,12.7,290183.73,15320.37,0,1,110064.9,36,Self-employed,2.8854,0.6713,0.4019,Low
C07127,60,46-65,43212.15,591.0,137356.43,5.4,39893.98,5000.0,0,1,0.0,24,Salaried,4.1019,1.3885,0.0,High
C07128,29,21-30,142920.15,741.0,275958.68,13.6,44129.25,5383.09,0,0,77241.62,48,Business,2.2396,0.452,0.5405,Low
C07129,34,31-45,65623.09,843.0,108308.1,9.0,44590.66,5000.0,1,4,37428.5,36,Salaried,2.33,0.9143,0.5704,Low
C07130,64,46-65,32839.66,585.0,24133.65,15.6,28990.74,5000.0,0,3,14111.61,12,Salaried,1.6177,1.8271,0.4297,Low
C07131,35,31-45,60848.94,707.0,78840.98,10.6,42155.58,5000.0,0,1,37447.43,36,Salaried,1.9885,0.986,0.6154,Low
C07132,57,46-65,65088.17,621.0,232551.96,29.7,126668.24,5000.0,0,3,9214.66,12,Salaried,5.519,0.9218,0.1416,High
C07133,56,46-65,36306.53,850.0,88312.27,6.2,12867.39,5000.0,0,1,18146.63,36,Business,2.7868,1.6526,0.4998,Low
C07134,59,46-65,77175.55,773.0,151293.7,3.1,119594.51,5000.0,0,1,11665.32,24,Self-employed,3.51,0.7774,0.1512,Low
C07135,21,21-30,110077.25,701.0,325167.52,5.9,14039.08,7671.32,0,1,17027.57,36,Salaried,3.0815,0.8363,0.1547,Low
C07136,42,31-45,74098.67,588.0,17032.68,5.9,68597.28,5000.0,1,2,0.0,24,Salaried,1.1556,0.8097,0.0,High
C07137,46,46-65,48248.9,606.0,161507.67,8.2,46841.71,5000.0,0,0,38611.36,60,Self-employed,4.3182,1.2436,0.8003,Medium
C07138,58,46-65,59903.06,736.0,158177.25,6.7,20266.99,5000.0,0,1,10737.01,24,Salaried,2.9789,1.0016,0.1792,High
C07139,31,31-45,64837.78,578.0,5910.09,10.0,0.0,5000.0,1,1,33962.31,36,Salaried,0.0912,0.9254,0.5238,Medium
C07140,34,31-45,73252.63,580.0,214856.3,2.1,29204.66,5000.0,0,2,33683.32,24,Business,3.3318,0.8191,0.4598,High
C07141,29,21-30,119676.73,681.0,37458.01,6.7,22370.31,5000.0,0,2,63386.69,60,Salaried,0.4999,0.5014,0.5296,Medium
C07142,55,46-65,75486.52,690.0,175393.73,6.7,128345.14,5000.0,0,1,17220.08,36,Self-employed,4.0237,0.7948,0.2281,Medium
C07143,65,46-65,30051.25,709.0,37676.25,14.4,15783.74,5000.0,0,1,5880.08,36,Salaried,1.779,1.9966,0.1957,Low
C07144,27,21-30,47708.55,647.0,46434.58,4.4,18364.51,5000.0,0,0,18412.42,48,Salaried,1.3582,1.2576,0.3859,Low
C07145,31,31-45,71214.67,749.0,155369.14,4.2,114683.96,5041.8,0,1,4587.74,12,Salaried,3.7921,0.8496,0.0644,Low
C07146,34,31-45,120621.28,615.0,195898.65,8.9,57396.12,7008.15,1,2,6538.07,48,Business,2.0999,0.6972,0.0542,Medium
C07147,61,46-65,132714.85,727.0,42949.34,14.9,104705.96,5000.0,0,0,33799.7,36,Self-employed,1.1126,0.4521,0.2547,Low
C07148,41,31-45,172511.55,696.0,500000.0,0.6,105807.81,8984.19,0,0,62761.5,12,Salaried,3.5117,0.6249,0.3638,Medium
C07149,33,31-45,69841.28,725.0,66389.39,13.9,96869.36,5000.0,0,0,15850.61,36,Salaried,2.3376,0.8591,0.227,Low
C07150,35,31-45,98909.7,769.0,218198.67,12.6,178656.67,5000.0,0,0,39683.75,12,Salaried,4.0123,0.6066,0.4012,Low
C07151,47,46-65,29207.73,646.0,57371.26,8.3,38454.36,5000.0,2,0,9398.85,60,Salaried,3.2808,2.0543,0.3218,High
C07152,38,31-45,82337.13,630.0,19838.82,9.8,36074.41,5000.0,0,0,15728.88,48,Salaried,0.6791,0.7287,0.191,Low
C07153,27,21-30,35981.04,553.0,111599.31,16.8,33030.83,5000.0,0,0,18136.09,36,Self-employed,4.0196,1.6675,0.504,High
C07154,57,46-65,62802.24,529.0,110323.18,5.9,97115.0,5000.0,0,1,24250.95,36,Self-employed,3.303,0.9554,0.3861,High
C07155,40,31-45,344053.92,667.0,281569.99,2.9,350000.0,9387.79,0,1,167608.78,36,Self-employed,1.8357,0.3274,0.4872,Low
C07156,32,31-45,76810.56,672.0,115931.97,12.6,45108.84,5000.0,1,3,6261.41,36,Salaried,2.0966,0.7811,0.0815,Medium
C07157,53,46-65,40418.6,599.0,78087.07,11.9,55701.14,5000.0,1,2,9067.58,60,Business,3.3101,1.4845,0.2243,High
C07158,54,46-65,81342.71,615.0,16073.58,1.4,45377.56,5000.0,1,1,8485.05,36,Self-employed,0.7555,0.7376,0.1043,Low
C07159,27,21-30,48910.69,794.0,56730.47,22.5,2127.11,5000.0,0,2,0.0,60,Salaried,1.2034,1.2267,0.0,Low
C07160,24,21-30,38320.23,746.0,74860.82,11.4,27848.57,5000.0,0,1,24294.94,12,Salaried,2.6803,1.5658,0.634,Low
C07161,23,21-30,206668.08,585.0,500000.0,4.6,350000.0,6633.81,0,4,122951.2,36,Self-employed,4.1129,0.3852,0.5949,High
C07162,55,46-65,116878.38,647.0,144556.7,12.0,163928.9,7134.06,0,2,74947.57,36,Salaried,2.6394,0.7325,0.6412,High
C07163,49,46-65,78604.77,710.0,111527.14,11.0,1307.78,5000.0,0,2,25445.63,12,Salaried,1.4355,0.7633,0.3237,Low
C07164,56,46-65,52398.84,633.0,47395.22,6.5,24058.5,5000.0,0,3,27023.84,36,Salaried,1.3637,1.1451,0.5157,Low
C07165,49,46-65,54787.01,619.0,60604.31,9.7,2235.18,5000.0,0,2,24940.13,24,Self-employed,1.147,1.0952,0.4552,Low
C07166,39,31-45,151828.61,655.0,355497.19,9.8,87293.78,7051.16,0,1,72682.41,24,Salaried,2.9164,0.5573,0.4787,Medium
C07167,47,46-65,76938.39,762.0,118755.68,9.0,38363.01,5000.0,0,3,48405.36,12,Business,2.0421,0.7798,0.6291,Low
C07168,53,46-65,18000.0,769.0,25308.94,8.5,12831.46,5000.0,0,1,13635.43,24,Business,2.1189,3.3333,0.7575,Low
C07169,38,31-45,246140.73,625.0,284907.16,11.1,350000.0,15235.16,0,1,28094.41,24,Salaried,2.5794,0.7428,0.1141,Low
C07170,62,46-65,71885.28,715.0,161697.21,10.0,97758.94,5000.0,0,4,26857.34,36,Business,3.6093,0.8347,0.3736,High
C07171,61,46-65,78511.12,680.0,179801.65,5.9,128735.19,5000.0,0,0,6496.72,36,Business,3.9298,0.7642,0.0827,Medium
C07172,57,46-65,118163.52,604.0,190164.21,3.9,156688.3,7397.99,0,3,86649.53,36,Self-employed,2.9354,0.7513,0.7333,Medium
C07173,65,46-65,83961.54,658.0,193934.21,9.7,129701.56,5000.0,1,0,43575.37,36,Salaried,3.8546,0.7146,0.519,Medium
C07174,38,31-45,98021.52,585.0,218695.84,13.9,150432.74,6720.31,2,1,35184.01,36,Salaried,3.7658,0.8227,0.3589,High
C07175,26,21-30,51487.52,767.0,5000.0,9.4,72090.3,5000.0,0,1,22241.51,36,Self-employed,1.4973,1.1653,0.432,Low
C07176,42,31-45,33049.28,796.0,24463.83,5.9,3218.33,5000.0,1,1,8414.88,48,Salaried,0.8376,1.8155,0.2546,Low
C07177,54,46-65,75831.62,649.0,69750.07,2.0,31250.3,5000.0,0,1,40243.26,48,Business,1.3319,0.7912,0.5307,Low
C07178,56,46-65,142847.17,631.0,424811.67,23.0,118522.83,5553.94,0,2,42159.6,36,Salaried,3.8036,0.4666,0.2951,Medium
C07179,38,31-45,45517.45,759.0,55163.36,11.6,65235.39,5000.0,0,0,20051.22,48,Salaried,2.6451,1.3182,0.4405,Low
C07180,34,31-45,43552.8,771.0,58988.48,11.1,19157.42,5000.0,0,1,1382.28,24,Self-employed,1.7943,1.3776,0.0317,Low
C07181,41,31-45,127223.82,596.0,243134.82,6.6,103091.02,5000.0,1,0,64882.47,36,Business,2.7214,0.4716,0.51,Medium
C07182,57,46-65,50546.94,669.0,105784.83,2.1,80111.79,5000.0,0,0,21930.07,24,Salaried,3.6777,1.187,0.4339,Medium
C07183,23,21-30,51861.64,676.0,156916.77,5.6,13128.95,5000.0,0,0,5516.03,60,Self-employed,3.2788,1.1569,0.1064,Medium
C07184,35,31-45,52939.93,622.0,54470.06,20.8,42703.51,5000.0,0,1,8658.92,36,Business,1.8355,1.1334,0.1636,Low
C07185,31,31-45,62717.95,709.0,71525.97,3.3,104542.96,5000.0,0,1,22368.7,36,Self-employed,2.8073,0.9567,0.3567,Low
C07186,57,46-65,27354.64,628.0,80651.94,1.7,10048.29,5000.0,0,1,7596.54,48,Salaried,3.3157,2.1934,0.2777,High
C07187,42,31-45,48315.39,639.0,122209.73,22.8,6991.27,5000.0,0,2,9884.87,36,Self-employed,2.6741,1.2418,0.2046,Medium
C07188,24,21-30,73780.15,672.0,231182.69,4.7,99479.9,5000.0,0,3,19775.34,36,Business,4.4817,0.8132,0.268,High
C07189,32,31-45,73491.38,568.0,155119.89,7.7,132755.31,5111.46,0,1,12494.26,36,Salaried,3.9171,0.8346,0.17,High
C07190,22,21-30,122889.24,526.0,202312.67,11.2,66559.46,7228.11,0,1,20599.47,60,Self-employed,2.1879,0.7058,0.1676,Medium
C07191,42,31-45,178761.59,749.0,100158.59,27.3,85036.69,10892.73,0,1,26234.9,36,Salaried,1.036,0.7312,0.1468,Low
C07192,65,46-65,149344.12,624.0,500000.0,20.5,114375.55,6289.97,0,1,84266.23,24,Salaried,4.1138,0.5054,0.5642,Low
C07193,46,46-65,107495.19,840.0,272104.47,8.3,106716.31,5449.05,0,4,27867.18,24,Salaried,3.5241,0.6083,0.2592,Low
C07194,60,46-65,59894.41,828.0,49879.45,5.8,95228.89,5000.0,0,1,42521.09,36,Salaried,2.4227,1.0018,0.7099,Low
C07195,54,46-65,46140.88,642.0,81404.22,3.6,73274.91,5000.0,0,1,20607.77,48,Self-employed,3.3523,1.3004,0.4466,Medium
C07196,60,46-65,65642.31,850.0,145320.11,11.7,88779.51,5000.0,0,0,49989.64,36,Business,3.5663,0.914,0.7615,Low
C07197,34,31-45,89698.64,750.0,72970.56,9.5,32902.37,5316.23,0,2,63195.47,36,Salaried,1.1803,0.7112,0.7045,Low
C07198,63,46-65,102151.1,632.0,266717.84,2.0,160075.2,5000.0,0,0,57959.45,36,Salaried,4.1781,0.5874,0.5674,Medium
C07199,31,31-45,91568.23,486.0,235172.73,7.6,131957.81,5000.0,1,1,50354.8,60,Salaried,4.0094,0.6552,0.5499,High
C07200,40,31-45,60809.18,732.0,62591.04,9.6,47436.27,5000.0,1,3,27215.94,24,Salaried,1.8094,0.9867,0.4476,Low
C07201,51,46-65,100199.33,682.0,353087.16,12.4,123485.51,5000.0,0,1,6194.38,48,Salaried,4.7562,0.5988,0.0618,Medium
C07202,33,31-45,130043.26,712.0,425113.67,4.2,121853.63,8712.91,1,1,92033.21,24,Salaried,4.206,0.804,0.7077,Medium
C07203,32,31-45,105475.16,663.0,105475.24,9.8,108248.27,6178.1,0,1,13282.95,36,Salaried,2.0263,0.7029,0.1259,Low
C07204,26,21-30,63865.55,594.0,94075.8,3.5,90017.21,5000.0,0,2,31865.64,48,Salaried,2.8825,0.9395,0.4989,Medium
C07205,21,21-30,41090.23,648.0,146142.27,11.2,19273.59,5000.0,1,1,11092.24,36,Salaried,4.0257,1.4602,0.2699,High
C07206,43,31-45,40557.68,733.0,45704.24,7.5,42924.15,5000.0,1,0,1087.09,12,Business,2.1852,1.4794,0.0268,Low
C07207,65,46-65,44688.56,653.0,158787.68,28.6,13592.63,5000.0,1,2,20777.31,24,Salaried,3.8574,1.3426,0.4649,High
C07208,30,21-30,74871.9,653.0,67308.39,4.8,64794.2,5056.06,0,2,15789.97,60,Salaried,1.7644,0.8104,0.2109,Low
C07209,40,31-45,86511.67,566.0,206774.98,6.2,66787.02,5000.0,2,4,43494.38,36,Self-employed,3.1621,0.6935,0.5028,High
C07210,63,46-65,29856.26,687.0,75864.19,2.1,45789.92,5000.0,0,2,12081.09,48,Self-employed,4.0747,2.0096,0.4046,Medium
C07211,55,46-65,49263.82,597.0,61934.8,8.6,28714.4,5000.0,0,2,4779.37,12,Salaried,1.8401,1.2179,0.097,Medium
C07212,21,21-30,74306.19,749.0,176614.1,6.8,132526.27,5000.0,2,2,36887.39,60,Business,4.1604,0.8075,0.4964,Medium
C07213,43,31-45,39629.09,,12803.31,9.2,35373.54,5000.0,1,3,3678.01,48,Self-employed,1.2157,1.514,0.0928,Low
C07214,27,21-30,82519.49,658.0,67974.82,8.3,44169.63,5000.0,0,2,53313.11,36,Self-employed,1.359,0.7271,0.6461,Low
C07215,32,31-45,54888.38,842.0,54229.9,28.9,51234.08,5000.0,1,1,24989.84,48,Salaried,1.9214,1.0931,0.4553,Low
C07216,32,31-45,43663.22,657.0,18674.59,11.9,0.0,5000.0,1,2,14094.94,24,Self-employed,0.4277,1.3742,0.3228,Low
C07217,48,46-65,66930.2,647.0,8862.95,14.5,106592.69,5000.0,0,2,19332.45,60,Salaried,1.725,0.8965,0.2888,Low
C07218,29,21-30,80651.83,724.0,95574.38,9.4,69852.9,5000.0,0,2,9926.39,60,Business,2.0511,0.7439,0.1231,Low
C07219,32,31-45,40759.8,546.0,43886.7,10.4,49398.75,5000.0,0,0,6493.81,24,,2.2887,1.472,0.1593,Medium
C07220,31,31-45,56880.38,774.0,37098.52,9.2,79955.57,5000.0,0,3,14080.44,36,Business,2.0579,1.0548,0.2475,Low
C07221,37,31-45,84066.69,755.0,59519.01,9.3,76374.39,5000.0,1,1,35973.02,48,Business,1.6165,0.7137,0.4279,Low
C07222,50,46-65,42744.38,719.0,121085.51,5.8,58544.72,5000.0,0,0,28946.35,36,Salaried,4.2024,1.4037,0.6772,Low
C07223,38,31-45,26117.9,427.0,12734.17,14.2,2691.01,5000.0,0,3,17841.73,60,Salaried,0.5906,2.2973,0.6831,Medium
C07224,35,31-45,27918.0,661.0,64619.47,30.0,49926.78,5000.0,0,0,19194.97,24,Salaried,4.103,2.1492,0.6875,Medium
C07225,44,31-45,51648.4,585.0,9549.55,9.4,76839.87,5000.0,0,3,29487.63,36,Salaried,1.6726,1.1617,0.5709,High
C07226,48,46-65,31477.0,764.0,26108.51,4.3,43541.6,5000.0,0,3,0.0,36,Salaried,2.2127,1.9062,0.0,Low
C07227,21,21-30,53685.35,759.0,96433.84,16.3,11158.27,5000.0,0,2,32928.14,24,Self-employed,2.0041,1.1176,0.6134,Low
C07228,61,46-65,162407.05,709.0,226498.87,22.7,204254.3,9368.91,0,0,39317.36,24,Self-employed,2.6523,0.6923,0.2421,Low
C07229,62,46-65,30452.2,590.0,45280.65,6.1,30763.85,5000.0,0,0,313.51,36,Salaried,2.4972,1.9703,0.0103,High
C07230,48,46-65,55642.91,792.0,122310.87,3.6,34857.08,5000.0,1,0,29327.01,36,Business,2.8246,1.0783,0.5271,Low
C07231,46,46-65,210009.92,660.0,243121.87,13.3,166505.26,14120.28,1,0,66877.4,36,Business,1.9505,0.8068,0.3184,Low
C07232,52,46-65,81357.97,815.0,66266.31,9.6,81836.35,5000.0,1,1,53599.89,60,Salaried,1.8204,0.7375,0.6588,Low
C07233,40,31-45,53098.01,700.0,155385.15,12.5,113096.09,5000.0,0,1,20559.35,48,Salaried,5.0563,1.13,0.3872,Low
C07234,37,31-45,59626.6,718.0,43447.1,8.9,81883.28,5000.0,0,1,16635.86,60,Salaried,2.1019,1.0063,0.279,Low
C07235,36,31-45,82313.63,645.0,235863.12,7.7,64380.76,5000.0,0,0,43861.92,24,Salaried,3.6476,0.7289,0.5329,Medium
C07236,28,21-30,165184.3,786.0,339301.98,4.6,257571.2,9376.67,0,2,5704.42,36,Salaried,3.6134,0.6812,0.0345,Low
C07237,58,46-65,48541.44,726.0,69414.29,11.5,83941.25,5000.0,1,2,32228.64,12,Salaried,3.1593,1.2361,0.6639,High
C07238,35,31-45,42849.83,788.0,49564.53,3.2,5459.75,5000.0,0,0,1594.05,48,Self-employed,1.2841,1.4002,0.0372,Low
C07239,33,31-45,30448.67,693.0,45321.07,14.2,0.0,5000.0,0,0,786.15,60,Salaried,1.4884,1.9705,0.0258,Low
C07240,64,46-65,68792.18,676.0,139973.36,13.6,58753.58,5000.0,0,2,24799.32,48,Salaried,2.8888,0.8722,0.3605,Low
C07241,43,31-45,30001.86,725.0,106073.75,11.2,57985.81,5000.0,0,3,11688.31,36,Salaried,5.4683,1.9999,0.3896,Medium
C07242,48,46-65,50365.52,788.0,82025.01,18.9,19578.35,5000.0,0,2,24052.74,36,Salaried,2.0173,1.1913,0.4776,Low
C07243,32,31-45,39433.33,756.0,120443.96,7.2,79240.33,5000.0,0,1,12450.93,24,Self-employed,5.0638,1.5216,0.3157,Medium
C07244,33,31-45,117349.33,690.0,87093.84,7.0,51103.34,5892.23,0,0,34925.95,48,Salaried,1.1777,0.6025,0.2976,Low
C07245,53,46-65,49144.71,541.0,17323.19,6.6,66143.35,5000.0,0,3,18150.4,36,Self-employed,1.6984,1.2209,0.3693,Medium
C07246,41,31-45,80858.36,741.0,152933.79,9.9,81321.47,5000.0,0,1,19076.5,36,Self-employed,2.8971,0.742,0.2359,Low
C07247,27,21-30,26900.28,572.0,86817.52,8.1,0.0,5000.0,0,0,13954.38,48,Salaried,3.2274,2.2305,0.5187,Medium
C07248,58,46-65,69875.57,683.0,113573.18,6.5,90175.34,5000.0,0,1,29289.43,60,Self-employed,2.9159,0.8587,0.4192,Medium
C07249,39,31-45,33536.99,671.0,94403.52,6.9,69466.36,5000.0,1,3,13726.73,36,Salaried,4.8862,1.7891,0.4093,High
C07250,51,46-65,51433.03,574.0,104746.41,10.9,23270.47,5000.0,0,1,7809.67,24,Salaried,2.489,1.1666,0.1518,Medium
C07251,36,31-45,219323.69,708.0,500000.0,17.8,89989.65,15304.7,0,1,141830.72,36,Self-employed,2.69,0.8374,0.6467,Low
C07252,46,46-65,108536.14,842.0,310825.37,5.7,163958.91,5414.09,0,3,77355.86,48,Business,4.3744,0.5986,0.7127,Low
C07253,55,46-65,60567.62,657.0,151744.07,1.3,119759.78,5000.0,0,0,37665.66,36,Self-employed,4.4827,0.9906,0.6219,Medium
C07254,60,46-65,350000.0,737.0,500000.0,13.1,304716.58,13953.79,0,4,140422.84,36,Salaried,2.2992,0.4784,0.4012,Low
C07255,30,21-30,39292.8,850.0,87829.79,4.4,0.0,5000.0,0,2,0.0,48,Salaried,2.2353,1.527,0.0,Low
C07256,51,46-65,123378.43,745.0,416352.6,17.8,51371.44,7212.42,1,2,7634.37,36,Salaried,3.791,0.7015,0.0619,Medium
C07257,62,46-65,27977.94,632.0,56411.16,14.5,20608.97,5000.0,0,1,8574.35,36,Salaried,2.7529,2.1445,0.3065,High
C07258,49,46-65,56839.4,698.0,62805.71,15.3,57194.04,5000.0,0,6,22001.17,60,Self-employed,2.1112,1.0556,0.3871,Low
C07259,27,21-30,30972.6,716.0,103582.77,9.2,53979.08,5000.0,0,0,21543.56,48,Salaried,5.0871,1.9372,0.6956,Medium
C07260,29,21-30,74880.16,788.0,168355.65,17.2,84391.93,5000.0,0,2,12636.64,12,Self-employed,3.3754,0.8013,0.1688,Low
C07261,30,21-30,67032.05,771.0,126641.68,11.4,92227.77,5000.0,2,2,14536.1,36,Salaried,3.2651,0.8951,0.2169,High
C07262,25,21-30,54881.24,472.0,135582.06,10.8,1996.18,5000.0,1,0,22315.31,48,Salaried,2.5068,1.0933,0.4066,High
C07263,54,46-65,118512.52,616.0,171700.27,9.7,76150.69,5000.0,0,1,43067.56,60,Salaried,2.0913,0.5063,0.3634,Low
C07264,64,46-65,47583.35,675.0,81487.81,12.2,26179.7,5000.0,0,1,9130.87,24,Salaried,2.2627,1.2609,0.1919,Low
C07265,44,31-45,77801.11,604.0,62273.43,2.8,120285.42,5289.92,0,0,39558.59,48,Salaried,2.3465,0.8159,0.5085,Medium
C07266,47,46-65,102073.43,402.0,297866.06,6.4,125803.04,5000.0,0,1,33459.64,36,Salaried,4.1506,0.5878,0.3278,High
C07267,55,46-65,28749.36,626.0,83636.95,6.4,39146.39,5000.0,1,1,16567.47,36,Salaried,4.2708,2.087,0.5763,High
C07268,39,31-45,43067.1,680.0,124814.45,8.3,31962.02,5000.0,0,2,1551.22,36,Salaried,3.6403,1.3932,0.036,High
C07269,42,31-45,66954.33,641.0,78330.85,4.2,99316.76,5000.0,0,0,23813.03,36,Salaried,2.6533,0.8961,0.3557,Medium
C07270,47,46-65,91924.87,605.0,325883.65,5.5,98449.24,5000.0,0,3,31594.88,24,Business,4.6161,0.6527,0.3437,High
C07271,34,31-45,142034.22,683.0,186790.46,3.4,49972.4,5000.0,1,0,12617.04,12,Salaried,1.6669,0.4224,0.0888,Low
C07272,23,21-30,57722.87,706.0,69526.45,5.5,74797.04,5000.0,0,3,42067.06,24,Salaried,2.5003,1.0394,0.7288,Low
C07273,46,46-65,54616.07,645.0,177383.02,4.7,10097.65,5000.0,0,1,29016.14,48,Self-employed,3.4327,1.0986,0.5313,Medium
C07274,57,46-65,40223.82,783.0,87705.82,5.4,51870.68,5000.0,0,0,14389.16,36,Self-employed,3.47,1.4917,0.3577,Low
C07275,24,21-30,77935.26,684.0,244122.66,14.7,82821.74,5371.0,1,1,5855.36,24,Self-employed,4.1951,0.827,0.0751,Medium
C07276,30,21-30,55200.53,615.0,111123.36,8.4,74023.8,5000.0,0,0,28202.52,48,Salaried,3.3541,1.0869,0.5109,Medium
C07277,32,31-45,55905.88,596.0,64267.14,7.5,42283.75,5000.0,0,0,20456.11,36,Salaried,1.9059,1.0732,0.3659,Medium
C07278,57,46-65,61728.68,664.0,96748.53,18.9,97070.52,5000.0,0,2,17707.47,36,Business,3.1399,0.972,0.2869,Medium
C07279,43,31-45,88039.25,764.0,258298.2,11.0,106840.14,5000.0,0,0,4427.98,24,Self-employed,4.1474,0.6815,0.0503,Low
C07280,45,31-45,47671.58,618.0,94201.73,11.5,8982.28,5000.0,0,0,31675.65,36,Self-employed,2.1645,1.2586,0.6645,Medium
C07281,50,46-65,42508.34,725.0,110430.16,9.7,71658.06,5000.0,1,0,17494.71,36,Salaried,4.2836,1.4115,0.4116,Medium
C07282,33,31-45,82420.61,687.0,55105.26,14.9,53376.14,5360.6,0,1,36225.17,36,Salaried,1.3162,0.7805,0.4395,Low
C07283,53,46-65,18000.0,829.0,14547.74,16.4,31162.01,5000.0,0,1,10069.92,36,Self-employed,2.5394,3.3333,0.5594,Low
C07284,22,21-30,46635.6,709.0,141557.6,10.7,82512.86,5000.0,1,3,30415.43,36,Business,4.8047,1.2866,0.6522,High
C07285,26,21-30,34507.17,628.0,132609.74,14.8,0.0,5000.0,0,1,3835.58,36,Business,3.843,1.7388,0.1112,Medium
C07286,57,46-65,125987.07,735.0,155917.04,12.2,63393.1,7264.7,1,1,84962.63,48,Salaried,1.7407,0.6919,0.6744,Low
C07287,50,46-65,51002.48,738.0,47122.4,11.0,94932.38,5000.0,0,2,25986.97,60,Salaried,2.7853,1.1764,0.5095,Low
C07288,28,21-30,47750.68,650.0,8791.93,7.1,9257.31,5000.0,0,0,23974.2,60,Salaried,0.378,1.2565,0.5021,Low
C07289,40,31-45,63284.78,593.0,45717.08,5.3,65421.63,5000.0,0,0,22755.07,36,Self-employed,1.7562,0.9481,0.3596,Low
C07290,23,21-30,46849.13,720.0,136678.8,2.8,11097.76,5000.0,0,1,3456.29,48,Salaried,3.1543,1.2807,0.0738,Medium
C07291,51,46-65,52087.8,685.0,63274.07,22.0,23994.15,5000.0,0,1,19467.52,12,Self-employed,1.6754,1.1519,0.3737,Low
C07292,55,46-65,68566.08,566.0,70051.96,14.9,103810.36,5000.0,1,0,37782.98,12,Salaried,2.5357,0.8751,0.551,Medium
C07293,33,31-45,51535.2,699.0,142965.1,6.6,100724.18,5000.0,0,0,7319.38,36,Business,4.7286,1.1643,0.142,Medium
C07294,36,31-45,51332.17,632.0,154969.23,2.4,63866.19,5000.0,1,1,26947.06,60,Salaried,4.2631,1.1689,0.525,High
C07295,31,31-45,37292.81,566.0,49303.96,12.2,10032.28,5000.0,1,1,20757.89,24,Business,1.5911,1.6089,0.5566,Medium
C07296,38,31-45,34460.24,654.0,109522.7,7.2,22921.17,5000.0,0,1,20477.2,36,Self-employed,3.8434,1.7411,0.5942,High
C07297,33,31-45,67204.32,776.0,108470.52,15.4,58180.03,5000.0,0,2,14947.32,36,Business,2.4798,0.8928,0.2224,Low
C07298,32,31-45,76939.36,771.0,94481.68,4.5,127602.61,5000.0,0,0,13280.6,48,Salaried,2.8865,0.7798,0.1726,Low
C07299,40,31-45,29633.37,751.0,108772.28,6.4,30232.64,5000.0,0,0,10965.26,36,Salaried,4.6908,2.0247,0.37,Low
C07300,59,46-65,98726.66,700.0,58632.86,7.7,77295.25,5000.0,1,1,31289.22,36,Salaried,1.3768,0.6077,0.3169,Low
C07301,55,46-65,98949.88,725.0,329815.83,13.3,42755.82,5000.0,1,3,17007.47,12,Self-employed,3.7653,0.6064,0.1719,Medium
C07302,34,31-45,111103.96,687.0,226845.02,5.6,96808.85,5000.0,0,3,39073.12,12,Self-employed,2.9131,0.54,0.3517,Low
C07303,63,46-65,76655.88,597.0,252591.12,12.3,121489.21,5000.0,1,2,26368.08,36,Salaried,4.88,0.7827,0.344,High
C07304,30,21-30,92275.85,612.0,70476.04,3.0,83803.4,5000.0,0,1,38406.1,24,Self-employed,1.6719,0.6502,0.4162,Low
C07305,61,46-65,216188.67,634.0,306417.2,8.5,216701.41,6889.92,0,1,145254.14,36,Salaried,2.4197,0.3824,0.6719,Low
C07306,34,31-45,55066.99,785.0,172070.91,20.3,99445.3,5000.0,1,1,33620.13,24,Salaried,4.9307,1.0896,0.6105,Low
C07307,45,31-45,36571.05,761.0,95738.16,25.5,14361.9,5000.0,0,2,6157.91,36,Business,3.0106,1.6406,0.1684,Low
C07308,30,21-30,27956.63,599.0,93795.69,17.0,31077.71,5000.0,1,1,3761.68,36,Salaried,4.4667,2.1462,0.1346,High
C07309,55,46-65,170717.12,684.0,182179.72,2.4,14825.0,5000.0,1,0,91020.63,60,Self-employed,1.154,0.3515,0.5332,Low
C07310,35,31-45,171952.84,650.0,370752.27,8.0,60915.81,11249.68,0,0,47831.33,60,Salaried,2.5104,0.7851,0.2782,Low
C07311,60,46-65,39089.64,668.0,53211.34,8.7,4440.49,5000.0,0,0,29762.61,60,Salaried,1.4749,1.5349,0.7614,Low
C07312,24,21-30,43569.65,640.0,49340.39,15.7,25678.48,5000.0,0,1,5580.49,12,Salaried,1.7218,1.3771,0.1281,Medium
C07313,43,31-45,54390.65,785.0,106580.94,9.5,,5000.0,0,1,19696.77,36,Business,3.4707,1.1031,0.3621,Low
C07314,28,21-30,127450.56,679.0,336076.13,4.3,50933.94,5973.18,1,0,65373.47,36,Salaried,3.0366,0.5624,0.5129,Medium
C07315,61,46-65,32020.33,696.0,71564.82,17.1,44260.42,5000.0,0,2,14785.39,12,Salaried,3.6172,1.8738,0.4618,Medium
C07316,39,31-45,22037.52,697.0,21918.61,23.6,37257.96,5000.0,0,2,0.0,36,Salaried,2.6853,2.7226,0.0,Low
C07317,51,46-65,214116.49,603.0,500000.0,14.2,342145.81,14857.87,0,1,53209.57,36,Salaried,3.9331,0.8327,0.2485,Medium
C07318,60,46-65,77184.03,688.0,258714.57,5.4,62228.02,5000.0,0,0,46746.22,36,Salaried,4.1581,0.7774,0.6056,Low
C07319,45,31-45,83455.59,760.0,96290.37,27.0,104667.13,5840.63,1,1,30271.18,48,Salaried,2.408,0.8398,0.3627,Low
C07320,23,21-30,58065.92,790.0,173715.13,15.0,34516.99,5000.0,0,0,20380.44,36,Business,3.5861,1.0333,0.351,Low
C07321,30,21-30,83979.19,594.0,247117.51,13.5,99246.14,5000.0,1,3,18477.97,48,Self-employed,4.1244,0.7145,0.22,High
C07322,30,21-30,28263.58,566.0,41089.85,23.0,43190.36,5000.0,0,2,18126.3,12,Business,2.9819,2.1229,0.6413,High
C07323,62,46-65,40930.72,685.0,100842.65,15.3,36797.74,5000.0,0,1,9864.51,36,Self-employed,3.3628,1.4659,0.241,High
C07324,61,46-65,68870.24,763.0,234308.6,8.2,15529.45,5000.0,0,0,3287.7,36,Salaried,3.6277,0.8712,0.0477,Low
C07325,42,31-45,18641.63,707.0,44174.72,21.3,30472.27,5000.0,0,1,6.22,60,Salaried,4.0043,3.2186,0.0003,Medium
C07326,61,46-65,55036.83,731.0,7035.91,4.6,20640.31,5000.0,0,0,32386.72,48,Business,0.5029,1.0902,0.5885,Low
C07327,32,31-45,53202.05,578.0,121769.77,5.3,5073.73,5000.0,0,1,3392.32,60,Salaried,2.3842,1.1278,0.0638,High
C07328,51,46-65,55031.6,637.0,154543.17,6.2,83604.26,5000.0,0,2,0.0,48,Salaried,4.3275,1.0903,0.0,High
C07329,38,31-45,48004.38,515.0,109828.16,9.7,25211.42,5000.0,1,1,24253.95,60,Salaried,2.8131,1.2499,0.5052,High
C07330,31,31-45,37586.57,669.0,8318.97,10.7,4920.78,5000.0,0,1,34728.62,48,Salaried,0.3522,1.5963,0.924,Low
C07331,32,31-45,23861.58,518.0,21079.01,7.8,32398.8,5000.0,0,0,6394.5,12,Self-employed,2.2412,2.5145,0.268,High
C07332,39,31-45,70386.27,780.0,206023.38,8.1,42382.57,5000.0,0,1,20502.24,12,Salaried,3.5292,0.8524,0.2913,Medium
C07333,36,31-45,55109.33,797.0,76600.79,11.0,33224.19,5000.0,1,3,0.0,36,Business,1.9929,1.0887,0.0,Low
C07334,30,21-30,30507.8,691.0,99907.96,4.6,0.0,5000.0,0,3,12090.97,60,Self-employed,3.2748,1.9667,0.3963,High
C07335,36,31-45,67274.46,567.0,113762.74,12.8,113689.04,5000.0,0,2,0.0,12,Business,3.381,0.8919,0.0,High
C07336,26,21-30,55266.37,708.0,150227.61,1.2,95474.03,5000.0,0,2,10298.09,48,Salaried,4.4458,1.0857,0.1863,High
C07337,64,46-65,50442.0,819.0,5000.0,8.9,38525.42,5000.0,1,1,2853.2,36,Salaried,0.8629,1.1895,0.0566,Low
C07338,38,31-45,19847.84,716.0,57508.64,6.1,0.0,5000.0,0,0,1274.35,36,Salaried,2.8975,3.023,0.0642,Low
C07339,25,21-30,94623.84,769.0,291713.51,26.3,116899.15,6534.37,0,0,60623.4,60,Business,4.3183,0.8287,0.6407,Low
C07340,46,46-65,32990.16,644.0,40359.25,7.4,56435.94,5000.0,0,0,15511.09,24,Salaried,2.9341,1.8187,0.4702,Medium
C07341,60,46-65,67301.73,615.0,92794.02,9.8,2473.64,5000.0,0,1,7028.51,60,Business,1.4155,0.8915,0.1044,Low
C07342,37,31-45,41672.42,675.0,151712.74,7.6,60891.86,5000.0,0,2,25945.79,36,Salaried,5.1018,1.4398,0.6226,Medium
C07343,59,46-65,52488.16,535.0,125370.43,4.0,25738.54,5000.0,1,1,24375.73,24,Salaried,2.8789,1.1431,0.4644,High
C07344,48,46-65,122504.55,850.0,259928.05,3.9,55329.0,5000.0,0,2,55670.52,36,Salaried,2.5734,0.4898,0.4544,Low
C07345,54,46-65,87075.65,690.0,117526.25,3.4,81682.23,5000.0,0,2,25075.77,36,Salaried,2.2878,0.6891,0.288,Low
C07346,34,31-45,121014.36,745.0,394520.44,8.8,81239.98,6409.09,0,0,25485.33,36,Salaried,3.9314,0.6355,0.2106,Low
C07347,22,21-30,77952.47,645.0,200024.47,7.2,86514.83,5000.0,0,5,36652.43,60,Business,3.6758,0.7697,0.4702,High
C07348,36,31-45,80823.38,564.0,120227.24,2.3,61325.41,5000.0,0,1,35475.34,24,Self-employed,2.2463,0.7424,0.4389,Medium
C07349,62,46-65,24404.34,787.0,55750.69,24.2,5920.04,5000.0,0,1,6443.98,24,Self-employed,2.527,2.4586,0.2641,Low
C07350,56,46-65,54584.42,596.0,12902.7,13.5,22824.6,5000.0,0,1,10217.6,60,Business,0.6545,1.0992,0.1872,Low
C07351,56,46-65,57436.92,706.0,148818.36,9.9,34633.89,5000.0,0,2,15088.69,24,Business,3.194,1.0446,0.2627,Medium
C07352,60,46-65,127409.07,713.0,355592.29,1.6,115588.38,5000.0,0,3,82243.68,36,Self-employed,3.6982,0.4709,0.6455,Low
C07353,37,31-45,,686.0,78706.69,11.5,21174.35,5000.0,0,1,9896.73,36,Business,2.03,1.2194,0.2011,Low
C07354,35,31-45,75193.14,621.0,99662.01,9.5,93662.96,5201.68,1,1,41984.35,24,Salaried,2.571,0.8301,0.5584,Medium
C07355,62,46-65,73593.29,669.0,70285.29,15.3,103267.6,5000.0,0,1,11415.8,48,Self-employed,2.3583,0.8153,0.1551,Low
C07356,46,46-65,122867.75,609.0,77074.53,5.3,182603.87,6815.0,1,0,68798.86,60,Salaried,2.1135,0.6656,0.5599,Low
C07357,34,31-45,60390.27,741.0,209143.47,6.4,120327.66,5000.0,0,0,30399.12,36,Salaried,5.4557,0.9935,0.5034,Low
C07358,33,31-45,102480.25,723.0,303501.7,10.5,,6057.15,0,0,42274.09,36,Self-employed,3.6762,0.7093,0.4125,Low
C07359,60,46-65,25449.89,678.0,38411.52,6.2,39297.72,5000.0,0,0,5008.67,48,Salaried,3.0534,2.3576,0.1968,Low
C07360,23,21-30,26753.8,637.0,5000.0,11.4,50893.51,5000.0,0,1,18796.36,24,Salaried,2.0892,2.2427,0.7026,Low
C07361,23,21-30,18514.38,,23842.42,3.9,5985.7,5000.0,0,0,0.0,36,Salaried,1.6111,3.2407,0.0,Low
C07362,54,46-65,100151.0,582.0,241835.92,8.4,52221.15,6382.78,0,0,60078.98,36,Salaried,2.9361,0.7648,0.5999,Medium
C07363,21,21-30,94151.4,564.0,74509.18,5.4,33072.32,5000.0,0,1,43045.58,24,Self-employed,1.1426,0.6373,0.4572,Low
C07364,28,21-30,106446.49,674.0,113630.25,14.8,175989.0,5000.0,0,1,53060.44,48,Business,2.7208,0.5637,0.4985,Medium
C07365,65,46-65,,661.0,147259.6,27.8,41225.54,5000.0,0,1,22072.22,48,Salaried,4.2088,1.3398,0.4929,Medium
C07366,40,31-45,47676.38,762.0,87195.11,23.7,17513.36,5000.0,0,1,15271.83,36,Business,2.1962,1.2585,0.3203,Low
C07367,53,46-65,60813.46,728.0,186390.96,2.1,87671.7,5000.0,0,1,44311.52,36,Self-employed,4.5066,0.9866,0.7286,Low
C07368,42,31-45,143799.78,682.0,61851.21,12.1,220677.05,5000.0,1,1,15618.54,36,Salaried,1.9647,0.4172,0.1086,Low
C07369,25,21-30,165007.8,718.0,215178.87,5.3,195444.21,7637.62,0,1,19746.44,36,Salaried,2.4885,0.5554,0.1197,Low
C07370,29,21-30,100582.87,716.0,315815.17,3.8,84738.68,5000.0,0,1,13161.52,48,Self-employed,3.9823,0.5965,0.1309,Medium
C07371,55,46-65,77979.67,838.0,224669.39,11.9,43474.27,5000.0,1,2,42350.02,48,Salaried,3.4386,0.7694,0.5431,Low
C07372,25,21-30,135483.21,699.0,353896.05,3.8,213576.61,5000.0,1,0,58927.01,48,Self-employed,4.1885,0.4429,0.4349,Medium
C07373,47,46-65,56467.99,629.0,119053.73,17.7,100598.14,5000.0,0,1,42260.8,36,Salaried,3.8898,1.0625,0.7484,Medium
C07374,36,31-45,52424.26,695.0,48617.19,12.0,39859.06,5000.0,0,1,2592.68,36,Salaried,1.6877,1.1445,0.0495,Low
C07375,37,31-45,60547.31,484.0,119716.9,15.5,79686.77,5000.0,0,1,18293.77,60,Salaried,3.2934,0.991,0.3021,High
C07376,63,46-65,37943.35,678.0,17233.41,10.5,24523.08,5000.0,2,0,2325.42,36,Salaried,1.1005,1.5813,0.0613,Low
C07377,48,46-65,59035.1,762.0,29845.11,3.5,36857.46,5000.0,0,0,33389.42,24,Salaried,1.1299,1.0163,0.5656,Low
C07378,48,46-65,35156.62,725.0,83093.65,7.0,26228.51,5000.0,0,1,23747.04,24,Salaried,3.1096,1.7066,0.6755,Low
C07379,36,31-45,114221.73,702.0,19208.09,19.7,194338.63,6717.23,0,0,64534.76,36,Self-employed,1.8696,0.7057,0.565,Low
C07380,38,31-45,87655.59,729.0,77966.92,8.2,69521.0,5000.0,2,1,17683.04,36,Salaried,1.6826,0.6845,0.2017,Low
C07381,51,46-65,142686.03,763.0,96838.03,7.8,59302.96,5952.33,0,3,45939.96,24,Business,1.0943,0.5006,0.322,Low
C07382,22,21-30,26530.15,787.0,28744.34,21.0,0.0,5000.0,1,0,13122.43,48,Salaried,1.0835,2.2616,0.4946,Low
C07383,31,31-45,184993.48,714.0,500000.0,10.3,350000.0,12535.87,0,2,91083.24,24,Business,4.5948,0.8132,0.4924,Medium
C07384,48,46-65,27372.14,656.0,79663.78,18.4,43427.59,5000.0,0,2,3643.09,24,Salaried,4.497,2.192,0.1331,Medium
C07385,49,46-65,33626.61,506.0,27388.54,8.3,66678.15,5000.0,1,0,11023.08,36,Salaried,2.7974,1.7843,0.3278,High
C07386,25,21-30,46197.95,753.0,41906.96,4.5,22219.08,5000.0,1,2,15023.44,48,Business,1.3881,1.2988,0.3252,Low
C07387,56,46-65,133437.56,719.0,400457.86,1.3,154952.72,5000.0,0,0,5643.55,24,Self-employed,4.1623,0.4496,0.0423,Medium
C07388,45,31-45,73585.85,691.0,68436.13,8.1,104131.14,5000.0,1,0,25959.38,36,Self-employed,2.3451,0.8154,0.3528,Low
C07389,31,31-45,,628.0,141647.06,9.6,13390.07,5000.0,0,4,9926.51,48,Salaried,2.7275,1.0556,0.1746,Medium
C07390,54,46-65,42032.46,752.0,17052.15,17.3,22748.9,5000.0,0,0,3666.43,36,Salaried,0.9469,1.4275,0.0872,Low
C07391,65,46-65,30496.84,661.0,54294.07,0.3,30634.5,5000.0,0,0,19396.93,60,Self-employed,2.7848,1.9674,0.636,Low
C07392,40,31-45,121186.7,677.0,131546.05,12.7,76051.57,5351.27,0,0,63056.39,60,,1.713,0.5299,0.5203,Low
C07393,33,31-45,100850.46,676.0,268191.28,9.0,102802.75,5000.0,0,1,10764.76,12,Salaried,3.6787,0.5949,0.1067,Low
C07394,34,31-45,136761.01,714.0,258638.15,7.9,86644.62,5008.43,0,3,40552.79,24,Salaried,2.5247,0.4395,0.2965,Low
C07395,47,46-65,80853.37,594.0,59009.68,27.0,74559.31,5000.0,2,0,27794.86,24,Salaried,1.652,0.7421,0.3438,Low
C07396,23,21-30,18000.0,722.0,21172.51,12.1,26349.03,5000.0,0,0,18783.7,36,Salaried,2.6401,3.3333,1.0435,Low
C07397,42,31-45,32781.58,626.0,86362.86,21.5,59869.78,5000.0,0,0,12406.19,24,Salaried,4.4608,1.8303,0.3784,High
C07398,22,21-30,83937.0,629.0,293030.37,5.2,63539.11,5000.0,0,0,31800.85,36,Salaried,4.2481,0.7148,0.3789,Medium
C07399,22,21-30,53039.82,746.0,96273.56,6.8,30745.81,5000.0,0,2,17175.36,48,Salaried,2.3948,1.1312,0.3238,Low
C07400,40,31-45,47799.93,605.0,19993.76,17.4,21177.23,5000.0,0,1,31538.94,24,Salaried,0.8613,1.2552,0.6598,Low
C07401,54,46-65,35431.9,746.0,80069.65,4.7,17296.84,5000.0,1,0,18337.27,48,Salaried,2.748,1.6934,0.5175,Medium
C07402,60,46-65,109460.26,688.0,95934.54,4.9,10782.51,5000.0,0,2,80084.17,60,Self-employed,0.9749,0.5481,0.7316,Low
C07403,24,21-30,83537.3,556.0,263135.12,4.2,125435.29,5000.0,1,3,24038.25,12,Self-employed,4.6515,0.7182,0.2878,High
C07404,31,31-45,85630.58,782.0,261130.75,6.1,85222.43,5000.0,1,3,7041.11,48,Self-employed,4.0447,0.7007,0.0822,Medium
C07405,39,31-45,45874.35,703.0,25612.44,10.6,44832.13,5000.0,0,3,10197.0,24,Business,1.5356,1.3079,0.2223,Medium
C07406,46,46-65,71617.94,710.0,145135.8,12.7,77485.94,5000.0,0,0,30961.01,60,Salaried,3.1085,0.8378,0.4323,Low
C07407,65,46-65,31143.84,756.0,54062.11,10.0,0.0,5000.0,0,1,1727.63,36,Salaried,1.7359,1.9265,0.0555,Low
C07408,51,46-65,60520.48,792.0,56229.64,7.2,73434.5,5000.0,0,4,31983.1,48,Salaried,2.1425,0.9914,0.5285,Low
C07409,45,31-45,18000.0,695.0,33646.35,9.2,30931.95,5000.0,0,2,17628.1,36,Salaried,3.5877,3.3333,0.9793,Low
C07410,23,21-30,27437.85,726.0,35214.0,21.6,28402.84,5000.0,0,1,12070.48,36,Business,2.3186,2.1868,0.4399,Low
C07411,24,21-30,54440.9,708.0,110617.07,9.1,79978.12,5000.0,0,1,26118.18,48,Self-employed,3.501,1.1021,0.4798,Medium
C07412,27,21-30,240015.2,654.0,489095.62,6.8,155338.6,5974.45,2,0,29191.77,36,Salaried,2.685,0.2987,0.1216,Medium
C07413,50,46-65,24142.62,561.0,31434.44,1.1,24621.37,5000.0,0,0,0.0,36,Business,2.3219,2.4852,0.0,High
C07414,35,31-45,32799.65,696.0,84448.84,8.5,49090.56,5000.0,0,2,8645.49,24,Self-employed,4.0714,1.8293,0.2636,High
C07415,31,31-45,73230.6,783.0,113802.9,16.9,123040.26,5000.0,0,1,30174.56,36,Salaried,3.2342,0.8193,0.412,Low
C07416,51,46-65,172012.97,724.0,445883.92,2.3,261540.73,6075.56,0,2,100657.57,48,Salaried,4.1126,0.4238,0.5852,Low
C07417,57,46-65,72644.82,600.0,121157.61,3.4,9766.94,5000.0,1,2,16759.44,60,Business,1.8023,0.8259,0.2307,Medium
C07418,40,31-45,95637.53,762.0,221312.57,6.3,106414.35,5000.0,0,0,7676.43,12,Self-employed,3.4268,0.6274,0.0803,Low
C07419,60,46-65,53984.94,657.0,65311.45,5.6,56228.61,5000.0,1,3,36338.77,24,Salaried,2.2514,1.1114,0.6731,Medium
C07420,54,46-65,49084.6,523.0,104629.91,9.6,0.0,5000.0,1,0,36947.29,48,Self-employed,2.1316,1.2224,0.7527,Medium
C07421,53,46-65,68005.51,756.0,131913.69,25.3,101442.2,5000.0,3,4,10831.0,36,Salaried,3.4314,0.8823,0.1593,High
C07422,60,46-65,45255.68,609.0,50432.8,4.0,22732.37,5000.0,0,0,16607.31,60,Salaried,1.6167,1.3258,0.367,Low
C07423,29,21-30,96808.56,814.0,20172.99,5.5,108967.5,5000.0,1,0,6629.44,24,Salaried,1.334,0.6198,0.0685,Low
C07424,55,46-65,26868.05,766.0,59164.43,8.0,44535.91,5000.0,0,2,2725.73,24,Salaried,3.8596,2.2331,0.1014,Medium
C07425,64,46-65,106046.76,663.0,28643.44,5.2,16528.25,6001.84,0,1,19551.57,12,Self-employed,0.426,0.6792,0.1844,Low
C07426,65,46-65,66420.74,714.0,102986.75,9.6,48157.87,5000.0,0,3,17857.24,36,Business,2.2756,0.9033,0.2689,Low
C07427,47,46-65,57759.67,850.0,72946.27,12.4,7329.34,5000.0,0,0,10924.4,36,Salaried,1.3898,1.0388,0.1891,Low
C07428,54,46-65,26330.97,755.0,49144.2,5.7,40338.85,5000.0,0,1,18289.98,36,Salaried,3.3984,2.2787,0.6946,Low
C07429,60,46-65,37920.94,698.0,136485.97,15.4,48424.11,5000.0,0,0,908.72,48,Business,4.8762,1.5822,0.024,Medium
C07430,59,46-65,125668.26,850.0,371197.49,6.9,0.0,8599.85,0,0,61204.55,36,Self-employed,2.9538,0.8212,0.487,Low
C07431,61,46-65,57954.48,689.0,194923.52,5.2,46802.54,5000.0,0,0,21922.49,36,Self-employed,4.171,1.0353,0.3783,Medium
C07432,58,46-65,75755.15,724.0,281756.95,2.8,142430.39,5000.0,0,2,41755.91,36,Salaried,5.5995,0.792,0.5512,Medium
C07433,38,31-45,40070.67,610.0,37248.74,13.2,47771.91,5000.0,0,0,3880.98,36,Salaried,2.1218,1.4974,0.0969,Medium
C07434,53,46-65,63969.55,554.0,77943.09,10.8,67558.59,5000.0,0,2,31156.32,36,Business,2.2745,0.9379,0.487,High
C07435,39,31-45,30560.36,658.0,28366.14,3.8,49737.06,5000.0,0,1,7963.26,12,Salaried,2.5557,1.9633,0.2606,Low
C07436,57,46-65,68670.69,683.0,19415.41,4.7,47236.65,5000.0,0,2,40135.44,36,Business,0.9706,0.8737,0.5845,Low
C07437,57,46-65,79697.62,705.0,245157.28,10.2,29887.24,5000.0,0,1,31084.32,24,Salaried,3.4511,0.7528,0.39,Medium
C07438,63,46-65,77534.68,574.0,259154.02,12.7,32765.44,5000.0,0,1,2692.09,36,Salaried,3.765,0.7738,0.0347,High
C07439,47,46-65,39544.06,730.0,80957.75,11.0,21117.9,5000.0,0,0,0.0,48,Salaried,2.5813,1.5173,0.0,Low
C07440,42,31-45,53853.06,618.0,164251.62,13.2,16309.17,5000.0,0,1,29699.93,36,Salaried,3.3528,1.1141,0.5515,High
C07441,28,21-30,87343.1,726.0,223002.56,30.2,51309.23,5579.13,1,2,32738.13,48,Business,3.1406,0.7665,0.3748,Medium
C07442,49,46-65,57864.07,750.0,80188.96,15.5,100013.41,5000.0,0,0,30656.82,60,Self-employed,3.1142,1.0369,0.5298,Low
C07443,46,46-65,55499.24,650.0,22604.14,13.4,31426.91,5000.0,0,2,16932.99,60,Salaried,0.9735,1.0811,0.3051,Low
C07444,44,31-45,185173.73,608.0,500000.0,6.1,122093.23,12002.92,0,1,124523.44,36,Salaried,3.3595,0.7778,0.6725,Medium
C07445,51,46-65,38526.38,796.0,100587.37,3.5,39799.75,5000.0,0,2,9666.29,60,Self-employed,3.6439,1.5574,0.2509,Low
C07446,59,46-65,117756.32,745.0,160103.17,19.7,45723.29,6665.83,0,2,28256.96,48,Business,1.7479,0.6793,0.24,Low
C07447,27,21-30,34443.25,691.0,31374.51,6.3,48891.42,5000.0,0,2,9025.64,36,Business,2.3304,1.742,0.262,Medium
C07448,40,31-45,93178.49,790.0,246001.57,11.7,83900.53,5000.0,2,1,20821.31,36,Salaried,3.5405,0.6439,0.2235,High
C07449,53,46-65,95954.22,686.0,257029.02,2.6,29315.66,6260.66,0,2,24479.31,12,Self-employed,2.9842,0.783,0.2551,Medium
C07450,57,46-65,49091.53,633.0,101222.39,1.8,53769.5,5000.0,2,3,868.94,36,Salaried,3.1572,1.2222,0.0177,High
C07451,56,46-65,33273.96,605.0,107733.77,15.5,22051.26,5000.0,1,3,20332.44,48,Salaried,3.9005,1.8032,0.6111,High
C07452,56,46-65,21991.35,672.0,23772.36,5.1,28181.6,5000.0,0,0,15077.83,36,Salaried,2.3625,2.7283,0.6856,Low
C07453,59,46-65,46343.21,738.0,163334.36,11.7,19703.56,5000.0,0,1,12971.13,48,Salaried,3.9496,1.2947,0.2799,Medium
C07454,64,46-65,86817.44,784.0,190797.57,5.1,71393.14,5587.67,0,1,10036.69,36,Salaried,3.02,0.7723,0.1156,Low
C07455,48,46-65,35934.28,682.0,89681.42,12.5,48500.78,5000.0,0,2,14018.64,60,Salaried,3.8454,1.6697,0.3901,Medium
C07456,32,31-45,68559.98,771.0,218413.62,8.4,34678.85,5000.0,0,1,19094.89,12,Salaried,3.6915,0.8751,0.2785,Low
C07457,46,46-65,28856.95,664.0,82782.39,7.4,33599.21,5000.0,0,0,4995.35,48,Salaried,4.0331,2.0792,0.1731,High
C07458,52,46-65,57153.96,621.0,70692.48,10.9,81270.53,5000.0,0,0,18262.13,24,Salaried,2.6588,1.0498,0.3195,Low
C07459,25,21-30,34588.22,582.0,93575.14,12.1,3366.17,5000.0,0,1,25143.1,60,Salaried,2.8027,1.7347,0.7269,Medium
C07460,55,46-65,62271.13,642.0,120047.23,5.5,110279.07,5000.0,0,0,27315.2,36,Business,3.6988,0.9635,0.4386,Medium
C07461,45,31-45,49342.88,585.0,26435.3,11.7,63494.33,5000.0,0,2,23849.67,36,Self-employed,1.8225,1.216,0.4833,Medium
C07462,63,46-65,33773.82,831.0,102630.9,12.3,38231.31,5000.0,1,2,17703.65,36,Salaried,4.1708,1.7765,0.5242,Low
C07463,30,21-30,45241.14,713.0,68952.87,15.3,29387.28,5000.0,0,2,25382.74,36,Salaried,2.1737,1.3262,0.5611,Low
C07464,61,46-65,38884.71,673.0,79045.4,18.4,32232.49,5000.0,0,1,24356.3,24,Self-employed,2.8617,1.543,0.6264,Low
C07465,41,31-45,31554.89,809.0,46334.01,8.6,20892.08,5000.0,0,0,20616.35,60,,2.1304,1.9014,0.6533,Low
C07466,46,46-65,117907.15,582.0,42011.09,5.2,180946.32,7462.8,2,1,39955.85,12,Salaried,1.891,0.7595,0.3389,High
C07467,50,46-65,53318.91,670.0,32291.43,4.3,56061.13,5000.0,0,2,22945.72,24,Self-employed,1.6571,1.1253,0.4303,Low
C07468,47,46-65,19359.11,830.0,59520.28,5.8,,5000.0,0,1,11435.2,24,Salaried,4.0109,3.0993,0.5907,Low
C07469,61,46-65,46135.5,669.0,50166.25,6.1,62739.24,5000.0,0,1,11362.64,48,Salaried,2.4473,1.3005,0.2463,Low
C07470,28,21-30,107498.7,850.0,267410.89,6.8,80033.03,5157.5,0,3,74960.14,24,Business,3.2321,0.5757,0.6973,Low
C07471,53,46-65,42761.58,,70825.63,8.4,1211.65,5000.0,0,1,11708.21,24,Business,1.6846,1.4031,0.2738,Low
C07472,64,46-65,148138.32,778.0,114613.61,9.8,71220.45,8367.63,0,0,90655.42,12,Business,1.2545,0.6778,0.612,Low
C07473,30,21-30,40577.88,780.0,64773.71,10.2,63235.74,5000.0,0,1,6165.67,12,Self-employed,3.1547,1.4786,0.1519,Low
C07474,32,31-45,85735.05,680.0,122506.72,14.0,46947.78,5000.0,0,0,53605.93,36,Salaried,1.9765,0.6998,0.6253,Low
C07475,42,31-45,114954.74,643.0,351633.59,19.6,64082.87,5000.0,1,3,36362.38,36,Salaried,3.6163,0.5219,0.3163,High
C07476,53,46-65,83262.14,671.0,276928.55,10.2,72868.31,5568.88,1,0,36207.14,24,Business,4.2012,0.8026,0.4349,High
C07477,64,46-65,30521.02,606.0,30173.6,6.1,35513.94,5000.0,0,1,13964.87,24,Salaried,2.1522,1.9659,0.4575,Low
C07478,56,46-65,38707.35,675.0,15549.08,13.8,28143.4,5000.0,1,1,7563.71,60,Salaried,1.1288,1.5501,0.1954,Low
C07479,56,46-65,123708.29,680.0,266779.6,13.3,212986.61,6717.58,0,2,31141.73,12,Salaried,3.8782,0.6516,0.2517,Low
C07480,40,31-45,41756.33,807.0,75413.28,5.7,34860.64,5000.0,1,2,38303.51,24,Salaried,2.6409,1.4369,0.9173,Low
C07481,50,46-65,111164.31,724.0,208583.21,13.4,25739.36,5000.0,0,1,45747.08,24,Salaried,2.1079,0.5397,0.4115,Low
C07482,30,21-30,51302.05,850.0,93053.06,0.8,90400.05,5000.0,0,2,18918.4,24,Salaried,3.5759,1.1695,0.3688,Low
C07483,41,31-45,70258.25,518.0,166510.9,4.3,49319.32,5000.0,0,1,47386.08,48,Salaried,3.072,0.854,0.6745,Low
C07484,29,21-30,30326.69,589.0,51521.88,3.6,60491.5,5000.0,0,0,21988.8,48,Business,3.6936,1.9785,0.7251,Medium
C07485,22,21-30,46518.04,653.0,151843.82,4.5,75786.41,5000.0,1,1,33464.49,36,Salaried,4.8934,1.2898,0.7194,High
C07486,59,46-65,40163.91,792.0,57372.09,14.0,52543.26,5000.0,0,1,14074.11,60,Salaried,2.7367,1.4939,0.3504,Low
C07487,57,46-65,73586.9,672.0,87170.84,7.3,28894.38,5181.41,0,2,18184.05,60,Salaried,1.5773,0.8449,0.2471,Low
C07488,43,31-45,68418.68,570.0,214838.87,15.1,11814.37,5000.0,1,1,28024.66,48,Salaried,3.3127,0.877,0.4096,High
C07489,21,21-30,83834.51,662.0,119046.34,20.7,33031.12,5000.0,2,4,54109.61,12,Salaried,1.814,0.7157,0.6454,Medium
C07490,25,21-30,49630.22,590.0,7940.16,20.1,45975.14,5000.0,0,0,26610.64,36,Salaried,1.0863,1.2089,0.5362,Low
C07491,26,21-30,38968.78,575.0,27674.79,5.6,59874.87,5000.0,0,1,18087.89,24,Self-employed,2.2467,1.5397,0.4642,Medium
C07492,53,46-65,71872.11,830.0,174434.0,7.5,34757.77,5000.0,1,0,10919.11,36,Salaried,2.9106,0.8348,0.1519,Low
C07493,30,21-30,36896.38,654.0,62508.29,8.6,4520.59,5000.0,0,1,18823.64,24,Salaried,1.8167,1.6262,0.5102,Low
C07494,32,31-45,117627.12,693.0,217393.77,22.6,7255.79,8252.03,1,1,51608.79,36,Salaried,1.9098,0.8418,0.4387,Low
C07495,59,46-65,61032.1,673.0,25680.6,5.5,59840.41,5000.0,0,3,35950.27,24,Salaried,1.4012,0.9831,0.589,Low
C07496,60,46-65,54326.54,661.0,45647.6,16.6,0.0,5000.0,1,1,20470.27,36,Business,0.8402,1.1044,0.3768,Low
C07497,55,46-65,83812.64,617.0,117058.6,11.7,114660.81,5000.0,0,0,11280.68,36,Self-employed,2.7647,0.7159,0.1346,Medium
C07498,34,31-45,62326.51,657.0,82130.01,1.1,30533.93,5000.0,0,3,16690.17,36,Business,1.8076,0.9627,0.2678,Low
C07499,47,46-65,26113.67,705.0,68404.09,7.1,9808.6,5000.0,0,0,12280.81,24,Salaried,2.9951,2.2976,0.4703,Low
C07500,30,21-30,36255.85,786.0,77678.21,4.1,51112.77,5000.0,0,0,8743.18,60,Salaried,3.5523,1.6549,0.2412,Low
C07501,59,46-65,116294.65,751.0,312547.96,7.0,127460.09,5794.91,0,0,56618.03,48,Salaried,3.7836,0.598,0.4868,Low
C07502,24,21-30,68069.12,589.0,171449.8,1.2,101896.88,5000.0,0,1,32848.58,36,Self-employed,4.0157,0.8815,0.4826,Medium
C07503,54,46-65,25778.09,754.0,57578.95,23.4,42972.95,5000.0,1,4,11159.54,48,Salaried,3.9007,2.3276,0.4329,Medium
C07504,44,31-45,78889.56,716.0,157893.22,6.5,33957.17,5000.0,0,1,38729.47,60,Self-employed,2.4319,0.7606,0.4909,Low
C07505,55,46-65,47788.97,633.0,52893.48,7.0,0.0,5000.0,0,0,0.0,36,Salaried,1.1068,1.2555,0.0,Low
C07506,41,31-45,40181.73,694.0,100907.07,22.0,63277.65,5000.0,1,3,12043.81,36,Salaried,4.0861,1.4932,0.2997,High
C07507,28,21-30,34629.55,723.0,29728.63,3.1,38941.93,5000.0,0,2,10188.41,12,Salaried,1.983,1.7326,0.2942,Low
C07508,54,46-65,112657.08,684.0,294778.47,12.0,186624.13,5000.0,0,0,18351.26,60,Self-employed,4.2732,0.5326,0.1629,Low
C07509,49,46-65,22051.11,716.0,24330.98,5.1,0.0,5000.0,1,0,11119.24,36,Salaried,1.1034,2.721,0.5042,Low
C07510,41,31-45,41007.08,615.0,83453.76,1.9,55986.84,5000.0,0,0,7926.57,60,Business,3.4004,1.4632,0.1933,High
C07511,37,31-45,69439.58,829.0,228159.59,12.9,137742.7,5000.0,0,0,20202.64,24,Salaried,5.2694,0.8641,0.2909,Low
C07512,36,31-45,154854.65,535.0,224820.74,18.8,89482.02,6748.85,0,2,81989.52,24,Salaried,2.0297,0.523,0.5295,Low
C07513,42,31-45,88147.3,723.0,28061.09,8.3,16102.52,5466.86,0,2,16948.56,48,Self-employed,0.501,0.7442,0.1923,Low
C07514,32,31-45,40815.98,708.0,122695.24,14.2,39435.07,5000.0,0,1,24999.51,24,Salaried,3.9722,1.47,0.6125,Medium
C07515,33,31-45,150736.26,728.0,222324.58,5.5,106185.72,5000.0,0,2,32476.18,60,Salaried,2.1794,0.398,0.2155,Low
C07516,33,31-45,30847.92,627.0,51189.72,12.2,13333.38,5000.0,0,4,11854.82,36,Salaried,2.0917,1.945,0.3843,Medium
C07517,21,21-30,75212.86,768.0,87687.8,8.8,7028.6,5306.05,0,2,15819.88,24,Salaried,1.2593,0.8466,0.2103,Low
C07518,62,46-65,,672.0,134515.2,5.9,123950.3,5000.0,0,3,30680.19,60,Self-employed,3.0407,0.7059,0.3609,Medium
C07519,31,31-45,40035.79,591.0,75042.29,3.9,3204.52,5000.0,1,0,25847.24,12,Business,1.9544,1.4987,0.6456,High
C07520,28,21-30,95398.56,598.0,278577.13,18.6,166341.35,5000.0,0,1,14975.32,36,Self-employed,4.6638,0.6289,0.157,Medium
C07521,27,21-30,48996.44,689.0,117219.31,9.0,17075.31,5000.0,0,0,11545.15,60,Salaried,2.7409,1.2246,0.2356,Low
C07522,65,46-65,95270.06,560.0,188209.77,6.7,151867.93,6354.85,0,0,42036.45,36,Salaried,3.5696,0.8004,0.4412,High
C07523,42,31-45,23632.19,815.0,66392.38,7.3,16863.45,5000.0,1,2,6997.74,60,Salaried,3.523,2.5389,0.2961,Medium
C07524,35,31-45,,759.0,240745.58,12.5,30235.33,5000.0,0,0,2690.26,60,Salaried,3.4675,0.7678,0.0344,Low
C07525,39,31-45,51817.53,817.0,23333.46,13.9,86005.32,5000.0,0,4,28535.72,60,Salaried,2.1101,1.1579,0.5507,Low
C07526,24,21-30,122330.25,809.0,275135.83,8.8,61843.78,5000.0,0,1,67355.26,36,Self-employed,2.7547,0.4905,0.5506,Low
C07527,35,31-45,63446.55,654.0,23259.88,11.8,22281.91,5000.0,0,2,29717.5,36,Salaried,0.7178,0.9457,0.4684,Low
C07528,32,31-45,129213.17,615.0,160990.22,6.9,109395.53,7866.01,0,0,59702.78,36,Self-employed,2.0926,0.7305,0.462,Low
C07529,57,46-65,85933.55,479.0,234045.26,7.6,110063.26,5000.0,0,1,46625.67,24,Salaried,4.0044,0.6982,0.5426,High
C07530,23,21-30,60597.74,650.0,160248.07,13.1,100048.08,5000.0,0,1,21596.53,48,Business,4.2955,0.9901,0.3564,High
C07531,40,31-45,100243.82,812.0,309584.42,6.8,30044.2,6822.04,0,1,44872.94,60,Self-employed,3.388,0.8167,0.4476,Low
C07532,56,46-65,100596.7,618.0,188894.35,3.7,165153.31,5000.0,1,2,50168.0,36,Business,3.5195,0.5964,0.4987,High
C07533,58,46-65,84262.57,664.0,43166.42,12.6,5780.46,5000.0,1,0,52219.44,36,Salaried,0.5809,0.7121,0.6197,Low
C07534,44,31-45,,638.0,25098.77,11.2,2953.77,5000.0,0,1,14106.85,36,Self-employed,1.5227,3.2567,0.7657,Low
C07535,31,31-45,37863.17,708.0,32068.89,15.4,39557.97,5000.0,0,0,14630.56,36,Self-employed,1.8917,1.5847,0.3864,Low
C07536,36,31-45,139162.94,776.0,196644.46,12.5,62233.37,8317.62,0,0,16810.41,24,Salaried,1.8602,0.7172,0.1208,Low
C07537,31,31-45,32577.34,565.0,61060.79,11.0,42728.9,5000.0,0,1,2924.26,12,Self-employed,3.1859,1.8418,0.0898,High
C07538,50,46-65,105608.72,579.0,260610.09,3.3,118347.96,5000.0,0,0,36711.04,24,Self-employed,3.5883,0.5681,0.3476,High
C07539,34,31-45,95864.55,791.0,70331.56,8.7,143778.45,5726.94,0,0,42331.89,12,Business,2.2335,0.7169,0.4416,Low
C07540,49,46-65,43607.25,735.0,38102.37,6.2,95524.26,5000.0,0,1,17049.05,24,Salaried,3.0643,1.3759,0.391,Low
C07541,50,46-65,21693.44,661.0,15469.11,12.4,23615.93,5000.0,0,0,6952.53,48,Salaried,1.8017,2.7658,0.3205,Low
C07542,63,46-65,47535.91,808.0,125099.86,23.4,54962.98,5000.0,1,1,0.0,60,Salaried,3.7879,1.2622,0.0,Low
C07543,37,31-45,203831.88,578.0,222364.79,13.8,76161.44,14097.05,0,1,28585.4,24,Self-employed,1.4646,0.8299,0.1402,Low
C07544,64,46-65,40430.51,750.0,16032.32,3.1,42714.9,5000.0,0,1,2701.76,12,Salaried,1.453,1.484,0.0668,Low
C07545,39,31-45,41994.8,675.0,68774.71,10.6,61659.7,5000.0,0,1,32089.82,60,Salaried,3.106,1.4287,0.7641,Low
C07546,51,46-65,37551.64,725.0,37311.3,6.2,30475.64,5000.0,0,1,0.0,24,Salaried,1.8052,1.5978,0.0,Low
C07547,50,46-65,126788.3,501.0,177718.86,13.3,215607.42,8138.71,0,0,43343.15,48,Salaried,3.1022,0.7703,0.3419,High
C07548,57,46-65,56870.89,660.0,174933.61,14.7,0.0,5000.0,0,3,0.0,60,Salaried,3.076,1.055,0.0,Medium
C07549,42,31-45,46068.93,735.0,59370.31,8.5,58925.26,5000.0,0,2,13854.3,48,Self-employed,2.5678,1.3024,0.3007,Low
C07550,56,46-65,141429.02,675.0,100577.39,6.8,125225.97,9114.64,0,1,16894.6,24,Self-employed,1.5966,0.7734,0.1195,Low
C07551,36,31-45,89398.96,774.0,80926.52,11.0,128872.98,6008.55,0,2,26730.59,60,Salaried,2.3468,0.8065,0.299,Low
C07552,43,31-45,39203.96,772.0,12831.92,5.7,29199.67,5000.0,0,1,17314.27,36,Business,1.0721,1.5305,0.4416,Low
C07553,43,31-45,33162.38,608.0,101284.38,15.0,34891.43,5000.0,1,2,12023.56,36,Salaried,4.1063,1.8093,0.3626,High
C07554,52,46-65,122901.2,742.0,316033.96,12.6,49687.19,5000.0,0,2,0.0,36,Self-employed,2.9757,0.4882,0.0,Low
C07555,48,46-65,65602.96,606.0,111560.5,6.6,117451.89,5000.0,0,5,38253.37,60,Self-employed,3.4909,0.9146,0.5831,High
C07556,24,21-30,27726.87,684.0,58771.6,4.1,16103.41,5000.0,0,0,0.0,48,Self-employed,2.7004,2.164,0.0,Medium
C07557,57,46-65,24377.82,729.0,16241.52,10.3,0.0,5000.0,0,1,3203.87,48,Salaried,0.6662,2.4613,0.1314,Low
C07558,55,46-65,35183.1,617.0,63506.27,16.7,42271.96,5000.0,0,0,17011.88,60,Self-employed,3.0065,1.7054,0.4835,High
C07559,25,21-30,32873.63,739.0,54543.13,14.3,36395.33,5000.0,0,2,13984.44,24,Salaried,2.7663,1.8252,0.4254,Low
C07560,64,46-65,21095.19,642.0,47802.36,3.6,0.0,5000.0,0,2,13311.79,48,Salaried,2.266,2.8443,0.631,Medium
C07561,50,46-65,35504.46,636.0,97757.54,11.8,56319.78,5000.0,0,4,22617.83,48,Business,4.3397,1.6899,0.637,High
C07562,24,21-30,39208.48,733.0,42089.41,12.6,14514.62,5000.0,1,0,1492.45,48,Self-employed,1.4437,1.5303,0.0381,Low
C07563,43,31-45,50396.04,617.0,139087.57,7.6,20565.82,5000.0,0,0,10296.24,36,Salaried,3.168,1.1906,0.2043,Medium
C07564,58,46-65,164924.5,,81157.66,9.1,173399.87,7155.52,0,1,57470.94,60,Salaried,1.5435,0.5206,0.3485,Low
C07565,33,31-45,56127.36,758.0,24158.03,13.8,39101.2,5000.0,2,1,18515.73,24,Salaried,1.1271,1.069,0.3299,Low
C07566,62,46-65,59276.98,688.0,37610.99,9.7,18296.72,5000.0,0,3,31303.78,48,Salaried,0.9432,1.0122,0.5281,Low
C07567,39,31-45,86011.22,571.0,92673.38,1.6,58024.23,5000.0,0,1,30140.17,24,Salaried,1.7521,0.6976,0.3504,Low
C07568,31,31-45,57046.25,744.0,64031.75,4.9,50361.65,5000.0,0,1,37139.7,24,Self-employed,2.0053,1.0518,0.651,Low
C07569,37,31-45,81001.8,650.0,247074.96,6.5,66773.99,5000.0,0,1,16679.13,48,Business,3.8746,0.7407,0.2059,High
C07570,44,31-45,75847.55,575.0,94253.59,5.0,75956.5,5000.0,0,1,834.02,36,Self-employed,2.2441,0.7911,0.011,Medium
C07571,51,46-65,69533.66,492.0,87784.57,14.9,111702.64,5000.0,1,0,33373.46,48,Salaried,2.8689,0.8629,0.48,High
C07572,62,46-65,297657.54,748.0,124962.78,11.5,189000.99,19038.72,0,2,108415.88,36,Salaried,1.0548,0.7675,0.3642,Medium
C07573,29,21-30,107286.89,616.0,33602.48,3.2,169469.68,5000.0,0,1,30722.0,36,Self-employed,1.8928,0.5592,0.2864,Low
C07574,64,46-65,35853.46,587.0,20887.38,11.3,38536.63,5000.0,0,0,23469.14,36,Self-employed,1.6574,1.6735,0.6546,Low
C07575,44,31-45,79679.27,728.0,51210.96,15.6,94025.07,5199.64,0,1,4653.88,48,Self-employed,1.8228,0.7831,0.0584,Low
C07576,26,21-30,,740.0,38541.35,7.7,48827.29,5000.0,1,1,29252.46,36,Salaried,2.0776,1.4268,0.6956,Low
C07577,62,46-65,83081.76,621.0,54447.37,10.9,24831.84,5000.0,1,0,489.33,48,Salaried,0.9542,0.7222,0.0059,Medium
C07578,36,31-45,30509.38,748.0,17592.02,9.4,31062.62,5000.0,1,1,11280.78,36,Salaried,1.5947,1.9666,0.3697,Low
C07579,48,46-65,35343.29,834.0,89671.45,3.9,54087.13,5000.0,0,0,18777.61,24,Salaried,4.0675,1.6976,0.5313,Low
C07580,52,46-65,78534.38,781.0,287416.7,11.4,15384.84,5000.0,0,0,0.0,24,Self-employed,3.8557,0.764,0.0,Low
C07581,21,21-30,112517.11,769.0,24613.21,6.1,65938.22,7473.23,0,0,38691.69,36,Salaried,0.8048,0.797,0.3439,Low
C07582,30,21-30,85699.04,704.0,205093.11,20.4,107604.6,5000.0,0,0,2020.0,36,Salaried,3.6488,0.7001,0.0236,Medium
C07583,51,46-65,103975.14,647.0,238414.84,3.7,135705.75,7086.56,0,0,10851.0,48,Salaried,3.5982,0.8179,0.1044,Medium
C07584,35,31-45,79837.03,676.0,175031.33,8.8,68522.39,5000.0,0,0,0.0,36,Salaried,3.0506,0.7515,0.0,Low
C07585,21,21-30,71468.74,713.0,163010.47,16.1,87837.58,5000.0,2,0,12794.15,48,Salaried,3.5099,0.8395,0.179,High
C07586,22,21-30,49272.0,586.0,102324.54,6.6,81317.06,5000.0,0,0,26750.55,12,Salaried,3.7271,1.2177,0.5429,Medium
C07587,58,46-65,101650.28,622.0,333623.48,11.2,101130.74,5000.83,0,0,22774.63,24,Salaried,4.277,0.5904,0.224,Medium
C07588,27,21-30,114213.65,573.0,76420.67,35.0,145120.89,6735.68,0,0,15844.08,60,Self-employed,1.9397,0.7077,0.1387,Low
C07589,25,21-30,62782.33,698.0,92166.21,15.4,0.0,5000.0,1,2,41117.36,36,Salaried,1.468,0.9557,0.6549,Low
C07590,46,46-65,60951.47,686.0,151688.81,11.6,16483.65,5000.0,0,1,38113.48,36,Salaried,2.7591,0.9844,0.6253,Medium
C07591,26,21-30,155969.5,631.0,490572.3,14.2,181754.29,5000.0,0,1,33843.13,36,Business,4.3106,0.3847,0.217,Medium
C07592,50,46-65,64274.01,742.0,116131.63,12.0,88068.33,5000.0,0,2,12460.15,48,Salaried,3.177,0.9335,0.1939,Medium
C07593,45,31-45,67762.88,602.0,230376.48,4.8,28846.83,5000.0,0,1,42895.54,48,Salaried,3.8254,0.8854,0.633,High
C07594,50,46-65,84835.28,628.0,183458.54,11.0,139466.14,5000.0,0,6,32072.5,24,Salaried,3.8065,0.7073,0.3781,High
C07595,43,31-45,61595.81,739.0,151212.2,29.1,16685.99,5000.0,0,1,1871.03,60,Self-employed,2.7258,0.9741,0.0304,Low
C07596,56,46-65,41396.66,750.0,107574.65,18.3,48716.68,5000.0,0,1,19822.75,36,Self-employed,3.7755,1.4494,0.4788,Low
C07597,50,46-65,80019.34,620.0,202220.36,7.3,81989.72,5000.0,0,0,38749.24,60,Salaried,3.5518,0.7498,0.4842,Medium
C07598,39,31-45,63629.17,697.0,125274.13,7.9,75781.01,5000.0,1,2,2828.36,60,Salaried,3.1598,0.943,0.0445,Medium
C07599,21,21-30,179042.76,622.0,497291.5,30.3,318202.68,8647.1,0,1,41422.63,12,Self-employed,4.5547,0.5796,0.2314,Medium
C07600,33,31-45,100286.79,665.0,26865.42,8.8,99552.35,5714.37,0,2,38254.72,36,Salaried,1.2606,0.6838,0.3815,Low
C07601,26,21-30,46846.3,691.0,144571.44,6.7,60907.7,5000.0,0,1,0.0,48,Salaried,4.3862,1.2808,0.0,Medium
C07602,21,21-30,97063.98,722.0,275744.47,4.9,25401.43,5000.0,0,0,22428.82,48,Salaried,3.1026,0.6181,0.2311,Low
C07603,33,31-45,76992.92,704.0,169370.79,9.9,0.0,5000.0,0,0,10372.7,36,Self-employed,2.1998,0.7793,0.1347,Low
C07604,30,21-30,133562.79,700.0,29426.96,6.4,222115.69,5000.0,0,2,11615.83,60,Salaried,1.8833,0.4492,0.087,High
C07605,24,21-30,48712.59,599.0,56167.28,9.6,87093.73,5000.0,1,2,2881.27,12,Self-employed,2.9409,1.2317,0.0591,High
C07606,35,31-45,72107.58,709.0,55421.91,11.4,105298.57,5000.0,0,0,30608.55,60,Self-employed,2.2289,0.8321,0.4245,Low
C07607,43,31-45,61552.21,721.0,62993.32,19.7,98350.25,5000.0,0,0,30469.95,60,Salaried,2.6212,0.9748,0.495,Low
C07608,29,21-30,67124.62,732.0,146608.31,7.8,14290.89,5000.0,0,1,0.0,36,Business,2.397,0.8939,0.0,Low
C07609,33,31-45,39945.97,626.0,111173.32,1.5,65897.52,5000.0,0,2,2612.41,12,Self-employed,4.4328,1.502,0.0654,High
C07610,21,21-30,89222.99,749.0,223806.84,7.5,37235.93,5000.0,1,2,30975.2,60,Business,2.9257,0.6725,0.3472,Medium
C07611,23,21-30,81799.21,581.0,119046.38,7.6,81646.48,5000.0,0,4,23839.77,36,Self-employed,2.4535,0.7335,0.2914,Medium
C07612,28,21-30,131796.66,648.0,428857.18,7.2,158049.91,5332.73,1,0,33008.65,24,Business,4.4531,0.4855,0.2505,High
C07613,41,31-45,64642.56,659.0,190902.85,8.5,80979.78,5000.0,0,1,21682.22,60,Salaried,4.2059,0.9282,0.3354,Low
C07614,50,46-65,51825.15,585.0,129391.66,2.1,18300.21,5000.0,0,1,15235.46,36,Business,2.8498,1.1577,0.294,High
C07615,56,46-65,100333.45,658.0,142452.1,3.8,153174.93,6110.23,0,2,55550.43,36,Salaried,2.9464,0.7308,0.5537,Low
C07616,49,46-65,41996.02,697.0,99073.29,7.0,40475.2,5000.0,0,3,28573.27,48,Self-employed,3.3229,1.4287,0.6804,Medium
C07617,48,46-65,118052.42,543.0,181500.7,15.4,203815.84,5000.0,0,1,43706.2,36,Business,3.2639,0.5082,0.3702,High
C07618,63,46-65,117913.39,650.0,79434.44,8.9,87521.83,7481.38,0,1,11766.94,48,Salaried,1.4159,0.7614,0.0998,Low
C07619,32,31-45,129786.48,549.0,278605.28,12.6,70390.77,7598.49,0,1,15203.06,48,Self-employed,2.689,0.7026,0.1171,Medium
C07620,56,46-65,79960.27,833.0,199215.57,3.4,120871.3,5000.0,0,1,31838.0,24,Salaried,4.0031,0.7504,0.3982,Low
C07621,63,46-65,49740.24,696.0,62792.0,5.3,55337.5,5000.0,0,1,26697.14,12,Business,2.3749,1.2063,0.5367,Low
C07622,46,46-65,69023.05,689.0,242475.9,0.5,14480.85,5000.0,0,1,5628.78,36,Business,3.7228,0.8693,0.0815,Medium
C07623,58,46-65,80111.96,697.0,240247.93,1.8,66816.71,5000.0,2,1,21762.37,60,Salaried,3.8329,0.749,0.2716,High
C07624,27,21-30,47765.77,725.0,101779.94,27.5,20838.65,5000.0,0,2,22252.22,36,Business,2.5671,1.2561,0.4659,Low
C07625,60,46-65,135314.44,753.0,50200.1,3.3,200123.44,5000.0,0,1,24553.84,48,Salaried,1.8499,0.4434,0.1815,Low
C07626,46,46-65,89427.98,563.0,15348.73,4.4,80806.91,5000.0,0,1,42891.74,24,Business,1.0752,0.6709,0.4796,Low
C07627,30,21-30,39791.95,778.0,84068.35,5.2,24220.7,5000.0,0,1,20791.41,36,Self-employed,2.7214,1.5078,0.5225,Low
C07628,23,21-30,183088.16,773.0,500000.0,22.6,13087.91,5461.6,0,0,77145.47,48,Salaried,2.8024,0.358,0.4214,Low
C07629,53,46-65,68576.6,675.0,129912.81,3.4,41226.1,5000.0,1,0,42129.03,48,Salaried,2.4956,0.8749,0.6143,Low
C07630,40,31-45,35610.15,671.0,28969.26,8.1,27585.9,5000.0,0,2,13483.94,24,Salaried,1.5882,1.6849,0.3787,Low
C07631,34,31-45,41171.55,447.0,33575.37,5.5,70440.91,5000.0,0,1,22031.45,24,Salaried,2.5264,1.4573,0.5351,High
C07632,38,31-45,147329.01,587.0,133952.54,6.4,247267.43,5000.0,0,0,55249.27,36,Salaried,2.5875,0.4073,0.375,Low
C07633,65,46-65,177350.67,719.0,406745.18,2.8,151612.6,5000.0,0,1,76956.02,12,Self-employed,3.1483,0.3383,0.4339,Low
C07634,40,31-45,113250.71,770.0,194490.45,5.6,163292.93,5357.14,1,1,27832.68,24,Salaried,3.1592,0.5676,0.2458,Low
C07635,24,21-30,134290.72,735.0,53544.04,13.2,198328.49,6330.72,0,1,3661.78,36,Salaried,1.8756,0.5657,0.0273,Low
C07636,33,31-45,126916.04,674.0,222297.75,8.0,186150.39,5000.0,1,4,85255.97,12,Self-employed,3.2183,0.4728,0.6718,High
C07637,27,21-30,88295.68,824.0,277311.81,11.1,43323.42,5959.59,1,0,39221.65,12,Salaried,3.6314,0.81,0.4442,Medium
C07638,51,46-65,77894.88,755.0,140486.62,3.7,120465.33,5000.0,0,1,22542.17,24,Salaried,3.3501,0.7703,0.2894,Low
C07639,57,46-65,87471.41,650.0,64345.5,14.2,147718.15,5351.75,0,1,4887.49,24,Salaried,2.4244,0.7342,0.0559,Low
C07640,58,46-65,97436.0,844.0,201613.96,8.4,139354.0,5000.0,1,0,19085.84,36,Self-employed,3.4994,0.6158,0.1959,Low
C07641,49,46-65,43228.86,598.0,157841.67,6.5,39832.4,5000.0,0,2,32462.38,48,Salaried,4.5727,1.388,0.7509,High
C07642,55,46-65,97218.84,570.0,47896.36,7.1,32179.91,5000.0,0,1,26511.76,12,Business,0.8237,0.6172,0.2727,Low
C07643,39,31-45,144984.46,648.0,86233.05,9.2,99429.08,5000.0,0,2,83998.89,24,Business,1.2806,0.4138,0.5794,Low
C07644,49,46-65,58025.49,623.0,121419.69,8.9,95041.69,5000.0,0,0,0.0,48,Salaried,3.7305,1.034,0.0,Medium
C07645,25,21-30,54712.98,653.0,83443.04,19.7,15538.0,5000.0,0,1,1493.06,36,Salaried,1.8091,1.0966,0.0273,Low
C07646,45,31-45,84477.71,740.0,257677.61,9.4,54511.43,5000.0,1,2,43824.11,12,Self-employed,3.6955,0.7102,0.5188,Medium
C07647,46,46-65,45471.04,677.0,98346.6,9.2,82231.18,5000.0,0,2,20701.31,36,Business,3.9713,1.3195,0.4553,Medium
C07648,22,21-30,31504.71,679.0,20626.51,7.8,52935.15,5000.0,1,0,16288.29,60,Salaried,2.3349,1.9045,0.517,Medium
C07649,45,31-45,122196.79,684.0,382480.5,10.5,152580.24,5000.0,0,5,60789.05,12,Salaried,4.3787,0.491,0.4975,Medium
C07650,53,46-65,50722.22,507.0,87100.57,15.1,67068.17,5000.0,1,1,23241.29,36,Salaried,3.0395,1.1829,0.4582,High
C07651,37,31-45,65662.89,566.0,128208.21,1.8,44211.22,5000.0,0,2,22515.13,12,Salaried,2.6258,0.9138,0.3429,Low
C07652,45,31-45,46470.54,651.0,33240.81,1.6,49915.85,5000.0,1,0,38913.36,36,Salaried,1.7894,1.2911,0.8374,Low
C07653,33,31-45,131184.2,617.0,312452.34,7.6,209870.53,5428.65,0,1,82748.37,36,Salaried,3.9816,0.4966,0.6308,Medium
C07654,33,31-45,103921.33,663.0,308416.86,4.9,82109.55,6518.41,0,1,26344.11,36,Business,3.7579,0.7527,0.2535,Medium
C07655,26,21-30,,785.0,5000.0,8.8,79662.5,5000.0,0,0,26119.46,36,Business,1.4869,1.0538,0.4587,Low
C07656,35,31-45,33968.84,674.0,53972.94,9.0,13348.77,5000.0,0,4,2495.72,24,Salaried,1.9819,1.7663,0.0735,Low
C07657,57,46-65,53708.75,581.0,188561.89,7.5,48084.0,5000.0,1,1,26423.44,60,Self-employed,4.4061,1.1171,0.492,High
C07658,63,46-65,88940.82,621.0,127338.25,17.6,136424.78,5000.0,0,4,35507.14,48,Self-employed,2.9656,0.6746,0.3992,Medium
C07659,49,46-65,72105.97,808.0,43433.99,4.6,116717.85,5000.0,0,0,0.0,36,Self-employed,2.2211,0.8321,0.0,Low
C07660,49,46-65,69019.65,795.0,23582.47,5.3,73730.12,5000.0,0,2,37199.67,36,Self-employed,1.4099,0.8693,0.539,Low
C07661,48,46-65,73026.44,725.0,169586.84,20.8,72942.58,5000.0,0,1,35992.78,36,Salaried,3.3211,0.8216,0.4929,Low
C07662,42,31-45,98664.5,563.0,243185.59,3.3,163321.91,5557.16,0,3,23857.7,12,Salaried,4.1201,0.6759,0.2418,High
C07663,40,31-45,63520.63,703.0,30510.92,7.2,52707.9,5000.0,1,2,22706.86,24,Salaried,1.3101,0.9446,0.3575,Low
C07664,48,46-65,83253.87,709.0,76462.35,6.7,0.0,5000.0,0,2,37731.19,48,Salaried,0.9184,0.7207,0.4532,Low
C07665,56,46-65,37772.51,682.0,69588.64,11.6,35245.9,5000.0,0,1,15870.23,36,Salaried,2.7754,1.5885,0.4202,Low
C07666,39,31-45,264808.04,637.0,500000.0,8.1,290600.04,18003.07,1,2,83824.49,36,Salaried,2.9856,0.8158,0.3165,High
C07667,46,46-65,55604.53,653.0,42982.9,2.9,75745.88,5000.0,1,0,10472.73,36,Business,2.1352,1.079,0.1883,Medium
C07668,42,31-45,72701.6,632.0,138191.14,5.9,31251.6,5000.0,0,0,39968.59,24,Salaried,2.3307,0.8253,0.5498,Low
C07669,33,31-45,88760.64,594.0,175529.78,5.4,111968.29,5000.0,0,2,55729.17,12,Salaried,3.239,0.676,0.6279,High
C07670,34,31-45,51855.06,782.0,19782.19,13.1,50553.09,5000.0,0,3,28840.78,48,Business,1.3564,1.1571,0.5562,Low
C07671,24,21-30,65280.34,746.0,64783.59,20.8,90234.21,5000.0,0,1,14685.37,60,Salaried,2.3746,0.9191,0.225,Low
C07672,40,31-45,64845.57,659.0,209268.72,17.7,41986.78,5000.0,0,0,26765.46,24,Salaried,3.8747,0.9253,0.4128,Medium
C07673,53,46-65,39317.37,706.0,119686.11,8.0,48122.31,5000.0,0,1,19580.99,24,Salaried,4.268,1.526,0.498,Medium
C07674,51,46-65,82732.41,709.0,81149.61,15.6,135381.23,5000.0,1,1,49989.57,60,Business,2.6172,0.7252,0.6042,Low
C07675,65,46-65,26240.79,850.0,81071.02,15.8,0.0,5000.0,0,0,9460.52,48,Salaried,3.0895,2.2865,0.3605,Low
C07676,22,21-30,170438.91,745.0,392689.25,23.5,251732.58,5633.71,0,0,30459.04,36,Salaried,3.781,0.3966,0.1787,Low
C07677,55,46-65,100536.54,743.0,345110.13,0.3,112062.64,5000.0,0,2,21420.88,48,Salaried,4.5473,0.5968,0.2131,Low
C07678,56,46-65,92379.45,683.0,305051.07,6.4,62341.54,5000.0,0,3,54437.76,24,Business,3.977,0.6495,0.5893,Medium
C07679,40,31-45,25008.96,647.0,38646.25,12.7,33141.4,5000.0,1,2,7762.42,24,Salaried,2.8705,2.3991,0.3104,High
C07680,33,31-45,42034.74,784.0,76715.25,5.1,34012.84,5000.0,0,0,19505.17,48,Salaried,2.6342,1.4274,0.464,Low
C07681,37,31-45,139564.53,729.0,87788.12,3.0,124379.47,5369.05,0,0,12220.71,24,Salaried,1.5202,0.4616,0.0876,Low
C07682,51,46-65,350000.0,618.0,500000.0,3.6,350000.0,12868.3,0,2,160168.41,12,Salaried,2.4286,0.4412,0.4576,Medium
C07683,59,46-65,125394.92,714.0,171629.78,10.7,37230.92,8682.29,0,2,84788.26,12,Business,1.6656,0.8309,0.6762,Low
C07684,49,46-65,114974.01,743.0,261206.87,5.4,190212.25,7964.01,1,2,44931.77,36,Salaried,3.9263,0.8312,0.3908,Low
C07685,44,31-45,86758.04,523.0,25810.21,3.6,99639.66,5000.0,0,0,42235.57,36,Salaried,1.446,0.6916,0.4868,Low
C07686,50,46-65,40782.94,611.0,130439.47,21.1,22017.48,5000.0,0,0,4042.77,60,Salaried,3.7383,1.4712,0.0991,Medium
C07687,24,21-30,112362.81,707.0,393281.59,10.6,31510.67,5443.3,0,2,69624.09,48,Salaried,3.7805,0.5813,0.6196,Low
C07688,48,46-65,35471.28,536.0,49424.84,19.1,0.0,5000.0,0,0,3269.5,48,Salaried,1.3934,1.6915,0.0922,Medium
C07689,22,21-30,33400.32,548.0,81027.13,6.5,41466.19,5000.0,0,0,9546.56,36,Business,3.6674,1.7964,0.2858,High
C07690,64,46-65,32263.81,660.0,99408.78,14.4,13720.42,5000.0,0,0,2698.83,24,Salaried,3.5064,1.8597,0.0836,Medium
C07691,61,46-65,111167.13,717.0,227503.4,4.2,125631.74,5000.0,0,3,76557.99,36,Salaried,3.1766,0.5397,0.6887,Low
C07692,43,31-45,62979.52,720.0,212537.75,5.4,98413.82,5000.0,0,2,30609.01,24,Business,4.9373,0.9527,0.486,Medium
C07693,37,31-45,68707.56,799.0,128613.4,6.4,119891.63,5000.0,0,0,39901.49,48,Salaried,3.6169,0.8733,0.5807,Low
C07694,53,46-65,64451.64,686.0,74270.72,5.5,110776.91,5000.0,1,0,31458.65,36,Self-employed,2.8711,0.9309,0.4881,Medium
C07695,49,46-65,34996.33,652.0,81938.7,3.4,29165.41,5000.0,0,2,11888.52,36,Salaried,3.1747,1.7145,0.3397,High
C07696,52,46-65,44947.06,582.0,82388.16,5.8,12625.12,5000.0,0,0,28580.92,48,Self-employed,2.1139,1.3349,0.6359,Medium
C07697,44,31-45,46208.0,651.0,46444.99,2.5,36304.25,5000.0,0,2,7109.13,48,Self-employed,1.7908,1.2985,0.1539,Low
C07698,31,31-45,30008.72,733.0,85593.8,8.8,11691.9,5000.0,1,1,21002.19,12,Salaried,3.2419,1.9994,0.6999,High
C07699,24,21-30,49258.0,736.0,107834.8,16.7,88389.05,5000.0,0,0,0.0,60,Salaried,3.9836,1.2181,0.0,Low
C07700,33,31-45,35861.66,700.0,52338.26,5.0,65132.24,5000.0,1,0,4185.01,24,Self-employed,3.2757,1.6731,0.1167,High
C07701,44,31-45,89309.59,721.0,137720.57,7.5,56346.14,5000.0,0,3,61922.27,36,Salaried,2.173,0.6718,0.6933,Low
C07702,40,31-45,93496.25,776.0,141885.68,15.8,87489.79,5000.0,0,0,40915.84,48,Salaried,2.4533,0.6417,0.4376,Low
C07703,43,31-45,31908.93,686.0,63105.01,21.4,5833.5,5000.0,0,1,17310.08,36,Salaried,2.1605,1.8804,0.5425,Low
C07704,33,31-45,55215.28,783.0,127623.93,15.0,45800.05,5000.0,0,0,14276.3,48,Salaried,3.1409,1.0867,0.2586,Low
C07705,63,46-65,180407.87,626.0,226826.91,9.0,41295.45,6393.1,0,1,52659.68,48,Business,1.4862,0.4252,0.2919,Low
C07706,37,31-45,37900.63,675.0,112450.46,11.9,61078.53,5000.0,0,2,23232.72,36,Self-employed,4.5785,1.5831,0.613,Medium
C07707,59,46-65,82190.36,644.0,270412.77,12.6,77233.71,5000.0,0,1,28909.94,36,Business,4.2298,0.73,0.3517,High
C07708,38,31-45,68884.03,739.0,132970.71,12.0,58876.19,5000.0,0,0,29202.24,12,Salaried,2.7851,0.871,0.4239,Low
C07709,40,31-45,118566.67,604.0,311637.06,5.4,60181.68,6732.06,0,0,8434.78,60,Business,3.1359,0.6813,0.0711,Medium
C07710,48,46-65,76469.66,656.0,233599.95,13.9,47357.52,5000.0,1,0,21380.81,24,Salaried,3.6741,0.7846,0.2796,Medium
C07711,32,31-45,51273.54,541.0,45266.87,16.6,28015.72,5000.0,0,0,32358.56,36,Salaried,1.4292,1.1702,0.6311,Medium
C07712,30,21-30,67431.18,725.0,72929.64,1.1,21744.21,5000.0,0,0,27631.86,48,Salaried,1.404,0.8898,0.4098,Low
C07713,38,31-45,67975.05,774.0,40360.44,6.4,2598.78,5000.0,0,2,29245.27,24,Salaried,0.632,0.8827,0.4302,Low
C07714,57,46-65,61803.19,748.0,113289.45,11.2,71649.13,5000.0,0,4,8147.51,36,Self-employed,2.9924,0.9708,0.1318,Low
C07715,27,21-30,31465.0,741.0,48045.88,9.7,17656.13,5000.0,0,0,9981.28,12,Salaried,2.0881,1.9069,0.3172,Low
C07716,40,31-45,128777.49,743.0,255175.77,11.4,155502.99,7068.01,1,1,40774.96,24,Self-employed,3.1891,0.6586,0.3166,Low
C07717,51,46-65,116854.05,732.0,186605.52,3.8,199110.59,7650.2,0,3,16343.54,36,Salaried,3.3008,0.7856,0.1399,Medium
C07718,52,46-65,36601.28,726.0,21390.39,1.0,47042.07,5000.0,1,0,8049.09,60,Self-employed,1.8697,1.6393,0.2199,Medium
C07719,40,31-45,55091.1,731.0,69073.47,9.2,86689.72,5000.0,0,2,20755.52,48,Self-employed,2.8274,1.0891,0.3767,Low
C07720,24,21-30,57431.34,631.0,23640.39,7.9,16026.45,5000.0,0,1,27205.84,24,,0.6907,1.0447,0.4737,Low
C07721,21,21-30,34408.44,665.0,81788.31,16.4,4197.4,5000.0,0,1,21422.3,48,Salaried,2.499,1.7438,0.6226,Low
C07722,42,31-45,23281.27,685.0,28977.05,11.3,34582.45,5000.0,0,1,7255.31,12,Salaried,2.7301,2.5772,0.3116,Medium
C07723,57,46-65,44950.47,655.0,31709.88,1.1,73755.38,5000.0,0,1,23894.98,24,Salaried,2.3463,1.3348,0.5316,Medium
C07724,22,21-30,53429.66,563.0,22736.81,11.5,92217.14,5000.0,1,2,0.0,48,Business,2.1515,1.123,0.0,Medium
C07725,60,46-65,29421.01,587.0,80517.1,19.4,32749.44,5000.0,0,1,1686.19,60,Self-employed,3.8499,2.0394,0.0573,High
C07726,51,46-65,,697.0,48940.75,16.0,92293.44,5000.0,1,2,36866.85,36,Salaried,1.9713,0.8375,0.5146,Low
C07727,21,21-30,123218.38,748.0,293568.78,11.3,35910.41,6562.28,0,3,72810.15,24,Self-employed,2.6739,0.6391,0.5909,Low
C07728,36,31-45,103291.09,681.0,293424.73,5.9,69454.85,5000.0,0,0,17431.64,24,Business,3.5132,0.5809,0.1688,Medium
C07729,30,21-30,60625.17,850.0,110236.44,7.4,11080.01,5000.0,0,0,36592.76,36,Salaried,2.0011,0.9897,0.6036,Low
C07730,63,46-65,23621.58,611.0,16329.65,7.2,27635.72,5000.0,0,0,15971.55,36,Self-employed,1.8612,2.54,0.6761,Low
C07731,45,31-45,96353.48,713.0,205663.34,12.6,117874.74,5000.0,0,2,49797.8,60,Salaried,3.3578,0.6227,0.5168,Low
C07732,35,31-45,70449.98,777.0,16711.3,12.1,38017.9,5000.0,1,0,17530.77,36,Salaried,0.7769,0.8517,0.2488,Low
C07733,33,31-45,82087.06,760.0,229561.2,8.8,131971.84,5000.0,0,1,15343.86,36,Salaried,4.4043,0.7309,0.1869,Low
C07734,46,46-65,188527.49,729.0,494759.51,15.2,283408.45,12409.84,1,0,81121.34,48,Salaried,4.1276,0.7899,0.4303,Low
C07735,21,21-30,41294.98,760.0,50265.66,4.9,87133.67,5000.0,0,1,14535.56,48,Salaried,3.3273,1.453,0.352,Medium
C07736,32,31-45,18000.0,684.0,8747.53,14.5,33679.57,5000.0,0,0,16111.78,24,Business,2.3571,3.3333,0.8951,Low
C07737,28,21-30,36415.24,805.0,77670.74,21.7,50298.99,5000.0,0,2,5877.63,36,Business,3.5142,1.6477,0.1614,Medium
C07738,48,46-65,84920.21,776.0,179387.16,18.1,82930.47,5396.61,0,1,22580.87,36,Salaried,3.089,0.7626,0.2659,Low
C07739,51,46-65,65969.76,616.0,32955.68,14.5,91165.32,5000.0,0,1,39115.55,24,Salaried,1.8815,0.9095,0.5929,Low
C07740,42,31-45,33307.66,704.0,71075.0,5.8,26286.89,5000.0,0,0,21612.38,24,Salaried,2.9231,1.8014,0.6489,Low
C07741,27,21-30,29771.24,564.0,33761.72,10.4,22927.69,5000.0,0,2,0.0,60,Self-employed,1.9042,2.0154,0.0,High
C07742,37,31-45,53482.38,794.0,157037.2,19.6,77468.69,5000.0,0,0,14540.43,24,Salaried,4.3847,1.1219,0.2719,Low
C07743,58,46-65,32754.33,697.0,110519.06,12.5,28931.61,5000.0,1,2,16183.83,36,Salaried,4.2575,1.8318,0.4941,Medium
C07744,30,21-30,86551.16,781.0,94282.85,10.0,0.0,5680.46,2,1,4478.55,48,Salaried,1.0893,0.7876,0.0517,Low
C07745,28,21-30,51836.91,672.0,37396.48,12.4,55022.03,5000.0,0,1,30193.76,36,Salaried,1.7829,1.1575,0.5825,Low
C07746,26,21-30,46038.24,541.0,73958.45,25.5,17087.97,5000.0,0,3,13063.52,36,Self-employed,1.9776,1.3033,0.2838,Medium
C07747,57,46-65,42834.13,850.0,122713.66,17.7,53213.2,5000.0,0,2,31109.32,60,Salaried,4.1072,1.4008,0.7263,Low
C07748,26,21-30,75121.35,690.0,41762.06,23.0,123208.54,5000.0,0,1,49336.51,36,Salaried,2.1961,0.7987,0.6568,Low
C07749,47,46-65,66541.27,605.0,96179.35,17.2,9902.84,5000.0,0,1,33995.62,24,Salaried,1.5942,0.9017,0.5109,Low
C07750,65,46-65,72636.23,766.0,161521.85,7.4,61324.66,5042.71,0,1,49833.07,48,Business,3.068,0.8331,0.6861,Low
C07751,49,46-65,71769.42,833.0,29168.93,4.1,76345.28,5000.0,0,2,15070.19,36,Salaried,1.4702,0.836,0.21,Low
C07752,39,31-45,62469.58,665.0,16973.62,7.3,74528.49,5000.0,0,0,40772.73,24,Self-employed,1.4647,0.9605,0.6527,Medium
C07753,30,21-30,36824.58,673.0,99363.32,9.7,15655.42,5000.0,0,1,14397.2,48,Salaried,3.1234,1.6293,0.391,Low
C07754,21,21-30,43496.4,698.0,75138.32,16.5,61353.15,5000.0,0,0,37877.66,24,Self-employed,3.138,1.3794,0.8708,Low
C07755,28,21-30,52316.72,597.0,98712.72,14.8,24287.1,5000.0,0,0,30790.95,36,Salaried,2.3511,1.1469,0.5885,Medium
C07756,63,46-65,202399.74,628.0,194739.07,4.9,146055.6,11843.18,0,2,59602.41,60,Business,1.6838,0.7022,0.2945,Low
C07757,27,21-30,30954.78,814.0,40780.73,10.2,16923.09,5000.0,0,1,3410.61,24,Salaried,1.8641,1.9383,0.1102,Low
C07758,21,21-30,51622.12,670.0,105459.87,19.4,0.0,5000.0,2,0,22199.57,48,Salaried,2.0429,1.1623,0.43,Medium
C07759,57,46-65,68609.72,617.0,106542.67,5.0,33378.52,5000.0,1,1,18910.36,36,Salaried,2.0394,0.8745,0.2756,Medium
C07760,39,31-45,55012.16,646.0,171009.03,8.2,43369.88,5000.0,0,1,13171.29,60,Salaried,3.8969,1.0907,0.2394,Medium
C07761,37,31-45,117339.39,760.0,43565.48,7.1,16154.8,5534.72,0,2,22349.54,48,Salaried,0.509,0.566,0.1905,Low
C07762,53,46-65,54856.1,532.0,99049.52,15.5,66084.45,5000.0,0,1,30166.23,36,Salaried,3.0103,1.0938,0.5499,High
C07763,44,31-45,57133.44,,166045.21,23.6,76582.55,5000.0,0,0,46911.17,48,Salaried,4.2467,1.0502,0.8211,Low
C07764,62,46-65,101741.26,850.0,77717.08,6.8,160298.22,5000.0,0,4,34097.86,48,Salaried,2.3394,0.5897,0.3351,Low
C07765,42,31-45,175963.87,832.0,500000.0,5.7,0.0,7527.01,0,1,60487.95,36,Salaried,2.8415,0.5133,0.3438,Low
C07766,53,46-65,140964.96,723.0,226107.91,3.4,98578.83,8682.56,0,0,48089.08,12,Salaried,2.3033,0.7391,0.3411,Low
C07767,60,46-65,60293.7,779.0,39315.29,9.4,56122.44,5000.0,0,0,21744.02,48,Salaried,1.5829,0.9951,0.3606,Low
C07768,41,31-45,63253.75,778.0,37361.49,16.1,23818.65,5000.0,2,0,24642.89,36,Self-employed,0.9672,0.9486,0.3896,Low
C07769,33,31-45,66691.86,671.0,85818.02,2.3,97287.56,5000.0,0,1,19132.63,48,Salaried,2.7455,0.8997,0.2869,Medium
C07770,64,46-65,70473.51,749.0,241990.23,8.5,75538.91,5000.0,1,0,20938.3,60,Salaried,4.5057,0.8514,0.2971,Medium
C07771,31,31-45,40786.28,814.0,134262.83,11.3,27264.37,5000.0,0,0,34867.4,36,Salaried,3.9603,1.4711,0.8549,Low
C07772,22,21-30,108800.27,585.0,225883.92,14.8,61424.98,5000.0,0,2,27475.45,36,Salaried,2.6407,0.5515,0.2525,Medium
C07773,47,46-65,72822.3,723.0,50737.05,10.9,78665.55,5000.0,0,0,1402.26,36,Salaried,1.777,0.8239,0.0193,Low
C07774,65,46-65,63416.01,707.0,82034.28,3.9,114509.55,5000.0,0,0,3711.78,36,Self-employed,3.0993,0.9461,0.0585,Medium
C07775,24,21-30,32306.14,688.0,61400.68,5.9,49797.83,5000.0,0,1,10883.79,48,Salaried,3.442,1.8572,0.3369,Medium
C07776,59,46-65,67265.31,681.0,57107.32,20.7,31298.65,5000.0,0,2,40145.03,36,Salaried,1.3143,0.892,0.5968,Low
C07777,58,46-65,22945.47,697.0,14285.7,13.5,29913.91,5000.0,0,1,669.32,24,Salaried,1.9263,2.6149,0.0292,Medium
C07778,62,46-65,47204.07,704.0,84061.53,6.7,31023.37,5000.0,1,0,17723.55,36,Salaried,2.438,1.2711,0.3755,Low
C07779,39,31-45,47688.18,764.0,63500.1,8.4,69713.1,5000.0,0,2,20745.89,36,Business,2.7934,1.2582,0.435,Low
C07780,32,31-45,76114.18,716.0,186364.46,4.5,56922.86,5000.0,0,2,24799.47,48,Salaried,3.1963,0.7883,0.3258,Medium
C07781,44,31-45,182783.94,667.0,268265.34,2.1,256110.93,6378.61,0,0,59601.68,48,Self-employed,2.8688,0.4188,0.3261,Low
C07782,27,21-30,89026.7,617.0,5000.0,8.9,37393.7,5000.0,0,2,55464.64,36,Self-employed,0.4762,0.674,0.623,Low
C07783,58,46-65,144172.2,645.0,53285.63,5.6,576.71,5000.0,0,0,18032.99,60,Salaried,0.3736,0.4162,0.1251,Low
C07784,50,46-65,92689.39,700.0,226958.29,11.6,117307.67,5000.0,0,2,2896.42,12,Self-employed,3.7142,0.6473,0.0312,Medium
C07785,42,31-45,120682.93,627.0,301705.98,26.8,224623.99,8228.78,0,1,18072.94,24,Salaried,4.3613,0.8182,0.1498,Medium
C07786,44,31-45,180513.82,751.0,120713.5,11.1,318425.92,11225.0,0,0,123120.21,12,Salaried,2.4327,0.7462,0.6821,Low
C07787,53,46-65,43461.57,712.0,132978.41,11.1,39092.12,5000.0,0,3,9927.9,60,Salaried,3.9591,1.3805,0.2284,Medium
C07788,44,31-45,41929.09,766.0,108805.62,16.0,63274.9,5000.0,0,2,104.91,24,Self-employed,4.1041,1.431,0.0025,Medium
C07789,58,46-65,93900.27,632.0,51523.35,3.3,48087.56,5000.0,0,0,59349.15,24,Salaried,1.0608,0.639,0.632,Low
C07790,62,46-65,64868.63,618.0,71205.93,12.5,101623.49,5000.0,1,0,43407.87,12,Salaried,2.6643,0.9249,0.6692,Medium
C07791,63,46-65,73374.9,765.0,259406.33,4.4,62859.74,5000.0,0,0,38850.07,36,Business,4.392,0.8177,0.5295,Low
C07792,48,46-65,56691.28,,83810.84,15.8,61828.18,5000.0,0,1,27371.67,48,Self-employed,2.569,1.0584,0.4828,Low
C07793,54,46-65,46826.3,665.0,39335.2,11.1,28439.38,5000.0,0,1,8721.94,12,Salaried,1.4474,1.2813,0.1863,Low
C07794,34,31-45,158508.44,732.0,313243.48,3.6,266484.8,9757.64,1,1,33269.92,60,Self-employed,3.6574,0.7387,0.2099,Medium
C07795,22,21-30,35497.55,730.0,43779.34,11.2,52424.92,5000.0,0,0,8402.88,36,Business,2.7102,1.6903,0.2367,Medium
C07796,39,31-45,94812.67,586.0,281290.28,2.9,56291.08,5624.23,0,1,37549.58,36,Business,3.5605,0.7118,0.396,Medium
C07797,60,46-65,86722.45,784.0,237019.33,3.5,147720.0,5000.0,0,0,30137.22,24,Salaried,4.4364,0.6919,0.3475,Low
C07798,27,21-30,27273.89,649.0,71469.0,2.7,0.0,5000.0,1,1,16791.35,24,Salaried,2.6204,2.1999,0.6157,Medium
C07799,45,31-45,41159.64,808.0,86570.2,16.4,23647.4,5000.0,0,6,14173.79,36,Salaried,2.6778,1.4577,0.3444,Low
C07800,29,21-30,45146.26,580.0,118924.48,11.9,35593.99,5000.0,0,1,21010.53,12,Business,3.4226,1.329,0.4654,High
C07801,40,31-45,88668.84,704.0,96802.19,9.8,66799.44,5000.0,0,1,25513.18,24,Salaried,1.8451,0.6767,0.2877,Low
C07802,27,21-30,53118.11,666.0,152958.66,4.8,84460.01,5000.0,0,1,11283.53,60,Salaried,4.4696,1.1296,0.2124,High
C07803,54,46-65,62011.07,532.0,32106.01,12.6,62490.92,5000.0,0,0,26762.79,48,Salaried,1.5255,0.9676,0.4316,Low
C07804,57,46-65,29156.6,729.0,19848.19,9.9,44614.47,5000.0,0,2,11917.24,60,Salaried,2.2109,2.0579,0.4087,Low
C07805,55,46-65,233606.65,536.0,500000.0,6.2,148082.42,8576.85,1,0,83904.32,36,Self-employed,2.7742,0.4406,0.3592,High
C07806,52,46-65,67595.73,658.0,235786.79,10.5,33137.18,5000.0,0,1,7186.53,24,Business,3.9784,0.8876,0.1063,High
C07807,31,31-45,85527.48,763.0,153454.29,11.9,126683.1,5000.0,0,1,59387.79,60,Salaried,3.2754,0.7015,0.6944,Low
C07808,44,31-45,48281.25,640.0,86030.29,3.8,15269.65,5000.0,3,2,17967.92,60,Salaried,2.0981,1.2427,0.3722,High
C07809,25,21-30,45396.83,612.0,5000.0,19.1,4932.21,5000.0,0,2,21298.41,36,Salaried,0.2188,1.3217,0.4692,Low
C07810,37,31-45,186114.83,740.0,434624.61,8.1,49559.65,9943.42,1,2,60701.8,36,Salaried,2.6015,0.6411,0.3262,Low
C07811,43,31-45,22650.69,661.0,18191.88,12.3,0.0,5000.0,0,0,5702.7,60,Self-employed,0.8031,2.6489,0.2518,Low
C07812,51,46-65,75765.51,650.0,86032.3,7.7,82137.16,5000.0,0,1,26187.6,60,Salaried,2.2196,0.7919,0.3456,Low
C07813,25,21-30,33383.45,776.0,40872.93,11.2,13930.58,5000.0,0,2,4470.76,36,Salaried,1.6416,1.7973,0.1339,Low
C07814,57,46-65,52020.44,592.0,177358.75,6.9,49665.32,5000.0,0,2,30186.4,36,Self-employed,4.3641,1.1534,0.5803,High
C07815,41,31-45,,646.0,144183.0,7.3,63354.36,5000.0,0,0,20116.67,12,Salaried,4.5352,1.3112,0.4396,Medium
C07816,60,46-65,37792.08,745.0,144440.94,6.8,59316.73,5000.0,0,3,3310.92,36,Salaried,5.3915,1.5876,0.0876,Low
C07817,44,31-45,66279.47,588.0,216191.8,9.7,46887.22,5000.0,1,3,19437.45,24,Salaried,3.9692,0.9053,0.2933,High
C07818,45,31-45,18000.0,813.0,19093.05,13.8,37001.38,5000.0,0,1,6883.24,36,Salaried,3.1164,3.3333,0.3824,Low
C07819,52,46-65,54645.59,664.0,28936.65,14.0,91114.09,5000.0,0,0,14283.09,36,Salaried,2.1969,1.098,0.2614,Low
C07820,57,46-65,61850.97,746.0,80776.61,13.5,1659.2,5000.0,1,1,28060.13,36,Salaried,1.3328,0.9701,0.4537,Low
C07821,28,21-30,30777.54,745.0,18150.19,10.3,43300.14,5000.0,0,1,12270.4,36,Business,1.9966,1.9495,0.3987,Low
C07822,44,31-45,149404.53,669.0,342369.41,6.3,99202.1,5000.0,0,2,75232.82,48,Salaried,2.9555,0.4016,0.5036,Medium
C07823,22,21-30,46872.69,644.0,73519.99,1.1,69239.87,5000.0,1,1,5903.49,48,Salaried,3.0457,1.2801,0.1259,High
C07824,42,31-45,57041.04,677.0,178785.9,13.7,56670.18,5000.0,1,2,27172.93,24,Salaried,4.1278,1.0519,0.4764,High
C07825,57,46-65,46930.45,733.0,63979.9,9.6,27279.27,5000.0,1,1,29373.15,36,Salaried,1.9446,1.2785,0.6259,Low
C07826,59,46-65,62148.45,606.0,75111.7,5.7,126641.05,5000.0,3,0,20149.83,12,Salaried,3.2463,0.9654,0.3242,High
C07827,33,31-45,133468.64,590.0,358163.91,1.2,33181.23,5071.99,0,1,28978.11,48,Salaried,2.9321,0.456,0.2171,Medium
C07828,38,31-45,253292.76,791.0,500000.0,8.0,350000.0,6389.79,0,1,154152.51,48,Self-employed,3.3558,0.3027,0.6086,Low
C07829,45,31-45,97953.1,625.0,89239.09,14.7,95496.71,5000.0,0,3,18973.34,36,Salaried,1.886,0.6125,0.1937,Low
C07830,38,31-45,118247.97,707.0,275721.08,4.0,49777.95,7331.12,0,1,25218.86,36,Salaried,2.7527,0.744,0.2133,Low
C07831,29,21-30,167071.59,665.0,342081.98,19.8,173042.16,8741.73,0,2,2324.99,48,Salaried,3.0833,0.6279,0.0139,High
C07832,34,31-45,74534.82,668.0,29959.72,28.6,79920.24,5000.0,0,0,24516.81,60,Salaried,1.4742,0.805,0.3289,Low
C07833,39,31-45,154165.28,787.0,264379.74,6.3,86864.28,5314.54,0,1,6325.95,24,Salaried,2.2784,0.4137,0.041,Low
C07834,44,31-45,100505.04,674.0,306705.83,6.9,132844.47,5000.0,1,1,32817.81,36,Salaried,4.3734,0.597,0.3265,High
C07835,62,46-65,70356.86,653.0,65503.69,7.7,16480.42,5000.0,0,1,33904.22,36,Salaried,1.1653,0.8528,0.4819,Low
C07836,45,31-45,78812.75,660.0,123697.42,6.1,11392.22,5000.0,1,1,36414.72,12,Salaried,1.7141,0.7613,0.462,Low
C07837,38,31-45,23869.65,642.0,23332.62,23.8,29014.43,5000.0,0,1,14716.86,36,Business,2.193,2.5137,0.6166,Low
C07838,50,46-65,76328.99,630.0,150356.18,7.7,110388.78,5000.0,0,1,49083.03,48,Self-employed,3.4161,0.7861,0.643,High
C07839,55,46-65,27808.07,643.0,104351.51,3.7,7911.87,5000.0,0,2,18379.97,60,Salaried,4.0371,2.1576,0.661,High
C07840,40,31-45,26588.78,805.0,17099.68,10.0,31062.74,5000.0,0,1,19276.44,24,Salaried,1.8114,2.2566,0.725,Low
C07841,43,31-45,72274.44,733.0,213153.67,4.9,86637.73,5000.0,0,2,0.0,24,Salaried,4.148,0.8302,0.0,Medium
C07842,30,21-30,35221.05,654.0,91142.74,3.0,47536.05,5000.0,0,0,15881.25,36,Self-employed,3.9374,1.7035,0.4509,Medium
C07843,59,46-65,64746.18,754.0,66855.18,5.4,55311.19,5000.0,1,0,31366.18,24,Business,1.8869,0.9267,0.4844,Low
C07844,60,46-65,70142.32,561.0,189477.41,5.8,75362.24,5000.0,0,1,7514.98,60,Self-employed,3.7757,0.8554,0.1071,High
C07845,28,21-30,71884.78,783.0,248487.21,7.7,43320.8,5000.0,0,3,2457.45,24,Business,4.0594,0.8347,0.0342,Medium
C07846,36,31-45,39532.4,777.0,140758.36,2.3,50899.84,5000.0,0,2,11438.19,60,Self-employed,4.8481,1.5177,0.2893,Medium
C07847,33,31-45,106555.14,848.0,240393.3,22.7,95826.66,6817.31,0,1,67412.04,24,Salaried,3.1554,0.7677,0.6326,Low
C07848,62,46-65,61886.86,756.0,51608.83,10.8,31665.36,5000.0,0,6,24043.9,24,Salaried,1.3456,0.9695,0.3885,Low
C07849,23,21-30,82845.62,713.0,41584.36,13.0,38870.31,5000.0,1,3,25058.1,48,Salaried,0.9711,0.7242,0.3025,Low
C07850,30,21-30,33661.19,777.0,42168.95,9.4,0.0,5000.0,0,1,15247.38,48,Self-employed,1.2527,1.7825,0.453,Low
C07851,35,31-45,58927.46,633.0,132608.88,17.5,0.0,5000.0,0,1,37194.55,60,Salaried,2.2504,1.0182,0.6312,Low
C07852,46,46-65,118854.4,650.0,167896.51,6.8,113155.63,5294.98,0,2,89415.71,60,Salaried,2.3647,0.5346,0.7523,Low
C07853,32,31-45,110828.61,675.0,277325.91,9.3,197961.26,6076.98,0,2,75478.79,60,Self-employed,4.2885,0.658,0.681,High
C07854,45,31-45,41924.75,783.0,115608.67,4.6,77773.5,5000.0,0,1,29194.23,24,Salaried,4.6126,1.4311,0.6963,Low
C07855,54,46-65,48150.44,616.0,50274.16,8.1,23265.16,5000.0,0,5,25996.7,48,Salaried,1.5273,1.2461,0.5399,Low
C07856,58,46-65,37735.81,608.0,128205.26,8.8,35901.96,5000.0,2,1,9369.63,24,Salaried,4.3488,1.59,0.2483,High
C07857,25,21-30,45302.41,698.0,12629.46,4.9,22588.1,5000.0,1,0,7963.29,36,Business,0.7774,1.3244,0.1758,Low
C07858,27,21-30,30111.29,734.0,27186.32,10.7,59982.4,5000.0,0,2,20964.42,60,Self-employed,2.8949,1.9926,0.6962,Low
C07859,25,21-30,60243.25,627.0,183051.43,11.3,12242.34,5000.0,0,2,30219.07,24,Salaried,3.2418,0.996,0.5016,Medium
C07860,61,46-65,92075.91,730.0,83884.08,13.1,72213.54,5000.0,0,0,37303.31,36,Self-employed,1.6953,0.6516,0.4051,Low
C07861,50,46-65,42207.93,783.0,40613.25,11.2,15109.75,5000.0,0,1,14693.92,60,Salaried,1.3202,1.4215,0.3481,Low
C07862,44,31-45,61840.21,770.0,217983.32,8.3,72832.28,5000.0,1,0,0.0,60,Salaried,4.7027,0.9702,0.0,Low
C07863,56,46-65,57576.42,706.0,197645.54,14.6,7622.22,5000.0,0,2,36177.74,36,Salaried,3.5651,1.0421,0.6283,Low
C07864,47,46-65,116129.11,673.0,331861.32,9.3,129983.65,5000.0,0,3,55354.08,24,Business,3.977,0.5167,0.4767,Medium
C07865,31,31-45,46433.06,810.0,34834.56,1.8,146.98,5000.0,0,2,33917.2,12,Salaried,0.7534,1.2922,0.7305,Low
C07866,43,31-45,47371.39,681.0,52461.94,3.1,38951.95,5000.0,0,1,26877.33,36,Self-employed,1.9297,1.2666,0.5674,Low
C07867,52,46-65,40816.06,751.0,33987.8,4.5,75057.89,5000.0,0,0,15929.77,60,Self-employed,2.6716,1.47,0.3903,Low
C07868,22,21-30,34770.07,827.0,44235.12,5.4,1020.25,5000.0,0,1,17737.46,12,Salaried,1.3016,1.7256,0.5101,Low
C07869,48,46-65,86959.2,743.0,291367.84,10.8,50807.33,5024.59,0,0,56050.22,36,Salaried,3.9349,0.6934,0.6446,Low
C07870,43,31-45,60344.89,605.0,43228.09,17.9,57992.86,5000.0,0,1,28598.47,36,Self-employed,1.6774,0.9943,0.4739,Low
C07871,24,21-30,66989.29,587.0,196785.12,12.0,52124.73,5000.0,0,0,3050.34,36,Business,3.7157,0.8957,0.0455,High
C07872,32,31-45,131031.78,658.0,23430.27,10.4,112303.13,8545.74,0,0,81409.42,36,Salaried,1.0359,0.7826,0.6213,Low
C07873,41,31-45,135237.39,733.0,268814.09,2.2,158351.22,7479.49,2,1,70196.17,36,Salaried,3.1586,0.6637,0.5191,High
C07874,36,31-45,26283.95,713.0,5000.0,1.2,36849.27,5000.0,0,1,0.0,60,Salaried,1.5922,2.2828,0.0,Low
C07875,34,31-45,92823.18,846.0,33127.9,19.5,75281.88,5000.0,0,0,52831.98,24,Salaried,1.1679,0.6464,0.5692,Low
C07876,50,46-65,73588.82,713.0,55737.02,6.6,38873.81,5000.0,1,1,27940.01,48,Business,1.2857,0.8153,0.3797,Low
C07877,39,31-45,50426.27,655.0,160215.48,10.9,13576.96,5000.0,0,1,28667.26,48,Self-employed,3.4465,1.1899,0.5685,Medium
C07878,43,31-45,77836.72,595.0,178500.17,11.7,122926.94,5000.0,0,0,0.0,24,Salaried,3.8726,0.7708,0.0,High
C07879,56,46-65,25150.47,769.0,61039.0,27.9,29629.24,5000.0,0,0,0.0,36,Salaried,3.605,2.3856,0.0,Low
C07880,25,21-30,145305.81,680.0,175643.51,23.0,86674.17,5438.43,1,3,85288.12,24,Salaried,1.8053,0.4491,0.587,Low
C07881,37,31-45,86280.75,567.0,198858.2,30.8,111397.54,5000.0,0,1,38080.91,36,Salaried,3.5959,0.6954,0.4414,Medium
C07882,24,21-30,40387.83,682.0,97013.01,13.0,57183.87,5000.0,1,1,13969.65,36,Salaried,3.8179,1.4856,0.3459,High
C07883,62,46-65,47106.53,605.0,78176.2,20.7,52834.52,5000.0,0,0,9920.23,36,Self-employed,2.7812,1.2737,0.2106,Medium
C07884,29,21-30,25473.96,648.0,61430.33,3.9,25566.35,5000.0,0,1,6368.73,36,Salaried,3.4151,2.3553,0.25,High
C07885,57,46-65,54691.64,680.0,167400.44,28.2,96194.1,5000.0,1,1,23191.41,12,Self-employed,4.8196,1.0971,0.424,Medium
C07886,29,21-30,49843.33,612.0,159535.03,14.4,68440.61,5000.0,0,3,29299.21,60,Salaried,4.5738,1.2038,0.5878,Medium
C07887,35,31-45,31361.36,643.0,93936.95,7.3,54573.64,5000.0,0,2,8497.17,48,Salaried,4.7355,1.9132,0.2709,High
C07888,48,46-65,99640.98,624.0,180114.47,15.3,58055.51,5000.0,0,0,39205.53,48,Self-employed,2.3903,0.6022,0.3935,Low
C07889,58,46-65,131187.25,626.0,24129.84,18.1,129600.14,5980.5,0,1,7634.47,36,Salaried,1.1718,0.5471,0.0582,Low
C07890,29,21-30,64029.19,604.0,62789.99,12.3,99464.96,5000.0,0,2,37509.96,48,Salaried,2.5341,0.9371,0.5858,Medium
C07891,30,21-30,54942.19,644.0,35100.6,0.8,92745.13,5000.0,1,0,19891.56,36,Self-employed,2.3269,1.0921,0.362,Medium
C07892,60,46-65,82568.55,613.0,102442.91,18.7,18865.1,5433.66,0,2,52526.46,36,Self-employed,1.4692,0.7897,0.6362,Low
C07893,35,31-45,64301.69,724.0,86756.7,8.5,6051.82,5000.0,0,1,23487.35,36,Self-employed,1.4433,0.9331,0.3653,Medium
C07894,30,21-30,35844.45,695.0,85820.28,12.3,43021.31,5000.0,0,0,22554.07,24,Salaried,3.5945,1.6739,0.6292,Low
C07895,54,46-65,45395.56,770.0,84290.11,4.4,11681.21,5000.0,1,1,8205.64,48,Self-employed,2.1141,1.3217,0.1808,Medium
C07896,25,21-30,55221.23,822.0,124413.27,7.4,20509.09,5000.0,0,1,8260.3,48,Salaried,2.6244,1.0865,0.1496,Low
C07897,60,46-65,74506.76,731.0,251415.05,6.4,68444.08,5000.0,0,0,6965.99,60,Salaried,4.293,0.8053,0.0935,Low
C07898,60,46-65,65334.65,714.0,32357.13,3.8,13316.06,5000.0,1,2,10174.44,48,Business,0.6991,0.9183,0.1557,Low
C07899,59,46-65,72973.07,736.0,5000.0,1.8,81549.98,5000.0,0,2,16581.12,48,Salaried,1.1861,0.8222,0.2272,Low
C07900,34,31-45,28098.94,715.0,60378.47,7.5,0.0,5000.0,0,2,12734.33,48,Salaried,2.1488,2.1353,0.4532,Low
C07901,26,21-30,93714.88,684.0,196117.4,4.6,0.0,6562.3,1,1,21963.41,36,Salaried,2.0927,0.8403,0.2344,Low
C07902,40,31-45,65122.23,678.0,123282.37,10.2,99483.98,5000.0,0,1,25019.55,60,Self-employed,3.4207,0.9213,0.3842,Medium
C07903,36,31-45,264641.81,603.0,500000.0,11.1,258316.06,11177.35,0,1,163782.58,12,Salaried,2.8654,0.5068,0.6189,Medium
C07904,64,46-65,52519.7,743.0,35238.29,23.2,84242.82,5000.0,0,0,7603.67,12,Salaried,2.275,1.1424,0.1448,Low
C07905,49,46-65,77656.05,678.0,147691.29,0.3,4901.19,5351.94,0,0,9429.17,48,Business,1.965,0.827,0.1214,Low
C07906,63,46-65,308110.29,789.0,500000.0,6.2,349916.64,18212.5,0,3,148110.71,36,Self-employed,2.7585,0.7093,0.4807,Low
C07907,54,46-65,72322.67,749.0,115883.11,18.1,57114.42,5000.0,0,1,4972.41,60,Salaried,2.392,0.8296,0.0688,Low
C07908,53,46-65,62626.62,,138666.8,10.8,110249.97,5000.0,0,3,20663.91,12,Salaried,3.9746,0.9581,0.33,Medium
C07909,26,21-30,37772.46,774.0,11976.64,12.0,33781.55,5000.0,1,0,17364.12,12,Business,1.2114,1.5885,0.4597,Low
C07910,24,21-30,150646.16,488.0,195500.45,9.8,138972.38,10594.67,0,1,102482.4,48,Business,2.2203,0.8439,0.6803,Medium
C07911,23,21-30,34359.6,825.0,13888.43,16.3,33319.9,5000.0,1,0,17557.54,60,Business,1.3739,1.7462,0.511,Low
C07912,47,46-65,82212.21,580.0,170247.72,9.8,139358.87,5000.0,0,0,57340.92,48,Self-employed,3.7659,0.7298,0.6975,Medium
C07913,30,21-30,50095.53,717.0,102201.84,9.6,28147.84,5000.0,0,1,9846.54,36,Salaried,2.602,1.1977,0.1966,Low
C07914,65,46-65,58571.74,712.0,185340.08,4.5,18653.88,5000.0,1,0,0.0,36,,3.4828,1.0244,0.0,Medium
C07915,26,21-30,29702.3,764.0,77448.0,5.1,53915.33,5000.0,2,3,23784.14,48,Salaried,4.4227,2.02,0.8008,High
C07916,63,46-65,136061.53,655.0,32247.02,10.9,92523.41,5000.0,0,0,81992.57,12,Self-employed,0.917,0.441,0.6026,Low
C07917,51,46-65,55790.23,519.0,153520.9,6.9,6241.41,5000.0,0,2,23742.76,48,Salaried,2.8636,1.0755,0.4256,High
C07918,25,21-30,33317.67,655.0,37765.88,2.9,49688.39,5000.0,0,1,7778.22,24,Business,2.6249,1.8008,0.2335,Medium
C07919,23,21-30,129459.37,664.0,335860.33,6.4,69673.11,9059.79,0,1,81968.87,48,Salaried,3.1325,0.8398,0.6332,Medium
C07920,38,31-45,49259.98,526.0,39582.61,14.7,36531.1,5000.0,0,0,27685.96,60,Self-employed,1.5451,1.218,0.562,High
C07921,36,31-45,78133.69,683.0,214359.04,10.2,2824.04,5000.0,0,2,19431.87,36,Salaried,2.7796,0.7679,0.2487,Low
C07922,35,31-45,103251.35,599.0,333034.4,5.8,129928.18,5000.0,1,1,73574.68,24,Self-employed,4.4838,0.5811,0.7126,High
C07923,44,31-45,84361.08,729.0,22902.92,8.7,110437.84,5000.0,0,0,51720.06,24,Salaried,1.5806,0.7112,0.6131,Low
C07924,26,21-30,19418.72,662.0,56098.46,15.7,24526.37,5000.0,0,2,6671.09,24,Salaried,4.1519,3.0898,0.3435,Medium
C07925,26,21-30,95281.29,827.0,183370.02,4.4,59049.25,5580.44,2,1,9363.73,24,,2.5442,0.7028,0.0983,Low
C07926,52,46-65,61500.77,661.0,73482.26,4.1,64509.74,5000.0,1,2,41128.48,48,Salaried,2.2437,0.9756,0.6687,Low
C07927,65,46-65,54240.15,712.0,59008.08,10.0,57536.16,5000.0,0,2,38086.87,36,Salaried,2.1487,1.1062,0.7022,Low
C07928,33,31-45,61215.23,664.0,163366.67,6.5,101100.42,5000.0,1,1,5786.08,24,Salaried,4.3203,0.9801,0.0945,High
C07929,62,46-65,26812.53,558.0,49778.65,10.0,31958.03,5000.0,0,2,7749.62,24,Salaried,3.0485,2.2378,0.289,High
C07930,36,31-45,72246.31,665.0,5000.0,9.1,90270.12,5000.0,0,1,26878.46,48,Salaried,1.3187,0.8305,0.372,Low
C07931,36,31-45,30691.08,737.0,82042.02,10.0,7423.02,5000.0,0,2,18905.07,24,Self-employed,2.915,1.955,0.616,Low
C07932,25,21-30,55544.0,725.0,137941.63,23.7,61461.06,5000.0,0,1,16659.64,36,Self-employed,3.59,1.0802,0.2999,Low
C07933,40,31-45,70833.55,658.0,65371.73,3.5,16457.23,5000.0,0,2,40316.87,48,Salaried,1.1552,0.8471,0.5692,Low
C07934,43,31-45,117343.75,571.0,399677.82,13.4,159832.51,7897.03,0,1,64757.21,36,Salaried,4.7681,0.8076,0.5519,Medium
C07935,50,46-65,41413.21,728.0,114051.28,11.6,42164.96,5000.0,0,0,20609.08,60,Salaried,3.7721,1.4488,0.4976,Medium
C07936,28,21-30,144425.0,711.0,480368.66,13.0,95308.18,5571.81,0,1,26390.32,36,Self-employed,3.986,0.463,0.1827,Low
C07937,29,21-30,109415.94,743.0,207219.67,2.1,81082.19,5000.0,0,1,7505.53,36,Self-employed,2.6349,0.5484,0.0686,Low
C07938,40,31-45,51326.74,659.0,42240.0,14.2,89241.71,5000.0,0,2,255.6,24,Salaried,2.5617,1.169,0.005,Medium
C07939,24,21-30,35324.44,554.0,22263.72,7.6,47702.87,5000.0,0,0,14115.85,60,Business,1.9807,1.6985,0.3996,Medium
C07940,27,21-30,29379.24,720.0,82605.27,9.7,7150.02,5000.0,0,0,11517.35,36,Self-employed,3.0551,2.0423,0.392,Medium
C07941,49,46-65,75478.8,679.0,243112.06,8.2,32832.83,5000.0,0,2,19669.1,24,Salaried,3.6559,0.7949,0.2606,Medium
C07942,63,46-65,43331.55,784.0,100658.94,4.8,58270.52,5000.0,0,2,15220.46,36,Self-employed,3.6678,1.3847,0.3513,Medium
C07943,46,46-65,125717.02,682.0,249268.84,7.7,200229.35,6198.86,1,1,37251.71,48,Self-employed,3.5755,0.5917,0.2963,High
C07944,27,21-30,44730.21,677.0,57484.63,9.0,40752.73,5000.0,0,0,4797.61,36,Self-employed,2.1962,1.3414,0.1073,Low
C07945,65,46-65,39607.49,711.0,107284.83,12.3,48779.03,5000.0,2,1,11867.47,24,Salaried,3.9403,1.5149,0.2996,High
C07946,44,31-45,73912.49,635.0,20468.34,11.0,46733.14,5000.0,0,1,48264.4,24,Salaried,0.9092,0.8118,0.653,Low
C07947,53,46-65,44570.02,632.0,75114.39,8.4,19840.53,5000.0,0,0,17526.27,24,Salaried,2.1305,1.3462,0.3932,Low
C07948,29,21-30,65306.38,673.0,152513.11,9.3,60677.35,5000.0,0,1,10768.9,12,Salaried,3.2645,0.9187,0.1649,Medium
C07949,47,46-65,111796.63,611.0,294492.32,9.2,83899.82,5000.0,0,3,36598.88,48,Salaried,3.3846,0.5367,0.3274,Medium
C07950,24,21-30,69329.01,663.0,111267.4,12.1,82819.62,5000.0,0,1,13711.11,12,Salaried,2.7995,0.8654,0.1978,Medium
C07951,49,46-65,69471.58,825.0,170860.14,14.2,15037.1,5000.0,0,1,9328.16,36,Self-employed,2.6759,0.8637,0.1343,Low
C07952,30,21-30,72763.75,758.0,39615.49,15.0,26897.82,5000.0,0,1,23893.88,12,Self-employed,0.9141,0.8246,0.3284,Low
C07953,61,46-65,25615.12,703.0,16972.24,7.1,1.19,5000.0,0,0,7603.87,24,Salaried,0.6626,2.3424,0.2969,Low
C07954,23,21-30,80632.2,796.0,50015.57,0.8,136302.52,5294.7,0,1,8617.56,12,Salaried,2.3107,0.788,0.1069,Low
C07955,50,46-65,70976.56,618.0,101513.78,7.6,11231.33,5000.0,0,0,30665.13,12,Business,1.5885,0.8453,0.432,Low
C07956,27,21-30,106216.64,850.0,144123.21,6.7,136276.13,6773.97,0,2,63358.66,60,Salaried,2.6399,0.7653,0.5965,Low
C07957,51,46-65,90702.34,645.0,121014.93,9.1,41364.91,5390.7,0,1,48161.1,24,Salaried,1.7902,0.7132,0.531,Low
C07958,43,31-45,58166.85,830.0,109904.49,27.7,32381.45,5000.0,0,2,13321.33,36,Salaried,2.4462,1.0315,0.229,Low
C07959,64,46-65,114686.62,830.0,191497.89,7.1,68810.94,5000.0,0,0,58395.63,36,Business,2.2697,0.5232,0.5092,Low
C07960,50,46-65,55336.92,549.0,92165.14,13.0,47112.16,5000.0,0,1,34874.2,48,Salaried,2.5169,1.0843,0.6302,Medium
C07961,37,31-45,74464.59,790.0,193769.24,13.2,50014.07,5000.0,0,1,38969.86,24,Salaried,3.2738,0.8058,0.5233,Low
C07962,24,21-30,54776.16,659.0,44281.56,11.3,55898.33,5000.0,0,3,27983.07,12,Salaried,1.8289,1.0954,0.5109,Low
C07963,47,46-65,83793.38,637.0,118801.85,2.0,81319.23,5899.33,0,0,5260.3,60,Self-employed,2.3883,0.8448,0.0628,Medium
C07964,40,31-45,52842.61,719.0,5000.0,8.6,83907.53,5000.0,0,1,28376.19,48,Salaried,1.6825,1.1354,0.537,Low
C07965,23,21-30,160861.0,604.0,29285.49,12.0,240125.39,6152.03,0,0,80744.95,48,Self-employed,1.6748,0.4589,0.502,Low
C07966,47,46-65,197144.46,718.0,437026.44,5.4,164962.28,7624.61,1,1,89683.99,60,Salaried,3.0535,0.4641,0.4549,Low
C07967,30,21-30,105114.82,609.0,312493.99,2.3,53847.68,5439.1,1,0,22203.27,48,Salaried,3.4852,0.6209,0.2112,High
C07968,31,31-45,151729.67,693.0,186301.02,12.2,188139.23,8054.26,0,3,62917.77,36,Salaried,2.4678,0.637,0.4147,Low
C07969,21,21-30,27877.48,780.0,61072.34,14.5,23909.55,5000.0,0,1,10755.22,60,Salaried,3.0484,2.1523,0.3858,Low
C07970,37,31-45,29744.06,709.0,29107.14,8.2,47016.88,5000.0,0,0,5856.65,48,Salaried,2.5593,2.0172,0.1969,Medium
C07971,30,21-30,54463.4,653.0,24993.77,6.3,78286.27,5000.0,0,2,26809.27,60,Salaried,1.8963,1.1017,0.4922,Low
C07972,24,21-30,66490.85,721.0,208666.55,19.8,39582.36,5000.0,0,1,22767.99,60,Salaried,3.7336,0.9024,0.3424,Low
C07973,40,31-45,58286.66,575.0,130801.45,14.8,40510.93,5000.0,0,3,10314.01,36,Salaried,2.9391,1.0294,0.177,High
C07974,30,21-30,26343.27,617.0,67145.77,4.2,0.0,5000.0,0,2,12724.03,48,Salaried,2.5489,2.2776,0.483,Medium
C07975,27,21-30,122457.34,648.0,384987.14,9.8,113865.47,5000.0,0,2,41379.98,36,Salaried,4.0737,0.49,0.3379,High
C07976,42,31-45,212554.05,739.0,442857.98,4.6,167490.53,11171.36,0,2,93117.48,24,Salaried,2.8715,0.6307,0.4381,Low
C07977,23,21-30,131489.96,710.0,91900.4,7.2,208444.54,5371.79,0,2,60422.08,48,Salaried,2.2842,0.4902,0.4595,Low
C07978,65,46-65,118087.4,720.0,308956.68,18.0,75567.75,5000.0,0,0,65096.99,36,Salaried,3.2563,0.5081,0.5513,Low
C07979,42,31-45,73607.95,678.0,188319.55,18.1,57729.74,5000.0,0,0,1254.28,36,Salaried,3.3427,0.8151,0.017,Medium
C07980,65,46-65,40884.0,621.0,36965.54,6.2,23759.21,5000.0,0,1,14560.02,48,Salaried,1.4853,1.4676,0.3561,Low
C07981,60,46-65,67645.29,792.0,146860.75,12.7,24286.15,5000.0,1,1,29801.2,12,Salaried,2.5301,0.887,0.4406,Low
C07982,65,46-65,206946.58,,370108.32,4.3,214125.0,10023.07,0,1,25929.33,60,Self-employed,2.8231,0.5812,0.1253,Low
C07983,45,31-45,53559.53,711.0,78367.27,27.0,2266.42,5000.0,0,1,7435.36,36,Self-employed,1.5055,1.1202,0.1388,Low
C07984,40,31-45,50610.59,672.0,138054.45,2.3,26398.61,5000.0,0,1,26892.99,48,Self-employed,3.2494,1.1855,0.5314,Medium
C07985,53,46-65,119510.51,722.0,117843.67,7.1,172210.33,5000.0,0,5,82361.6,24,Salaried,2.427,0.502,0.6892,Low
C07986,24,21-30,123954.5,635.0,161160.81,12.7,177772.23,5000.0,0,0,50779.46,48,Self-employed,2.7343,0.484,0.4097,Low
C07987,58,46-65,40773.86,759.0,62736.36,4.9,21280.42,5000.0,1,1,36903.67,24,Salaried,2.0606,1.4715,0.9051,Low
C07988,35,31-45,56293.03,783.0,127890.76,4.3,38257.52,5000.0,1,0,15196.68,24,Salaried,2.9515,1.0659,0.27,Low
C07989,21,21-30,49320.47,754.0,146333.69,8.7,73052.43,5000.0,0,2,11798.82,48,Salaried,4.4482,1.2165,0.2392,Low
C07990,31,31-45,67539.76,692.0,153125.3,5.8,0.0,5000.0,0,4,45405.76,24,Salaried,2.2672,0.8884,0.6723,Low
C07991,31,31-45,119272.99,647.0,300708.08,2.0,56171.52,5000.0,0,1,19923.43,36,Self-employed,2.9921,0.503,0.167,Medium
C07992,21,21-30,41769.74,850.0,67017.45,8.7,46493.79,5000.0,0,0,24865.98,24,Salaried,2.7175,1.4364,0.5953,Low
C07993,51,46-65,118356.7,606.0,226748.32,12.4,121617.6,5000.0,0,2,36270.51,24,Self-employed,2.9434,0.5069,0.3065,High
C07994,25,21-30,68737.54,746.0,39933.52,7.8,55485.39,5000.0,0,2,10574.41,36,Self-employed,1.3882,0.8729,0.1538,Low
C07995,59,46-65,233642.68,705.0,400846.26,8.6,350000.0,5000.0,0,1,146209.84,36,Salaried,3.2137,0.2568,0.6258,Low
C07996,41,31-45,77458.65,675.0,194345.85,11.3,103137.63,5000.0,2,2,23694.85,60,Self-employed,3.8405,0.7746,0.3059,High
C07997,53,46-65,61625.89,694.0,34518.84,22.6,126062.61,5000.0,0,1,5562.08,36,Self-employed,2.6057,0.9736,0.0903,Medium
C07998,36,31-45,89164.27,642.0,266049.85,6.8,167133.37,5044.48,0,1,40582.44,36,Self-employed,4.8583,0.6789,0.4551,Medium
C07999,26,21-30,53998.53,712.0,89625.63,10.8,5230.28,5000.0,0,4,39427.96,48,Business,1.7566,1.1111,0.7302,Low
C08000,29,21-30,24215.36,704.0,71486.31,8.6,12480.35,5000.0,1,1,1213.13,24,Salaried,3.4675,2.4778,0.0501,High
